age,workclass,fnlwgt,education,education-num,marital-status,occupation,relationship,race,sex,capital-gain,capital-loss,hours-per-week,native-country,class
53,Private,95540,Some-college,10,Divorced,Adm-clerical,Unmarried,White,Female,1471,0,40,United-States,<=50K
35,Private,438176,Assoc-voc,11,Never-married,Other-service,Not-in-family,White,Female,0,0,65,United-States,<=50K
26,Private,133766,HS-grad,9,Married-civ-spouse,Farming-fishing,Husband,White,Male,0,0,70,United-States,<=50K
38,Private,153066,Masters,14,Divorced,Exec-managerial,Not-in-family,White,Male,0,0,45,United-States,>50K
29,Private,48895,HS-grad,9,Never-married,Craft-repair,Not-in-family,White,Male,0,0,50,United-States,<=50K
17,Private,98005,11th,7,Never-married,Sales,Own-child,White,Female,0,0,16,United-States,<=50K
19,Private,272800,12th,8,Never-married,Adm-clerical,Own-child,White,Female,0,0,25,United-States,<=50K
43,Federal-gov,53956,HS-grad,9,Married-civ-spouse,Adm-clerical,Husband,White,Male,0,0,55,United-States,>50K
74,Self-emp-not-inc,292915,Bachelors,13,Married-civ-spouse,Exec-managerial,Husband,White,Male,0,1825,12,United-States,>50K
51,Private,105788,5th-6th,3,Separated,Other-service,Unmarried,Black,Female,0,0,40,Scotland,<=50K
45,Private,213140,10th,6,Married-civ-spouse,Craft-repair,Husband,White,Male,2829,0,40,United-States,<=50K
42,Private,390781,Bachelors,13,Married-civ-spouse,Adm-clerical,Wife,Black,Female,0,0,40,United-States,<=50K
35,Private,111377,HS-grad,9,Separated,Transport-moving,Not-in-family,White,Male,0,0,40,United-States,<=50K
41,Local-gov,307767,HS-grad,9,Married-civ-spouse,Protective-serv,Husband,White,Male,0,0,40,United-States,<=50K
34,Private,225548,Bachelors,13,Married-civ-spouse,Protective-serv,Husband,Black,Male,0,0,30,United-States,<=50K
28,Private,101853,Bachelors,13,Never-married,Handlers-cleaners,Own-child,White,Male,0,0,40,United-States,<=50K
38,Private,259019,HS-grad,9,Married-civ-spouse,Craft-repair,Husband,White,Male,0,0,44,United-States,<=50K
25,Private,355124,HS-grad,9,Never-married,Machine-op-inspct,Not-in-family,White,Female,0,2001,40,Mexico,<=50K
42,Private,220776,HS-grad,9,Separated,Handlers-cleaners,Unmarried,White,Male,0,0,40,Poland,<=50K
47,Private,156926,Bachelors,13,Married-civ-spouse,Exec-managerial,Husband,White,Male,0,0,45,Canada,>50K
45,Private,216414,Bachelors,13,Married-civ-spouse,Adm-clerical,Husband,White,Male,7688,0,50,United-States,>50K
36,State-gov,235779,Bachelors,13,Never-married,Exec-managerial,Not-in-family,White,Female,0,0,40,United-States,<=50K
30,Private,169583,Bachelors,13,Married-AF-spouse,Exec-managerial,Wife,White,Female,0,0,40,United-States,>50K
20,Private,190273,12th,8,Never-married,Other-service,Own-child,White,Male,0,0,35,United-States,<=50K
46,Private,174995,HS-grad,9,Divorced,Adm-clerical,Unmarried,White,Female,0,0,45,United-States,<=50K
26,State-gov,177048,Some-college,10,Married-civ-spouse,Protective-serv,Own-child,Black,Male,0,0,40,United-States,<=50K
53,State-gov,58913,Masters,14,Married-civ-spouse,Exec-managerial,Husband,White,Male,0,0,42,United-States,>50K
43,Private,210844,Bachelors,13,Divorced,Exec-managerial,Not-in-family,Black,Female,0,0,40,United-States,>50K
34,Private,198751,Masters,14,Never-married,Other-service,Not-in-family,Amer-Indian-Eskimo,Male,0,0,40,United-States,<=50K
59,Private,146391,Doctorate,16,Married-civ-spouse,Prof-specialty,Husband,White,Male,0,0,50,United-States,>50K
26,Self-emp-inc,109240,Bachelors,13,Never-married,Exec-managerial,Not-in-family,White,Male,0,0,50,United-States,<=50K
31,Self-emp-not-inc,162442,Bachelors,13,Married-civ-spouse,Exec-managerial,Wife,White,Female,0,0,40,United-States,>50K
26,Local-gov,250551,HS-grad,9,Married-civ-spouse,Craft-repair,Own-child,Black,Male,0,0,40,United-States,<=50K
20,Local-gov,37932,Some-college,10,Never-married,Handlers-cleaners,Not-in-family,White,Male,0,0,40,United-States,<=50K
39,Private,101782,HS-grad,9,Divorced,Sales,Not-in-family,White,Female,0,0,40,United-States,<=50K
56,Private,436651,HS-grad,9,Married-civ-spouse,Farming-fishing,Husband,White,Male,0,0,20,United-States,<=50K
39,Self-emp-inc,163057,Some-college,10,Divorced,Craft-repair,Not-in-family,White,Male,0,0,99,United-States,<=50K
22,Private,298489,Some-college,10,Never-married,Craft-repair,Own-child,White,Male,0,0,40,United-States,<=50K
63,Local-gov,28856,7th-8th,4,Married-civ-spouse,Other-service,Husband,White,Male,0,0,55,United-States,<=50K
37,Self-emp-inc,395831,Bachelors,13,Married-civ-spouse,Exec-managerial,Husband,White,Male,0,0,80,United-States,>50K
42,Private,193995,Some-college,10,Divorced,Craft-repair,Not-in-family,White,Male,0,0,38,United-States,<=50K
46,Self-emp-inc,284799,Some-college,10,Married-civ-spouse,Sales,Husband,White,Male,0,0,60,United-States,<=50K
41,Private,510072,Bachelors,13,Married-civ-spouse,Prof-specialty,Husband,White,Male,0,0,40,United-States,>50K
67,Self-emp-inc,171564,HS-grad,9,Married-civ-spouse,Prof-specialty,Wife,White,Female,20051,0,30,England,>50K
61,Self-emp-not-inc,220342,7th-8th,4,Married-civ-spouse,Transport-moving,Husband,White,Male,0,0,30,United-States,<=50K
60,Private,113440,Bachelors,13,Divorced,Exec-managerial,Own-child,White,Male,0,0,60,United-States,<=50K
21,Private,319163,Some-college,10,Never-married,Transport-moving,Own-child,Black,Male,0,0,40,United-States,<=50K
38,Private,223433,HS-grad,9,Never-married,Machine-op-inspct,Not-in-family,White,Male,0,0,40,United-States,<=50K
34,Self-emp-inc,265917,HS-grad,9,Married-civ-spouse,Exec-managerial,Husband,White,Male,0,0,40,United-States,>50K
39,Private,90646,Assoc-voc,11,Divorced,Adm-clerical,Unmarried,White,Female,0,0,40,United-States,<=50K
43,Private,186188,Some-college,10,Divorced,Exec-managerial,Unmarried,White,Female,0,0,45,Iran,<=50K
60,Local-gov,165982,Masters,14,Married-civ-spouse,Exec-managerial,Husband,White,Male,0,0,50,United-States,>50K
23,Private,377121,Some-college,10,Never-married,Other-service,Unmarried,White,Female,0,0,25,United-States,<=50K
27,Private,287476,HS-grad,9,Never-married,Craft-repair,Not-in-family,Black,Male,3325,0,40,United-States,<=50K
51,Private,228516,HS-grad,9,Married-spouse-absent,Craft-repair,Not-in-family,White,Male,0,0,45,Columbia,<=50K
41,Private,97632,Some-college,10,Divorced,Sales,Not-in-family,Asian-Pac-Islander,Female,0,0,32,United-States,<=50K
34,Private,346122,HS-grad,9,Never-married,Tech-support,Not-in-family,White,Male,0,0,40,United-States,<=50K
56,Private,192869,Masters,14,Married-civ-spouse,Craft-repair,Husband,White,Male,0,1977,44,United-States,>50K
62,Private,142769,Some-college,10,Married-civ-spouse,Protective-serv,Husband,White,Male,0,0,40,United-States,<=50K
33,Private,164190,Masters,14,Never-married,Prof-specialty,Own-child,White,Male,0,0,20,United-States,<=50K
37,Private,248919,1st-4th,2,Married-civ-spouse,Adm-clerical,Husband,White,Male,0,0,66,Mexico,<=50K
36,Self-emp-not-inc,405644,HS-grad,9,Married-civ-spouse,Craft-repair,Husband,White,Male,0,0,35,Mexico,<=50K
48,Self-emp-not-inc,97883,HS-grad,9,Separated,Other-service,Other-relative,White,Female,0,0,25,United-States,<=50K
18,Private,577521,11th,7,Never-married,Sales,Own-child,White,Male,0,0,13,United-States,<=50K
20,Private,110597,Some-college,10,Never-married,Sales,Own-child,White,Female,0,0,30,United-States,<=50K
60,Private,349898,HS-grad,9,Widowed,Other-service,Not-in-family,White,Female,0,0,44,United-States,<=50K
50,Self-emp-inc,204447,Some-college,10,Divorced,Protective-serv,Not-in-family,White,Male,0,0,40,United-States,<=50K
23,Private,91189,Some-college,10,Married-civ-spouse,Tech-support,Husband,White,Male,0,0,40,United-States,<=50K
61,Private,215766,Bachelors,13,Married-civ-spouse,Exec-managerial,Husband,White,Male,0,0,50,United-States,>50K
40,State-gov,151038,Bachelors,13,Divorced,Craft-repair,Not-in-family,White,Male,0,0,40,United-States,<=50K
27,Private,132686,12th,8,Never-married,Machine-op-inspct,Own-child,White,Male,0,0,50,United-States,<=50K
35,Private,261646,HS-grad,9,Married-civ-spouse,Protective-serv,Husband,White,Male,0,0,55,United-States,<=50K
21,Private,131473,Some-college,10,Never-married,Sales,Own-child,Asian-Pac-Islander,Male,0,0,20,Vietnam,<=50K
58,Local-gov,137249,HS-grad,9,Divorced,Exec-managerial,Not-in-family,White,Male,0,0,33,United-States,<=50K
36,Private,33355,Some-college,10,Never-married,Other-service,Own-child,White,Male,0,0,45,United-States,<=50K
42,Private,269028,Doctorate,16,Married-civ-spouse,Prof-specialty,Husband,White,Male,0,0,40,France,<=50K
18,Private,126125,HS-grad,9,Never-married,Other-service,Own-child,White,Male,0,0,20,United-States,<=50K
24,Private,236149,HS-grad,9,Never-married,Exec-managerial,Own-child,White,Female,0,0,50,United-States,<=50K
66,Self-emp-not-inc,197816,Bachelors,13,Married-civ-spouse,Exec-managerial,Husband,White,Male,0,0,17,United-States,>50K
41,Private,325159,Bachelors,13,Married-civ-spouse,Adm-clerical,Husband,White,Male,0,0,50,United-States,<=50K
41,Private,233955,Masters,14,Married-civ-spouse,Prof-specialty,Husband,Asian-Pac-Islander,Male,0,0,45,China,>50K
28,Private,196674,HS-grad,9,Married-civ-spouse,Machine-op-inspct,Husband,White,Male,0,0,45,United-States,<=50K
41,Private,144925,Some-college,10,Divorced,Craft-repair,Not-in-family,White,Male,0,0,40,United-States,<=50K
27,Private,100079,HS-grad,9,Never-married,Other-service,Not-in-family,Asian-Pac-Islander,Male,0,0,60,China,<=50K
59,Private,138370,10th,6,Married-spouse-absent,Protective-serv,Not-in-family,Asian-Pac-Islander,Male,0,0,40,India,<=50K
22,Private,119474,HS-grad,9,Never-married,Sales,Own-child,White,Female,1055,0,25,United-States,<=50K
61,Private,95500,HS-grad,9,Married-civ-spouse,Transport-moving,Husband,White,Male,0,0,40,United-States,<=50K
34,Local-gov,80411,Some-college,10,Married-civ-spouse,Protective-serv,Husband,White,Male,0,0,40,United-States,<=50K
47,Self-emp-not-inc,159399,Assoc-voc,11,Married-civ-spouse,Other-service,Husband,White,Male,0,0,45,United-States,<=50K
50,Private,155574,Assoc-acdm,12,Married-civ-spouse,Transport-moving,Husband,White,Male,0,0,55,United-States,>50K
42,Self-emp-not-inc,67065,HS-grad,9,Married-civ-spouse,Farming-fishing,Husband,White,Male,0,0,60,United-States,<=50K
42,Local-gov,189956,Bachelors,13,Divorced,Prof-specialty,Unmarried,Black,Female,0,0,30,United-States,<=50K
23,Private,124259,Some-college,10,Never-married,Protective-serv,Own-child,Black,Female,0,0,40,United-States,<=50K
53,Self-emp-not-inc,257940,7th-8th,4,Married-civ-spouse,Machine-op-inspct,Husband,White,Male,0,0,40,United-States,<=50K
60,Local-gov,101110,Assoc-voc,11,Divorced,Prof-specialty,Unmarried,White,Male,0,0,40,United-States,>50K
51,Local-gov,97005,7th-8th,4,Married-civ-spouse,Transport-moving,Husband,White,Male,0,0,40,United-States,<=50K
33,Private,187802,Bachelors,13,Married-civ-spouse,Adm-clerical,Wife,White,Female,0,1887,40,United-States,>50K
30,Private,157911,Some-college,10,Married-civ-spouse,Adm-clerical,Wife,White,Female,0,0,40,United-States,>50K
24,Private,96844,Some-college,10,Never-married,Adm-clerical,Not-in-family,White,Female,0,0,17,United-States,<=50K
22,Private,24896,HS-grad,9,Divorced,Tech-support,Unmarried,White,Female,0,0,30,Germany,<=50K
57,Private,36091,HS-grad,9,Separated,Other-service,Unmarried,Amer-Indian-Eskimo,Female,0,0,40,United-States,<=50K
28,Private,410450,Bachelors,13,Divorced,Other-service,Unmarried,White,Female,0,0,48,England,>50K
62,Private,162245,Prof-school,15,Married-civ-spouse,Prof-specialty,Husband,White,Male,0,1628,70,United-States,<=50K
31,Private,137681,Some-college,10,Married-civ-spouse,Other-service,Husband,White,Male,0,0,40,United-States,<=50K
42,Federal-gov,33521,Bachelors,13,Married-civ-spouse,Prof-specialty,Husband,White,Male,0,0,40,United-States,<=50K
54,State-gov,198186,HS-grad,9,Never-married,Other-service,Not-in-family,Black,Female,0,0,38,United-States,<=50K
20,Private,298227,Some-college,10,Never-married,Sales,Not-in-family,White,Male,0,0,35,United-States,<=50K
40,Private,255675,Some-college,10,Married-civ-spouse,Prof-specialty,Husband,White,Male,0,0,40,United-States,>50K
36,Self-emp-inc,298624,Some-college,10,Married-civ-spouse,Exec-managerial,Husband,White,Male,0,0,30,United-States,>50K
23,Private,95989,Some-college,10,Never-married,Other-service,Own-child,White,Female,0,0,30,United-States,<=50K
45,Local-gov,185399,Masters,14,Divorced,Prof-specialty,Own-child,White,Female,0,0,55,United-States,<=50K
77,Private,89655,HS-grad,9,Widowed,Adm-clerical,Not-in-family,White,Female,0,0,40,United-States,<=50K
54,Private,229375,Some-college,10,Widowed,Sales,Unmarried,White,Female,0,0,40,United-States,<=50K
48,State-gov,355320,Assoc-voc,11,Married-civ-spouse,Exec-managerial,Husband,White,Male,0,0,15,Germany,>50K
46,Self-emp-not-inc,254291,Some-college,10,Married-civ-spouse,Sales,Husband,White,Male,0,0,60,United-States,>50K
40,Private,174090,Assoc-voc,11,Never-married,Sales,Unmarried,White,Female,4687,0,50,United-States,>50K
46,Private,403911,Assoc-voc,11,Married-civ-spouse,Craft-repair,Husband,Black,Male,0,0,40,United-States,>50K
36,Private,104772,HS-grad,9,Married-civ-spouse,Craft-repair,Husband,White,Male,0,0,40,United-States,>50K
34,Local-gov,362775,10th,6,Married-civ-spouse,Other-service,Wife,Amer-Indian-Eskimo,Female,0,0,30,United-States,<=50K
48,Private,107231,Bachelors,13,Married-civ-spouse,Prof-specialty,Husband,White,Male,0,0,40,United-States,<=50K
25,Private,178478,Bachelors,13,Never-married,Tech-support,Own-child,White,Female,0,0,40,United-States,<=50K
23,Private,48988,Some-college,10,Never-married,Adm-clerical,Not-in-family,White,Male,0,0,50,United-States,<=50K
28,Private,175262,HS-grad,9,Married-civ-spouse,Machine-op-inspct,Own-child,White,Male,0,0,40,United-States,<=50K
53,Private,31588,Bachelors,13,Married-civ-spouse,Prof-specialty,Husband,White,Male,0,0,52,United-States,>50K
53,Private,47396,Some-college,10,Married-civ-spouse,Adm-clerical,Husband,White,Male,0,0,50,United-States,>50K
38,Federal-gov,48123,Some-college,10,Divorced,Exec-managerial,Not-in-family,White,Female,0,0,40,United-States,<=50K
32,State-gov,316589,Masters,14,Married-civ-spouse,Exec-managerial,Husband,White,Male,0,0,40,United-States,>50K
21,Private,323497,HS-grad,9,Never-married,Other-service,Own-child,Black,Male,0,0,36,United-States,<=50K
32,Self-emp-inc,204470,Some-college,10,Married-civ-spouse,Sales,Husband,White,Male,0,0,99,United-States,>50K
18,Private,42857,Some-college,10,Never-married,Sales,Own-child,White,Female,0,0,20,United-States,<=50K
33,Self-emp-not-inc,295591,1st-4th,2,Married-spouse-absent,Craft-repair,Not-in-family,White,Male,0,0,40,Mexico,<=50K
18,Private,60981,Some-college,10,Never-married,Sales,Own-child,White,Female,2176,0,35,United-States,<=50K
61,Private,183355,HS-grad,9,Married-civ-spouse,Adm-clerical,Husband,White,Male,0,0,40,United-States,>50K
29,Private,88432,Assoc-voc,11,Married-civ-spouse,Craft-repair,Husband,White,Male,0,0,50,United-States,<=50K
50,Self-emp-not-inc,196504,Doctorate,16,Married-civ-spouse,Prof-specialty,Husband,White,Male,0,0,23,United-States,<=50K
51,Private,220537,HS-grad,9,Divorced,Machine-op-inspct,Not-in-family,White,Female,0,0,40,United-States,<=50K
28,Private,196621,HS-grad,9,Married-spouse-absent,Tech-support,Not-in-family,White,Female,0,0,37,United-States,<=50K
34,Private,398988,Bachelors,13,Never-married,Sales,Not-in-family,White,Male,0,0,40,United-States,<=50K
59,Private,21792,HS-grad,9,Widowed,Other-service,Not-in-family,White,Female,0,0,10,United-States,<=50K
61,Private,160431,HS-grad,9,Widowed,Other-service,Unmarried,White,Female,0,0,40,United-States,<=50K
42,Private,183765,Some-college,10,Married-civ-spouse,Sales,Husband,White,Male,0,0,50,United-States,<=50K
30,Private,123833,9th,5,Never-married,Machine-op-inspct,Not-in-family,White,Male,0,0,40,United-States,<=50K
26,State-gov,294400,HS-grad,9,Married-civ-spouse,Protective-serv,Husband,White,Male,0,0,38,United-States,<=50K
27,Private,177955,Bachelors,13,Never-married,Tech-support,Own-child,White,Female,0,0,40,Mexico,<=50K
22,Private,177107,Assoc-voc,11,Never-married,Prof-specialty,Unmarried,Black,Female,0,0,35,United-States,<=50K
43,Private,38946,Bachelors,13,Married-civ-spouse,Prof-specialty,Husband,White,Male,0,0,50,United-States,>50K
54,Private,99434,HS-grad,9,Married-civ-spouse,Exec-managerial,Husband,White,Male,0,0,40,United-States,>50K
23,State-gov,35633,Some-college,10,Never-married,Other-service,Not-in-family,White,Male,0,0,50,United-States,<=50K
22,Private,266780,HS-grad,9,Never-married,Other-service,Own-child,Black,Female,0,0,24,United-States,<=50K
42,Private,378384,Prof-school,15,Married-civ-spouse,Prof-specialty,Husband,White,Male,0,1902,60,United-States,>50K
33,Private,62155,Some-college,10,Never-married,Sales,Not-in-family,Black,Male,0,0,35,United-States,<=50K
43,Local-gov,147328,Masters,14,Married-civ-spouse,Exec-managerial,Husband,White,Male,0,1977,60,United-States,>50K
45,Private,184441,7th-8th,4,Never-married,Machine-op-inspct,Unmarried,White,Female,0,0,42,United-States,<=50K
39,Private,114591,Some-college,10,Separated,Prof-specialty,Unmarried,White,Female,0,0,40,United-States,<=50K
37,Private,210830,Assoc-voc,11,Divorced,Prof-specialty,Unmarried,White,Female,0,0,38,United-States,<=50K
35,State-gov,483530,Some-college,10,Divorced,Tech-support,Unmarried,White,Female,0,0,40,United-States,<=50K
33,State-gov,43716,Some-college,10,Married-civ-spouse,Craft-repair,Husband,White,Male,0,0,4,United-States,<=50K
25,Private,165817,Bachelors,13,Never-married,Exec-managerial,Own-child,White,Male,0,0,40,United-States,<=50K
37,Private,211168,Some-college,10,Married-civ-spouse,Tech-support,Wife,White,Female,0,0,35,United-States,<=50K
55,Private,143030,HS-grad,9,Divorced,Machine-op-inspct,Not-in-family,White,Female,0,0,40,United-States,<=50K
28,Local-gov,146949,HS-grad,9,Married-civ-spouse,Handlers-cleaners,Husband,White,Male,0,0,40,United-States,<=50K
21,Private,129699,HS-grad,9,Never-married,Adm-clerical,Not-in-family,White,Male,0,0,40,United-States,<=50K
20,Private,266467,HS-grad,9,Married-civ-spouse,Craft-repair,Husband,White,Male,0,0,40,United-States,<=50K
19,Private,129620,10th,6,Never-married,Other-service,Other-relative,White,Female,0,0,30,United-States,<=50K
55,Private,125000,HS-grad,9,Married-civ-spouse,Machine-op-inspct,Husband,White,Male,0,0,40,United-States,>50K
35,Private,24106,Some-college,10,Married-civ-spouse,Exec-managerial,Husband,White,Male,0,0,40,United-States,>50K
24,Private,395297,Some-college,10,Never-married,Other-service,Unmarried,White,Female,0,0,30,Japan,<=50K
31,Private,29662,Some-college,10,Never-married,Sales,Not-in-family,White,Female,0,0,60,United-States,<=50K
49,Private,160187,9th,5,Married-spouse-absent,Other-service,Not-in-family,Black,Female,0,0,16,Jamaica,<=50K
39,Private,219483,Bachelors,13,Married-civ-spouse,Prof-specialty,Wife,White,Female,5013,0,32,United-States,<=50K
42,Private,149546,Some-college,10,Divorced,Craft-repair,Unmarried,White,Male,0,0,30,United-States,<=50K
61,Private,208919,Masters,14,Married-civ-spouse,Sales,Husband,White,Male,0,0,60,United-States,>50K
45,Self-emp-inc,139268,Bachelors,13,Married-civ-spouse,Sales,Husband,White,Male,0,0,60,United-States,>50K
26,Private,163747,Bachelors,13,Never-married,Sales,Not-in-family,White,Female,0,0,55,United-States,<=50K
45,Private,160428,Assoc-acdm,12,Divorced,Prof-specialty,Unmarried,White,Female,0,0,43,United-States,<=50K
47,Private,190072,Some-college,10,Divorced,Sales,Unmarried,White,Male,0,0,50,United-States,<=50K
63,Private,163809,Some-college,10,Widowed,Sales,Not-in-family,White,Female,0,0,20,United-States,<=50K
41,Private,222142,Some-college,10,Married-civ-spouse,Craft-repair,Husband,White,Male,3464,0,40,United-States,<=50K
27,Private,244751,HS-grad,9,Never-married,Adm-clerical,Own-child,Other,Male,0,0,40,United-States,<=50K
36,Self-emp-not-inc,136028,9th,5,Married-civ-spouse,Craft-repair,Husband,White,Male,0,0,30,United-States,<=50K
49,Private,139268,HS-grad,9,Married-civ-spouse,Craft-repair,Husband,White,Male,7298,0,40,United-States,>50K
31,Local-gov,188798,Bachelors,13,Never-married,Exec-managerial,Not-in-family,White,Female,0,0,50,United-States,<=50K
64,Private,104973,HS-grad,9,Married-civ-spouse,Adm-clerical,Husband,White,Male,0,0,45,United-States,>50K
31,Private,156493,HS-grad,9,Never-married,Prof-specialty,Own-child,White,Male,0,0,40,United-States,<=50K
39,Private,153976,Some-college,10,Married-civ-spouse,Machine-op-inspct,Husband,White,Male,0,0,40,United-States,<=50K
40,Self-emp-not-inc,175943,Assoc-voc,11,Married-civ-spouse,Prof-specialty,Wife,White,Female,0,1977,15,United-States,>50K
45,Private,170099,Some-college,10,Divorced,Craft-repair,Not-in-family,White,Male,0,0,40,United-States,<=50K
51,Self-emp-not-inc,168539,Assoc-acdm,12,Married-civ-spouse,Exec-managerial,Husband,White,Male,0,0,40,United-States,<=50K
65,Self-emp-not-inc,135517,7th-8th,4,Married-civ-spouse,Craft-repair,Husband,White,Male,0,0,40,United-States,<=50K
37,Private,191524,Assoc-voc,11,Separated,Prof-specialty,Own-child,White,Female,0,0,38,United-States,<=50K
41,Private,41090,HS-grad,9,Married-civ-spouse,Craft-repair,Husband,White,Male,0,2002,60,United-States,<=50K
48,Private,99835,Assoc-acdm,12,Married-civ-spouse,Exec-managerial,Husband,White,Male,0,0,50,United-States,>50K
40,Self-emp-inc,64885,Masters,14,Married-civ-spouse,Sales,Husband,White,Male,0,0,70,United-States,>50K
33,Private,186993,Bachelors,13,Married-civ-spouse,Prof-specialty,Husband,White,Male,0,0,51,United-States,<=50K
29,State-gov,199450,Some-college,10,Divorced,Adm-clerical,Unmarried,Black,Male,0,0,40,United-States,<=50K
23,Private,311376,Assoc-voc,11,Never-married,Adm-clerical,Not-in-family,White,Female,0,0,40,United-States,<=50K
50,Federal-gov,32801,Bachelors,13,Married-civ-spouse,Exec-managerial,Wife,Amer-Indian-Eskimo,Female,0,0,40,United-States,>50K
54,Private,133963,Some-college,10,Widowed,Sales,Unmarried,White,Female,0,0,20,United-States,<=50K
41,Local-gov,193553,Some-college,10,Married-civ-spouse,Protective-serv,Husband,Black,Male,0,0,64,United-States,>50K
45,Private,77764,Assoc-acdm,12,Married-civ-spouse,Craft-repair,Husband,White,Male,0,0,40,United-States,<=50K
34,Private,162604,HS-grad,9,Never-married,Craft-repair,Other-relative,Black,Male,0,0,40,United-States,<=50K
49,Private,209057,Bachelors,13,Married-civ-spouse,Sales,Husband,White,Male,0,0,60,United-States,>50K
21,Private,197583,Some-college,10,Never-married,Adm-clerical,Own-child,White,Female,0,0,20,United-States,<=50K
28,Private,149652,10th,6,Never-married,Other-service,Own-child,Black,Female,0,0,30,United-States,<=50K
63,Private,134960,HS-grad,9,Married-civ-spouse,Sales,Husband,White,Male,0,0,40,Scotland,<=50K
34,Private,356882,Some-college,10,Married-civ-spouse,Sales,Husband,White,Male,0,0,45,United-States,>50K
37,Local-gov,265038,Prof-school,15,Married-civ-spouse,Prof-specialty,Husband,White,Male,0,0,60,United-States,>50K
78,Self-emp-not-inc,59583,7th-8th,4,Married-civ-spouse,Farming-fishing,Husband,White,Male,0,0,25,United-States,<=50K
30,Private,277314,HS-grad,9,Separated,Machine-op-inspct,Not-in-family,Black,Male,0,0,40,United-States,<=50K
30,Private,113364,Bachelors,13,Never-married,Sales,Own-child,White,Male,0,0,18,United-States,<=50K
33,Private,97521,HS-grad,9,Never-married,Adm-clerical,Own-child,White,Male,0,0,40,United-States,<=50K
26,Private,125680,Bachelors,13,Never-married,Prof-specialty,Not-in-family,Asian-Pac-Islander,Male,0,0,16,Japan,<=50K
39,Private,127573,HS-grad,9,Never-married,Adm-clerical,Not-in-family,White,Female,0,0,40,United-States,<=50K
24,Local-gov,244413,HS-grad,9,Never-married,Adm-clerical,Own-child,Black,Male,0,0,35,Dominican-Republic,<=50K
58,Private,31732,Some-college,10,Married-civ-spouse,Sales,Husband,White,Male,0,0,45,United-States,>50K
43,Private,187728,Some-college,10,Married-civ-spouse,Prof-specialty,Wife,White,Female,0,1887,50,United-States,>50K
20,Private,228452,Some-college,10,Never-married,Sales,Not-in-family,White,Male,0,0,50,United-States,<=50K
20,Private,270436,HS-grad,9,Never-married,Machine-op-inspct,Own-child,White,Male,0,0,40,United-States,<=50K
47,Self-emp-inc,77660,Some-college,10,Married-civ-spouse,Exec-managerial,Husband,White,Male,15024,0,50,United-States,>50K
34,Private,61308,HS-grad,9,Married-civ-spouse,Exec-managerial,Husband,White,Male,0,0,45,United-States,<=50K
20,Private,420973,Some-college,10,Never-married,Adm-clerical,Own-child,White,Female,0,0,20,United-States,<=50K
45,State-gov,255456,Masters,14,Married-civ-spouse,Prof-specialty,Husband,Asian-Pac-Islander,Male,0,0,50,India,>50K
34,Private,418020,Doctorate,16,Married-civ-spouse,Prof-specialty,Husband,White,Male,0,0,50,United-States,>50K
37,Private,115429,HS-grad,9,Married-civ-spouse,Craft-repair,Husband,White,Male,0,0,25,United-States,<=50K
46,Private,129232,Bachelors,13,Married-civ-spouse,Sales,Husband,White,Male,0,0,55,United-States,>50K
66,Local-gov,188220,HS-grad,9,Widowed,Adm-clerical,Unmarried,White,Female,0,0,35,United-States,>50K
27,Self-emp-not-inc,208406,Bachelors,13,Married-civ-spouse,Exec-managerial,Husband,White,Male,0,0,60,United-States,>50K
24,Private,235071,11th,7,Married-civ-spouse,Craft-repair,Husband,White,Male,0,0,50,United-States,>50K
41,Self-emp-not-inc,167081,Masters,14,Married-civ-spouse,Prof-specialty,Husband,White,Male,0,2415,55,United-States,>50K
41,Private,76625,Assoc-acdm,12,Married-civ-spouse,Prof-specialty,Husband,White,Male,0,0,40,United-States,>50K
47,Private,198901,HS-grad,9,Married-civ-spouse,Craft-repair,Husband,White,Male,0,0,48,United-States,<=50K
46,Local-gov,165484,Assoc-acdm,12,Married-civ-spouse,Exec-managerial,Husband,White,Male,0,0,44,United-States,>50K
35,Private,54595,10th,6,Widowed,Other-service,Not-in-family,Black,Female,0,1980,40,United-States,<=50K
65,Private,192133,HS-grad,9,Married-civ-spouse,Craft-repair,Husband,White,Male,2290,0,40,Greece,<=50K
38,Local-gov,115076,Masters,14,Married-civ-spouse,Exec-managerial,Husband,White,Male,0,0,70,United-States,>50K
17,Private,99237,11th,7,Never-married,Handlers-cleaners,Own-child,White,Male,0,0,30,United-States,<=50K
23,Private,235894,11th,7,Married-civ-spouse,Exec-managerial,Husband,White,Male,0,0,55,United-States,<=50K
24,Private,211160,Some-college,10,Married-civ-spouse,Sales,Husband,White,Male,0,0,40,United-States,<=50K
49,Private,380922,Masters,14,Married-civ-spouse,Exec-managerial,Husband,White,Male,15024,0,80,United-States,>50K
27,Self-emp-not-inc,207948,Some-college,10,Never-married,Other-service,Not-in-family,Black,Male,0,0,40,United-States,<=50K
40,Private,190122,Some-college,10,Separated,Adm-clerical,Not-in-family,White,Female,0,0,40,United-States,<=50K
40,Private,510072,Bachelors,13,Married-civ-spouse,Sales,Husband,White,Male,0,0,55,United-States,>50K
40,Private,260696,HS-grad,9,Never-married,Adm-clerical,Not-in-family,White,Female,0,0,40,United-States,<=50K
55,Private,106740,HS-grad,9,Married-civ-spouse,Exec-managerial,Husband,White,Male,0,0,40,United-States,>50K
28,Private,298696,Bachelors,13,Never-married,Adm-clerical,Own-child,White,Female,0,0,40,United-States,<=50K
59,Private,277034,HS-grad,9,Divorced,Tech-support,Unmarried,White,Male,0,0,60,United-States,>50K
55,Private,208019,5th-6th,3,Married-civ-spouse,Machine-op-inspct,Husband,White,Male,0,0,40,Mexico,<=50K
42,Private,266084,Some-college,10,Married-civ-spouse,Craft-repair,Husband,White,Male,7298,0,45,United-States,>50K
33,Private,96480,Assoc-voc,11,Married-civ-spouse,Prof-specialty,Wife,White,Female,7688,0,40,United-States,>50K
35,Private,415167,Bachelors,13,Married-civ-spouse,Exec-managerial,Husband,White,Male,0,0,60,United-States,>50K
28,Private,181466,HS-grad,9,Never-married,Machine-op-inspct,Own-child,White,Male,0,0,40,United-States,<=50K
26,Local-gov,150553,Bachelors,13,Never-married,Adm-clerical,Own-child,Asian-Pac-Islander,Female,0,0,50,United-States,<=50K
55,Private,193130,HS-grad,9,Married-civ-spouse,Handlers-cleaners,Husband,White,Male,0,1887,40,United-States,>50K
22,Private,239806,Assoc-voc,11,Never-married,Other-service,Other-relative,White,Female,0,0,40,Mexico,<=50K
45,Private,99355,HS-grad,9,Married-civ-spouse,Protective-serv,Husband,Black,Male,0,0,40,United-States,>50K
35,Private,97136,Some-college,10,Never-married,Other-service,Unmarried,Black,Female,0,0,37,United-States,<=50K
21,Private,164991,HS-grad,9,Divorced,Sales,Unmarried,Amer-Indian-Eskimo,Female,0,0,38,United-States,<=50K
59,Private,168569,Prof-school,15,Never-married,Prof-specialty,Not-in-family,White,Male,0,0,50,United-States,<=50K
68,State-gov,420526,Masters,14,Widowed,Prof-specialty,Not-in-family,White,Female,0,0,5,United-States,<=50K
35,Private,177449,Bachelors,13,Married-civ-spouse,Sales,Husband,White,Male,0,1887,52,United-States,>50K
40,Private,367533,Some-college,10,Married-civ-spouse,Machine-op-inspct,Husband,White,Male,2580,0,40,United-States,<=50K
17,Private,86019,11th,7,Never-married,Sales,Not-in-family,White,Female,0,0,36,United-States,<=50K
57,Federal-gov,425161,Masters,14,Married-civ-spouse,Sales,Husband,White,Male,15024,0,40,United-States,>50K
60,Private,25141,Some-college,10,Married-civ-spouse,Transport-moving,Husband,White,Male,0,0,60,United-States,<=50K
28,Private,297735,Some-college,10,Married-civ-spouse,Machine-op-inspct,Husband,White,Male,0,0,40,United-States,>50K
50,State-gov,139157,Masters,14,Divorced,Prof-specialty,Not-in-family,White,Male,0,0,60,United-States,>50K
21,Private,108687,Some-college,10,Never-married,Sales,Own-child,White,Female,0,0,40,United-States,<=50K
47,Self-emp-not-inc,190072,Some-college,10,Married-civ-spouse,Craft-repair,Husband,White,Male,0,0,40,Iran,>50K
39,Private,57691,HS-grad,9,Separated,Exec-managerial,Not-in-family,White,Male,0,2258,70,United-States,<=50K
54,Private,68684,HS-grad,9,Married-civ-spouse,Craft-repair,Husband,White,Male,0,0,44,United-States,<=50K
47,State-gov,185400,HS-grad,9,Married-civ-spouse,Exec-managerial,Husband,White,Male,0,0,40,United-States,>50K
33,Self-emp-inc,137421,HS-grad,9,Married-civ-spouse,Sales,Husband,Asian-Pac-Islander,Male,0,0,45,South,<=50K
58,Self-emp-inc,78104,HS-grad,9,Married-civ-spouse,Exec-managerial,Husband,White,Male,0,0,45,United-States,<=50K
35,State-gov,184659,HS-grad,9,Married-civ-spouse,Craft-repair,Husband,White,Male,0,1485,40,United-States,>50K
49,Federal-gov,106207,Bachelors,13,Married-civ-spouse,Adm-clerical,Husband,White,Male,0,0,40,United-States,<=50K
52,Self-emp-not-inc,103794,Assoc-voc,11,Divorced,Prof-specialty,Not-in-family,White,Female,0,0,35,United-States,<=50K
38,Self-emp-not-inc,103474,Bachelors,13,Never-married,Other-service,Own-child,White,Female,0,0,20,United-States,<=50K
27,Private,47907,Bachelors,13,Never-married,Prof-specialty,Not-in-family,White,Female,0,0,48,United-States,<=50K
39,Private,154897,HS-grad,9,Never-married,Exec-managerial,Own-child,White,Female,0,0,50,United-States,<=50K
54,Private,167552,1st-4th,2,Married-civ-spouse,Craft-repair,Husband,Black,Male,0,0,40,Haiti,>50K
38,Private,28887,11th,7,Married-civ-spouse,Sales,Husband,White,Male,0,0,50,United-States,<=50K
58,Local-gov,33386,Some-college,10,Widowed,Adm-clerical,Other-relative,White,Female,0,0,25,United-States,<=50K
71,Private,244688,7th-8th,4,Married-civ-spouse,Transport-moving,Husband,White,Male,6514,0,40,United-States,>50K
56,Private,37394,Masters,14,Married-civ-spouse,Exec-managerial,Husband,White,Male,0,0,40,United-States,<=50K
42,Local-gov,142049,Some-college,10,Divorced,Tech-support,Unmarried,White,Female,0,0,32,United-States,<=50K
47,Private,362654,HS-grad,9,Married-civ-spouse,Machine-op-inspct,Husband,White,Male,0,0,40,United-States,<=50K
23,Private,125491,Some-college,10,Never-married,Other-service,Not-in-family,Asian-Pac-Islander,Female,0,0,35,Vietnam,<=50K
32,Private,134737,Bachelors,13,Married-civ-spouse,Prof-specialty,Husband,White,Male,99999,0,50,United-States,>50K
45,State-gov,207847,Some-college,10,Never-married,Adm-clerical,Unmarried,White,Female,0,0,40,United-States,<=50K
31,Private,223046,HS-grad,9,Married-civ-spouse,Transport-moving,Husband,White,Male,0,0,60,United-States,<=50K
52,Private,203635,HS-grad,9,Married-civ-spouse,Handlers-cleaners,Husband,White,Male,0,0,40,United-States,>50K
38,Private,91039,Bachelors,13,Married-civ-spouse,Sales,Husband,White,Male,15024,0,60,United-States,>50K
35,Private,217605,HS-grad,9,Married-civ-spouse,Handlers-cleaners,Wife,White,Female,0,0,40,United-States,<=50K
36,Private,104089,Assoc-voc,11,Never-married,Farming-fishing,Own-child,White,Male,0,0,40,United-States,<=50K
46,Local-gov,114160,Masters,14,Married-civ-spouse,Exec-managerial,Husband,White,Male,0,1902,45,United-States,>50K
52,Private,618130,HS-grad,9,Divorced,Other-service,Own-child,Black,Female,0,0,40,United-States,<=50K
46,Private,465974,11th,7,Never-married,Transport-moving,Own-child,White,Male,0,0,30,United-States,<=50K
36,Private,117381,Bachelors,13,Married-civ-spouse,Prof-specialty,Husband,White,Male,0,0,55,United-States,>50K
52,Private,190333,Some-college,10,Married-civ-spouse,Adm-clerical,Husband,White,Male,0,0,40,United-States,>50K
54,Private,94055,Bachelors,13,Married-civ-spouse,Other-service,Husband,White,Male,0,0,40,United-States,<=50K
38,Private,40319,Some-college,10,Divorced,Exec-managerial,Not-in-family,White,Female,0,0,42,United-States,<=50K
47,Private,503454,12th,8,Never-married,Adm-clerical,Other-relative,Black,Female,0,0,40,United-States,<=50K
37,Private,38468,Some-college,10,Never-married,Adm-clerical,Not-in-family,White,Female,0,0,40,United-States,<=50K
45,Private,270842,Some-college,10,Divorced,Other-service,Not-in-family,White,Female,0,0,40,United-States,<=50K
28,Private,108569,Bachelors,13,Married-civ-spouse,Prof-specialty,Husband,White,Male,0,0,43,United-States,<=50K
35,Local-gov,215419,Some-college,10,Divorced,Adm-clerical,Unmarried,White,Female,0,0,40,United-States,<=50K
45,Private,194698,Some-college,10,Married-civ-spouse,Craft-repair,Husband,White,Male,0,0,40,United-States,>50K
37,Private,70282,Assoc-acdm,12,Never-married,Sales,Unmarried,Black,Female,0,0,40,United-States,<=50K
23,Private,325596,Some-college,10,Never-married,Machine-op-inspct,Not-in-family,White,Male,0,0,40,United-States,<=50K
17,Private,116267,12th,8,Never-married,Craft-repair,Own-child,White,Male,0,0,15,Columbia,<=50K
57,Self-emp-not-inc,321456,HS-grad,9,Married-civ-spouse,Farming-fishing,Husband,White,Male,0,0,20,United-States,<=50K
31,Private,109055,HS-grad,9,Married-civ-spouse,Farming-fishing,Husband,White,Male,3137,0,45,United-States,<=50K
24,State-gov,147548,Masters,14,Never-married,Prof-specialty,Not-in-family,White,Female,0,0,20,United-States,<=50K
33,Private,177727,HS-grad,9,Married-civ-spouse,Sales,Husband,White,Male,0,0,40,United-States,>50K
54,Self-emp-inc,149650,HS-grad,9,Divorced,Other-service,Not-in-family,White,Male,0,0,40,Canada,<=50K
31,Private,263796,10th,6,Married-civ-spouse,Transport-moving,Husband,White,Male,0,0,50,United-States,<=50K
53,Private,263729,Some-college,10,Separated,Adm-clerical,Not-in-family,White,Female,0,0,40,United-States,<=50K
51,Private,231181,Some-college,10,Never-married,Machine-op-inspct,Not-in-family,White,Male,0,0,21,United-States,<=50K
35,Private,166549,12th,8,Married-civ-spouse,Machine-op-inspct,Husband,White,Male,0,0,40,United-States,<=50K
41,Private,112181,Bachelors,13,Married-civ-spouse,Sales,Wife,White,Female,0,0,12,United-States,>50K
40,Private,187802,Some-college,10,Married-civ-spouse,Handlers-cleaners,Husband,White,Male,0,1887,40,United-States,>50K
33,Private,195576,HS-grad,9,Married-civ-spouse,Exec-managerial,Husband,White,Male,4386,0,60,United-States,<=50K
51,Private,153870,HS-grad,9,Married-civ-spouse,Tech-support,Husband,White,Male,0,0,40,United-States,>50K
58,Private,102509,10th,6,Divorced,Transport-moving,Not-in-family,Black,Male,0,0,50,United-States,<=50K
36,Private,289223,Some-college,10,Married-civ-spouse,Adm-clerical,Wife,White,Female,0,1848,40,United-States,>50K
19,Private,151806,Some-college,10,Never-married,Other-service,Not-in-family,White,Female,0,0,40,United-States,<=50K
52,Private,386397,Bachelors,13,Married-civ-spouse,Exec-managerial,Husband,White,Male,0,0,45,United-States,>50K
59,Private,157831,HS-grad,9,Divorced,Adm-clerical,Not-in-family,White,Female,0,0,16,United-States,<=50K
33,Federal-gov,182714,Prof-school,15,Never-married,Prof-specialty,Not-in-family,White,Female,0,0,65,United-States,>50K
30,Local-gov,47085,10th,6,Married-civ-spouse,Craft-repair,Husband,White,Male,0,0,40,United-States,<=50K
56,Self-emp-not-inc,99479,Some-college,10,Married-civ-spouse,Sales,Husband,White,Male,5013,0,46,United-States,<=50K
60,Private,148522,Some-college,10,Married-civ-spouse,Craft-repair,Husband,Amer-Indian-Eskimo,Male,0,0,40,United-States,<=50K
45,Self-emp-not-inc,275445,Bachelors,13,Divorced,Exec-managerial,Unmarried,White,Male,0,0,50,United-States,<=50K
27,Private,37754,Some-college,10,Married-civ-spouse,Farming-fishing,Husband,White,Male,0,0,80,United-States,<=50K
44,Self-emp-not-inc,343190,Some-college,10,Married-civ-spouse,Craft-repair,Husband,White,Male,0,1887,55,United-States,>50K
55,Private,139843,HS-grad,9,Divorced,Exec-managerial,Not-in-family,White,Female,0,0,60,United-States,<=50K
21,Self-emp-inc,153516,Some-college,10,Never-married,Craft-repair,Own-child,White,Male,0,0,40,United-States,<=50K
40,Self-emp-not-inc,170866,Assoc-acdm,12,Married-civ-spouse,Farming-fishing,Husband,White,Male,0,0,50,United-States,>50K
44,Private,302424,HS-grad,9,Divorced,Machine-op-inspct,Not-in-family,White,Male,0,0,55,United-States,<=50K
43,Private,222596,Some-college,10,Married-civ-spouse,Craft-repair,Husband,White,Male,0,0,45,Poland,>50K
60,Private,367695,Assoc-acdm,12,Married-civ-spouse,Adm-clerical,Husband,White,Male,0,0,40,United-States,>50K
69,Private,140176,HS-grad,9,Married-civ-spouse,Sales,Husband,White,Male,0,0,24,United-States,<=50K
38,Private,131461,9th,5,Married-civ-spouse,Other-service,Wife,Black,Female,0,0,24,Haiti,<=50K
38,Private,298871,HS-grad,9,Married-civ-spouse,Transport-moving,Husband,Asian-Pac-Islander,Male,0,0,40,China,<=50K
22,Private,190916,Some-college,10,Never-married,Tech-support,Own-child,White,Female,0,0,40,United-States,<=50K
46,Private,345073,HS-grad,9,Divorced,Exec-managerial,Not-in-family,White,Male,0,0,48,United-States,>50K
31,Private,234537,HS-grad,9,Never-married,Handlers-cleaners,Not-in-family,White,Male,0,0,60,United-States,<=50K
23,Private,380281,Assoc-acdm,12,Never-married,Other-service,Own-child,White,Male,0,0,25,Columbia,<=50K
36,Private,167482,Some-college,10,Married-civ-spouse,Craft-repair,Husband,White,Male,0,0,40,United-States,>50K
49,Private,84013,HS-grad,9,Divorced,Other-service,Unmarried,White,Female,0,0,35,United-States,<=50K
53,Federal-gov,314871,Some-college,10,Separated,Adm-clerical,Not-in-family,Black,Female,0,0,40,United-States,<=50K
57,Private,74156,HS-grad,9,Married-civ-spouse,Other-service,Husband,White,Male,0,0,30,United-States,<=50K
17,Private,147069,11th,7,Never-married,Other-service,Own-child,White,Female,0,0,16,United-States,<=50K
62,Self-emp-not-inc,244953,Some-college,10,Widowed,Exec-managerial,Not-in-family,White,Female,0,0,20,United-States,<=50K
40,Self-emp-not-inc,335549,Prof-school,15,Never-married,Prof-specialty,Not-in-family,White,Male,0,2444,45,United-States,>50K
27,Private,161087,HS-grad,9,Married-civ-spouse,Prof-specialty,Wife,Black,Female,0,0,40,United-States,<=50K
51,Private,28978,Some-college,10,Widowed,Other-service,Not-in-family,White,Female,0,0,40,United-States,<=50K
56,Private,267652,Bachelors,13,Married-civ-spouse,Craft-repair,Husband,White,Male,0,0,40,United-States,<=50K
21,Private,202373,Assoc-voc,11,Never-married,Craft-repair,Own-child,Black,Male,0,0,40,United-States,<=50K
37,Private,349689,HS-grad,9,Divorced,Adm-clerical,Unmarried,White,Female,0,0,40,United-States,<=50K
40,Private,27821,Assoc-voc,11,Married-civ-spouse,Transport-moving,Husband,White,Male,2829,0,40,United-States,<=50K
70,Federal-gov,163003,HS-grad,9,Married-civ-spouse,Adm-clerical,Husband,Black,Male,0,0,40,United-States,<=50K
40,Private,176716,Some-college,10,Married-civ-spouse,Sales,Husband,White,Male,0,0,40,United-States,>50K
55,Self-emp-not-inc,322691,Masters,14,Married-civ-spouse,Sales,Husband,White,Male,3103,0,55,United-States,>50K
32,Private,63910,HS-grad,9,Divorced,Adm-clerical,Own-child,Asian-Pac-Islander,Female,0,0,40,United-States,<=50K
33,Private,123157,HS-grad,9,Never-married,Other-service,Not-in-family,Black,Male,0,0,38,United-States,<=50K
34,Private,289228,Masters,14,Married-civ-spouse,Exec-managerial,Wife,White,Female,15024,0,45,United-States,>50K
37,Private,405723,1st-4th,2,Married-civ-spouse,Machine-op-inspct,Husband,White,Male,0,0,40,Mexico,<=50K
42,State-gov,160369,HS-grad,9,Never-married,Protective-serv,Not-in-family,White,Male,0,0,40,United-States,>50K
48,Federal-gov,50567,Some-college,10,Married-spouse-absent,Exec-managerial,Not-in-family,White,Female,0,0,40,United-States,<=50K
54,Private,225307,11th,7,Divorced,Craft-repair,Own-child,White,Female,0,0,50,United-States,>50K
20,Private,317443,Some-college,10,Never-married,Adm-clerical,Own-child,Black,Female,0,0,15,United-States,<=50K
45,Self-emp-inc,145290,HS-grad,9,Married-civ-spouse,Other-service,Husband,White,Male,0,0,40,United-States,>50K
49,Private,186256,Some-college,10,Married-civ-spouse,Adm-clerical,Husband,White,Male,0,0,40,United-States,<=50K
47,Private,34845,HS-grad,9,Married-civ-spouse,Transport-moving,Husband,White,Male,0,0,60,United-States,<=50K
62,Private,319582,HS-grad,9,Widowed,Sales,Not-in-family,White,Female,0,0,32,United-States,<=50K
55,Private,102058,Bachelors,13,Married-civ-spouse,Exec-managerial,Husband,White,Male,0,0,50,United-States,>50K
23,Private,288771,Some-college,10,Never-married,Adm-clerical,Not-in-family,White,Female,0,0,30,United-States,<=50K
53,Self-emp-inc,137815,Some-college,10,Widowed,Exec-managerial,Not-in-family,White,Male,0,0,40,United-States,>50K
29,Private,197932,Some-college,10,Separated,Priv-house-serv,Not-in-family,White,Female,0,0,30,Guatemala,<=50K
67,State-gov,261203,7th-8th,4,Married-civ-spouse,Transport-moving,Husband,White,Male,0,0,35,United-States,<=50K
41,Private,271282,11th,7,Divorced,Protective-serv,Not-in-family,White,Female,0,0,20,United-States,<=50K
28,Private,264076,HS-grad,9,Never-married,Adm-clerical,Not-in-family,White,Female,0,0,40,United-States,<=50K
19,Private,286002,Some-college,10,Never-married,Adm-clerical,Other-relative,White,Male,0,0,30,Nicaragua,<=50K
24,Private,165475,HS-grad,9,Never-married,Farming-fishing,Not-in-family,White,Male,0,0,25,United-States,<=50K
26,Private,295055,HS-grad,9,Never-married,Machine-op-inspct,Own-child,Black,Male,0,0,40,United-States,<=50K
39,Self-emp-not-inc,54022,Some-college,10,Married-civ-spouse,Machine-op-inspct,Wife,White,Female,0,0,40,United-States,<=50K
57,Private,319733,Bachelors,13,Married-civ-spouse,Machine-op-inspct,Husband,White,Male,0,0,40,Poland,>50K
54,Private,46401,Some-college,10,Divorced,Other-service,Not-in-family,White,Female,0,0,47,United-States,<=50K
55,Private,202559,Bachelors,13,Married-civ-spouse,Other-service,Other-relative,Asian-Pac-Islander,Male,0,0,35,Philippines,<=50K
56,Private,365050,7th-8th,4,Never-married,Farming-fishing,Unmarried,Black,Female,0,0,20,United-States,<=50K
44,Private,222596,HS-grad,9,Divorced,Tech-support,Not-in-family,White,Male,0,0,50,United-States,>50K
45,Private,155664,HS-grad,9,Never-married,Adm-clerical,Not-in-family,White,Male,0,0,44,United-States,<=50K
35,Private,110013,Bachelors,13,Divorced,Other-service,Own-child,White,Female,0,0,40,United-States,<=50K
44,Private,133986,Some-college,10,Married-spouse-absent,Adm-clerical,Unmarried,White,Female,0,0,40,United-States,<=50K
47,Private,26950,Masters,14,Divorced,Sales,Not-in-family,White,Female,0,0,6,United-States,<=50K
72,Self-emp-inc,199233,Prof-school,15,Married-civ-spouse,Prof-specialty,Husband,White,Male,0,2377,35,United-States,>50K
48,Private,183610,Assoc-voc,11,Divorced,Tech-support,Not-in-family,White,Female,0,0,40,United-States,<=50K
27,Private,150296,HS-grad,9,Never-married,Other-service,Own-child,White,Female,0,0,32,United-States,<=50K
30,Private,487330,Some-college,10,Married-civ-spouse,Machine-op-inspct,Husband,White,Male,0,0,30,United-States,<=50K
35,Private,222450,Bachelors,13,Never-married,Exec-managerial,Not-in-family,White,Male,0,0,40,United-States,<=50K
33,Self-emp-not-inc,48189,HS-grad,9,Married-civ-spouse,Protective-serv,Husband,White,Male,0,0,30,United-States,<=50K
37,State-gov,178876,HS-grad,9,Married-civ-spouse,Protective-serv,Husband,Amer-Indian-Eskimo,Male,0,0,40,United-States,<=50K
45,Private,289353,HS-grad,9,Married-civ-spouse,Transport-moving,Husband,Black,Male,0,0,24,United-States,<=50K
36,Private,558344,HS-grad,9,Never-married,Other-service,Not-in-family,Black,Male,0,0,48,United-States,<=50K
37,Private,339772,HS-grad,9,Married-civ-spouse,Craft-repair,Husband,Black,Male,0,0,40,United-States,<=50K
34,Self-emp-not-inc,90614,HS-grad,9,Separated,Exec-managerial,Not-in-family,White,Male,0,0,50,United-States,<=50K
32,Private,213179,Some-college,10,Divorced,Craft-repair,Own-child,White,Male,0,0,40,United-States,>50K
55,Local-gov,123382,Assoc-voc,11,Separated,Prof-specialty,Unmarried,Black,Female,0,0,35,United-States,<=50K
60,Self-emp-not-inc,184362,HS-grad,9,Married-civ-spouse,Sales,Wife,White,Female,0,0,25,United-States,<=50K
22,Private,246965,Some-college,10,Never-married,Prof-specialty,Not-in-family,White,Male,0,0,12,United-States,<=50K
32,Private,207685,HS-grad,9,Married-civ-spouse,Handlers-cleaners,Wife,Black,Female,3908,0,40,United-States,<=50K
24,Private,300275,HS-grad,9,Never-married,Handlers-cleaners,Not-in-family,White,Male,0,0,40,United-States,<=50K
30,Self-emp-not-inc,105749,Bachelors,13,Married-civ-spouse,Sales,Husband,White,Male,0,0,50,United-States,<=50K
37,Private,301070,HS-grad,9,Divorced,Farming-fishing,Unmarried,White,Male,0,0,45,United-States,<=50K
38,Private,202937,Masters,14,Never-married,Exec-managerial,Not-in-family,White,Female,0,0,40,United-States,>50K
38,Private,103474,Assoc-voc,11,Divorced,Adm-clerical,Unmarried,White,Female,0,0,40,United-States,<=50K
47,Private,341762,HS-grad,9,Never-married,Adm-clerical,Not-in-family,White,Male,0,0,33,United-States,<=50K
44,Private,54271,HS-grad,9,Married-civ-spouse,Exec-managerial,Husband,White,Male,0,0,40,United-States,<=50K
40,Private,236021,Some-college,10,Never-married,Exec-managerial,Not-in-family,White,Male,0,0,50,United-States,<=50K
24,Private,85088,HS-grad,9,Never-married,Sales,Own-child,White,Female,0,1762,32,United-States,<=50K
31,Private,306459,1st-4th,2,Separated,Handlers-cleaners,Unmarried,White,Male,0,0,35,Honduras,<=50K
45,Private,276839,Some-college,10,Married-spouse-absent,Sales,Not-in-family,White,Male,0,0,40,United-States,<=50K
47,Private,184402,HS-grad,9,Divorced,Other-service,Not-in-family,White,Male,0,0,32,United-States,<=50K
60,Self-emp-inc,189098,HS-grad,9,Married-civ-spouse,Other-service,Husband,White,Male,0,0,40,United-States,<=50K
76,Private,199949,9th,5,Married-civ-spouse,Protective-serv,Husband,White,Male,0,0,13,United-States,<=50K
60,Private,40856,Assoc-voc,11,Married-civ-spouse,Craft-repair,Husband,White,Male,0,0,46,United-States,>50K
40,Private,90582,HS-grad,9,Married-civ-spouse,Handlers-cleaners,Husband,White,Male,0,0,40,United-States,<=50K
35,Private,474136,HS-grad,9,Never-married,Craft-repair,Not-in-family,White,Male,0,1408,40,United-States,<=50K
35,Private,123809,Bachelors,13,Married-civ-spouse,Prof-specialty,Wife,White,Female,15024,0,35,United-States,>50K
32,State-gov,117927,Some-college,10,Never-married,Adm-clerical,Not-in-family,Black,Female,0,0,40,United-States,<=50K
38,State-gov,318886,Bachelors,13,Married-civ-spouse,Protective-serv,Husband,Black,Male,0,0,52,United-States,<=50K
33,Private,157747,Assoc-acdm,12,Married-civ-spouse,Handlers-cleaners,Husband,White,Male,0,0,40,United-States,<=50K
41,Self-emp-inc,99212,HS-grad,9,Separated,Exec-managerial,Unmarried,White,Male,0,0,40,United-States,<=50K
25,Private,187653,HS-grad,9,Never-married,Handlers-cleaners,Not-in-family,White,Male,0,0,48,United-States,<=50K
55,Private,129762,HS-grad,9,Divorced,Adm-clerical,Unmarried,White,Female,0,0,40,United-States,<=50K
24,Private,218215,Assoc-voc,11,Never-married,Adm-clerical,Own-child,White,Female,0,0,20,United-States,<=50K
39,Private,58343,Some-college,10,Married-civ-spouse,Machine-op-inspct,Husband,White,Male,0,0,40,United-States,>50K
33,Private,206609,Bachelors,13,Married-civ-spouse,Exec-managerial,Husband,White,Male,0,0,45,United-States,<=50K
39,Self-emp-not-inc,230329,Some-college,10,Never-married,Prof-specialty,Not-in-family,White,Male,0,1564,12,United-States,>50K
36,Private,183902,Bachelors,13,Married-civ-spouse,Prof-specialty,Wife,White,Female,0,0,4,United-States,>50K
27,Private,303601,12th,8,Married-civ-spouse,Farming-fishing,Husband,White,Male,0,0,40,United-States,<=50K
25,State-gov,117833,Some-college,10,Married-civ-spouse,Exec-managerial,Wife,White,Female,0,0,19,United-States,<=50K
57,State-gov,109015,12th,8,Divorced,Other-service,Unmarried,White,Female,0,0,40,United-States,<=50K
43,Private,421837,Some-college,10,Married-civ-spouse,Machine-op-inspct,Husband,White,Male,0,0,40,Mexico,<=50K
25,Private,69739,10th,6,Never-married,Machine-op-inspct,Own-child,White,Male,0,0,40,United-States,<=50K
64,Private,134912,HS-grad,9,Married-civ-spouse,Exec-managerial,Husband,White,Male,0,0,12,United-States,<=50K
29,Private,133937,HS-grad,9,Never-married,Handlers-cleaners,Own-child,White,Male,0,0,30,United-States,<=50K
24,Private,209782,Bachelors,13,Never-married,Sales,Own-child,White,Female,0,0,40,United-States,<=50K
31,Private,198513,Some-college,10,Married-civ-spouse,Adm-clerical,Wife,White,Female,0,0,40,United-States,<=50K
31,Private,193650,11th,7,Divorced,Other-service,Not-in-family,White,Female,0,0,40,United-States,<=50K
45,Private,199590,5th-6th,3,Married-civ-spouse,Transport-moving,Husband,White,Male,0,0,38,Mexico,<=50K
66,Private,127139,Some-college,10,Married-civ-spouse,Exec-managerial,Husband,White,Male,0,0,40,United-States,>50K
59,Federal-gov,188047,HS-grad,9,Married-civ-spouse,Adm-clerical,Husband,Black,Male,0,0,40,United-States,<=50K
41,Private,48087,Bachelors,13,Divorced,Machine-op-inspct,Not-in-family,White,Male,2354,0,40,United-States,<=50K
43,Private,180599,Bachelors,13,Separated,Exec-managerial,Unmarried,White,Male,8614,0,40,United-States,>50K
36,Private,166549,HS-grad,9,Married-civ-spouse,Craft-repair,Husband,White,Male,0,0,40,United-States,<=50K
38,Private,111128,Some-college,10,Divorced,Adm-clerical,Own-child,White,Male,0,0,40,United-States,<=50K
47,Private,85109,Some-college,10,Never-married,Sales,Not-in-family,White,Male,13550,0,45,United-States,>50K
53,Private,350510,5th-6th,3,Married-civ-spouse,Transport-moving,Husband,White,Male,0,0,40,United-States,<=50K
50,Private,138514,Some-college,10,Divorced,Adm-clerical,Unmarried,Black,Female,0,0,40,United-States,<=50K
18,Private,122988,HS-grad,9,Never-married,Handlers-cleaners,Own-child,White,Male,0,0,20,United-States,<=50K
46,Private,163352,HS-grad,9,Married-civ-spouse,Sales,Husband,White,Male,0,0,36,United-States,<=50K
35,Private,245090,HS-grad,9,Married-civ-spouse,Craft-repair,Husband,White,Male,0,0,40,Mexico,<=50K
44,Private,197462,HS-grad,9,Married-civ-spouse,Machine-op-inspct,Husband,White,Male,0,0,40,United-States,<=50K
19,Private,29526,Some-college,10,Never-married,Other-service,Own-child,White,Female,0,0,18,United-States,<=50K
35,Private,209629,HS-grad,9,Divorced,Exec-managerial,Not-in-family,White,Male,0,0,40,United-States,<=50K
48,Self-emp-inc,481987,10th,6,Married-civ-spouse,Exec-managerial,Husband,White,Male,0,0,40,United-States,<=50K
54,State-gov,137815,12th,8,Never-married,Other-service,Own-child,White,Male,4101,0,40,United-States,<=50K
18,Private,243240,HS-grad,9,Never-married,Machine-op-inspct,Not-in-family,White,Male,0,0,37,United-States,<=50K
58,Local-gov,53481,Masters,14,Never-married,Prof-specialty,Not-in-family,White,Male,0,0,35,United-States,<=50K
28,Private,215873,10th,6,Never-married,Machine-op-inspct,Own-child,Black,Male,0,0,45,United-States,<=50K
34,Private,286020,HS-grad,9,Married-civ-spouse,Machine-op-inspct,Husband,White,Male,0,0,45,United-States,<=50K
48,Private,54744,HS-grad,9,Married-civ-spouse,Craft-repair,Husband,White,Male,0,0,40,United-States,<=50K
25,Private,29106,Some-college,10,Never-married,Other-service,Own-child,White,Female,0,0,50,United-States,<=50K
34,Private,234537,Assoc-acdm,12,Divorced,Sales,Not-in-family,White,Male,0,0,40,United-States,<=50K
31,Private,209538,10th,6,Married-civ-spouse,Machine-op-inspct,Husband,White,Male,0,0,40,United-States,<=50K
31,Private,243442,HS-grad,9,Married-civ-spouse,Adm-clerical,Husband,White,Male,0,0,50,United-States,<=50K
45,Local-gov,187715,HS-grad,9,Married-civ-spouse,Protective-serv,Husband,White,Male,0,0,40,United-States,>50K
49,Private,155489,Bachelors,13,Married-civ-spouse,Craft-repair,Husband,White,Male,0,0,40,United-States,<=50K
40,Private,87771,HS-grad,9,Never-married,Adm-clerical,Not-in-family,White,Female,0,0,40,United-States,<=50K
27,Private,240172,Some-college,10,Never-married,Sales,Not-in-family,White,Male,0,0,40,United-States,<=50K
42,Private,211940,Some-college,10,Never-married,Transport-moving,Not-in-family,Black,Male,0,0,40,United-States,<=50K
34,Local-gov,188245,HS-grad,9,Never-married,Prof-specialty,Unmarried,Black,Female,0,0,35,United-States,<=50K
52,Self-emp-inc,90363,Prof-school,15,Married-civ-spouse,Prof-specialty,Husband,White,Male,99999,0,35,United-States,>50K
22,Private,54560,HS-grad,9,Married-civ-spouse,Transport-moving,Husband,White,Male,0,0,60,United-States,<=50K
34,Self-emp-not-inc,204052,HS-grad,9,Married-civ-spouse,Craft-repair,Husband,White,Male,0,0,40,United-States,>50K
38,Private,278924,Some-college,10,Divorced,Craft-repair,Not-in-family,White,Male,0,0,44,United-States,<=50K
38,Self-emp-inc,275223,Bachelors,13,Married-civ-spouse,Sales,Husband,White,Male,7688,0,40,United-States,>50K
42,Private,303725,HS-grad,9,Never-married,Machine-op-inspct,Unmarried,Black,Female,0,0,40,United-States,<=50K
75,Private,95985,5th-6th,3,Widowed,Other-service,Unmarried,Black,Male,0,0,10,United-States,<=50K
27,Private,93206,Some-college,10,Never-married,Handlers-cleaners,Own-child,Asian-Pac-Islander,Male,0,0,40,United-States,<=50K
17,Private,175024,11th,7,Never-married,Handlers-cleaners,Own-child,White,Male,2176,0,18,United-States,<=50K
50,State-gov,34637,9th,5,Married-civ-spouse,Prof-specialty,Husband,White,Male,0,2002,40,United-States,<=50K
50,Self-emp-not-inc,348099,10th,6,Divorced,Sales,Not-in-family,White,Female,0,0,50,United-States,<=50K
40,Private,104892,Bachelors,13,Married-civ-spouse,Tech-support,Husband,White,Male,0,0,40,United-States,<=50K
61,Self-emp-inc,134768,Some-college,10,Married-civ-spouse,Sales,Husband,White,Male,0,0,40,United-States,<=50K
24,State-gov,208826,Doctorate,16,Never-married,Prof-specialty,Not-in-family,White,Female,0,0,99,England,<=50K
51,Private,229225,Masters,14,Divorced,Other-service,Not-in-family,Black,Female,0,0,18,United-States,>50K
34,Private,242984,HS-grad,9,Never-married,Adm-clerical,Not-in-family,White,Male,0,0,48,United-States,<=50K
33,Local-gov,377107,Some-college,10,Separated,Other-service,Own-child,Black,Female,0,0,35,United-States,<=50K
36,Private,367216,Some-college,10,Married-spouse-absent,Other-service,Own-child,White,Female,0,0,28,United-States,<=50K
25,Private,50103,HS-grad,9,Never-married,Sales,Unmarried,White,Female,0,0,40,United-States,<=50K
55,Federal-gov,107157,HS-grad,9,Married-civ-spouse,Protective-serv,Husband,White,Male,0,0,40,United-States,<=50K
52,Private,106176,Bachelors,13,Divorced,Adm-clerical,Unmarried,White,Male,0,3770,40,United-States,<=50K
43,Private,260696,Bachelors,13,Divorced,Exec-managerial,Not-in-family,White,Female,0,0,40,United-States,<=50K
22,Private,178452,HS-grad,9,Never-married,Machine-op-inspct,Own-child,Black,Male,0,0,40,United-States,<=50K
42,Private,134509,Some-college,10,Never-married,Transport-moving,Unmarried,Black,Female,0,0,40,United-States,<=50K
66,Self-emp-not-inc,212456,HS-grad,9,Widowed,Craft-repair,Not-in-family,White,Male,0,0,20,United-States,<=50K
41,Private,23646,Masters,14,Never-married,Prof-specialty,Not-in-family,White,Female,0,0,40,United-States,<=50K
44,Private,147206,Some-college,10,Married-civ-spouse,Exec-managerial,Husband,White,Male,0,0,40,United-States,<=50K
25,Private,195481,HS-grad,9,Married-civ-spouse,Adm-clerical,Other-relative,White,Male,0,0,40,United-States,<=50K
51,Private,123429,HS-grad,9,Married-civ-spouse,Craft-repair,Husband,White,Male,15024,0,40,United-States,>50K
25,Private,236267,HS-grad,9,Never-married,Machine-op-inspct,Unmarried,White,Male,0,1590,40,United-States,<=50K
27,Self-emp-not-inc,328119,9th,5,Married-civ-spouse,Craft-repair,Husband,White,Male,0,0,30,Mexico,<=50K
30,Private,337908,Assoc-acdm,12,Married-civ-spouse,Adm-clerical,Wife,Black,Female,0,0,20,United-States,<=50K
32,Private,93699,HS-grad,9,Widowed,Machine-op-inspct,Unmarried,White,Female,0,0,40,United-States,<=50K
32,Private,266345,Some-college,10,Never-married,Tech-support,Not-in-family,White,Male,0,0,40,United-States,<=50K
25,Private,213412,Some-college,10,Married-civ-spouse,Sales,Husband,White,Male,0,0,40,United-States,>50K
26,Private,210521,HS-grad,9,Married-civ-spouse,Craft-repair,Husband,White,Male,0,0,42,United-States,>50K
32,Private,317809,Bachelors,13,Married-civ-spouse,Exec-managerial,Husband,White,Male,4064,0,50,United-States,<=50K
30,Private,274577,Assoc-acdm,12,Never-married,Sales,Unmarried,Black,Female,0,0,40,United-States,<=50K
45,Private,239864,HS-grad,9,Never-married,Adm-clerical,Own-child,White,Male,0,0,40,United-States,<=50K
65,Private,80174,HS-grad,9,Divorced,Exec-managerial,Other-relative,White,Female,1848,0,50,United-States,<=50K
58,Self-emp-inc,21626,Assoc-voc,11,Divorced,Sales,Not-in-family,White,Male,2202,0,56,United-States,<=50K
21,Private,399022,HS-grad,9,Never-married,Farming-fishing,Own-child,White,Male,0,0,24,United-States,<=50K
23,Private,211046,HS-grad,9,Never-married,Sales,Not-in-family,White,Female,2463,0,40,United-States,<=50K
36,Private,162358,Masters,14,Never-married,Prof-specialty,Not-in-family,White,Female,0,1408,40,United-States,<=50K
24,Private,200973,Some-college,10,Never-married,Adm-clerical,Not-in-family,White,Female,0,0,40,United-States,<=50K
56,Private,31782,10th,6,Married-civ-spouse,Sales,Husband,White,Male,0,0,40,United-States,<=50K
30,Self-emp-inc,356689,HS-grad,9,Married-civ-spouse,Handlers-cleaners,Husband,White,Male,0,0,60,United-States,<=50K
40,State-gov,506329,Doctorate,16,Married-civ-spouse,Prof-specialty,Husband,Asian-Pac-Islander,Male,0,0,40,Taiwan,>50K
21,Private,83033,Some-college,10,Never-married,Other-service,Not-in-family,White,Female,0,0,25,Germany,<=50K
55,Local-gov,143949,Masters,14,Married-civ-spouse,Prof-specialty,Wife,White,Female,3103,0,45,United-States,>50K
29,Private,138537,Assoc-voc,11,Married-civ-spouse,Craft-repair,Husband,Asian-Pac-Islander,Male,0,0,40,Laos,<=50K
32,Private,134886,HS-grad,9,Married-civ-spouse,Adm-clerical,Wife,White,Female,0,0,40,United-States,>50K
31,Private,87891,Some-college,10,Married-civ-spouse,Adm-clerical,Husband,White,Male,0,0,40,United-States,<=50K
21,Private,222490,Some-college,10,Never-married,Handlers-cleaners,Own-child,White,Female,0,0,40,United-States,<=50K
49,Self-emp-inc,26502,Bachelors,13,Divorced,Prof-specialty,Unmarried,White,Male,6497,0,45,United-States,<=50K
37,Private,173968,HS-grad,9,Married-civ-spouse,Transport-moving,Husband,White,Male,0,0,40,United-States,<=50K
28,Private,303601,12th,8,Married-civ-spouse,Machine-op-inspct,Husband,White,Male,0,0,40,United-States,<=50K
34,Private,34374,Some-college,10,Never-married,Other-service,Not-in-family,White,Male,0,0,50,United-States,<=50K
42,Private,143046,HS-grad,9,Never-married,Other-service,Own-child,White,Female,0,0,40,United-States,<=50K
28,Private,142443,HS-grad,9,Never-married,Craft-repair,Own-child,White,Male,0,0,40,United-States,<=50K
46,Private,163324,HS-grad,9,Married-civ-spouse,Other-service,Wife,White,Female,0,0,40,United-States,<=50K
29,Self-emp-inc,130856,HS-grad,9,Married-civ-spouse,Exec-managerial,Husband,White,Male,0,0,45,United-States,<=50K
50,Self-emp-not-inc,127151,Masters,14,Married-civ-spouse,Prof-specialty,Wife,White,Female,0,0,40,Canada,>50K
39,Private,192251,HS-grad,9,Never-married,Adm-clerical,Own-child,White,Female,0,0,40,United-States,>50K
46,Private,222011,Some-college,10,Divorced,Exec-managerial,Not-in-family,White,Male,0,0,50,United-States,<=50K
49,Private,136455,Bachelors,13,Never-married,Prof-specialty,Not-in-family,White,Female,0,0,45,United-States,<=50K
23,Private,131275,HS-grad,9,Never-married,Craft-repair,Own-child,Amer-Indian-Eskimo,Male,0,0,40,United-States,<=50K
45,Private,166181,HS-grad,9,Widowed,Priv-house-serv,Own-child,Black,Female,0,0,25,United-States,<=50K
49,Private,123207,HS-grad,9,Never-married,Adm-clerical,Not-in-family,White,Female,0,0,44,United-States,<=50K
24,Private,300584,Some-college,10,Married-civ-spouse,Craft-repair,Husband,White,Male,0,0,45,United-States,<=50K
51,Private,203435,Some-college,10,Divorced,Sales,Unmarried,White,Female,0,0,40,Italy,<=50K
39,Private,187693,Assoc-voc,11,Married-civ-spouse,Exec-managerial,Husband,White,Male,0,0,45,United-States,>50K
42,Private,213821,HS-grad,9,Married-civ-spouse,Craft-repair,Husband,White,Male,0,1887,40,United-States,>50K
21,Private,245572,9th,5,Never-married,Other-service,Own-child,Amer-Indian-Eskimo,Male,0,0,40,United-States,<=50K
27,Private,76978,HS-grad,9,Never-married,Other-service,Own-child,Black,Female,0,0,40,United-States,<=50K
50,Private,180439,Some-college,10,Married-civ-spouse,Other-service,Husband,White,Male,0,0,33,United-States,<=50K
64,Local-gov,116620,Masters,14,Married-civ-spouse,Prof-specialty,Husband,White,Male,0,0,25,United-States,<=50K
17,Private,142587,11th,7,Never-married,Sales,Own-child,White,Female,0,0,10,United-States,<=50K
18,Private,675421,9th,5,Never-married,Handlers-cleaners,Own-child,White,Male,594,0,40,United-States,<=50K
43,Private,191814,Assoc-acdm,12,Married-civ-spouse,Sales,Husband,White,Male,7688,0,50,United-States,>50K
39,Self-emp-inc,135500,HS-grad,9,Married-civ-spouse,Exec-managerial,Husband,White,Male,0,1977,40,United-States,>50K
19,Private,63434,Some-college,10,Never-married,Machine-op-inspct,Not-in-family,White,Female,0,0,35,United-States,<=50K
64,Self-emp-not-inc,21174,HS-grad,9,Married-civ-spouse,Craft-repair,Husband,White,Male,0,0,20,United-States,<=50K
34,Self-emp-not-inc,181087,Assoc-voc,11,Married-civ-spouse,Craft-repair,Husband,White,Male,0,0,45,United-States,<=50K
31,Private,420749,Assoc-acdm,12,Married-civ-spouse,Craft-repair,Husband,White,Male,0,0,40,United-States,>50K
35,Private,183898,HS-grad,9,Divorced,Craft-repair,Unmarried,White,Male,2354,0,40,United-States,<=50K
46,Local-gov,222115,Bachelors,13,Divorced,Adm-clerical,Not-in-family,White,Female,99999,0,40,United-States,>50K
40,Private,77247,12th,8,Married-civ-spouse,Craft-repair,Husband,White,Male,0,0,50,United-States,>50K
20,Private,34706,Some-college,10,Never-married,Exec-managerial,Not-in-family,Black,Male,0,0,47,United-States,<=50K
32,Private,32406,Bachelors,13,Never-married,Prof-specialty,Not-in-family,White,Female,0,0,50,United-States,<=50K
62,Self-emp-not-inc,26857,7th-8th,4,Widowed,Farming-fishing,Other-relative,White,Female,0,0,35,United-States,<=50K
66,Private,171331,Some-college,10,Married-civ-spouse,Transport-moving,Husband,Black,Male,0,0,40,United-States,>50K
22,Private,370548,Assoc-voc,11,Never-married,Craft-repair,Not-in-family,White,Male,0,0,30,United-States,<=50K
51,Private,145166,HS-grad,9,Married-civ-spouse,Adm-clerical,Husband,White,Male,0,0,50,United-States,<=50K
28,Private,179949,HS-grad,9,Divorced,Transport-moving,Unmarried,Black,Female,0,0,20,United-States,<=50K
45,Local-gov,125933,Some-college,10,Divorced,Adm-clerical,Unmarried,Black,Female,0,0,40,United-States,<=50K
43,Self-emp-not-inc,176069,HS-grad,9,Married-civ-spouse,Other-service,Wife,White,Female,0,0,16,United-States,<=50K
46,State-gov,56841,Masters,14,Married-civ-spouse,Exec-managerial,Husband,White,Male,0,0,45,United-States,>50K
27,Private,176683,HS-grad,9,Never-married,Other-service,Not-in-family,White,Male,0,0,48,United-States,<=50K
26,Private,139992,Bachelors,13,Never-married,Prof-specialty,Not-in-family,White,Female,0,0,40,United-States,<=50K
31,Self-emp-not-inc,286282,Bachelors,13,Married-civ-spouse,Adm-clerical,Wife,White,Female,0,0,20,United-States,<=50K
40,Private,63745,Assoc-voc,11,Never-married,Adm-clerical,Not-in-family,White,Female,0,0,40,United-States,<=50K
43,Private,287008,Bachelors,13,Married-civ-spouse,Prof-specialty,Husband,White,Male,0,0,40,United-States,<=50K
73,Self-emp-not-inc,109833,Bachelors,13,Married-civ-spouse,Farming-fishing,Husband,White,Male,0,0,30,United-States,<=50K
37,Local-gov,105803,Masters,14,Married-civ-spouse,Exec-managerial,Husband,White,Male,0,0,40,United-States,>50K
17,Private,23856,11th,7,Never-married,Exec-managerial,Own-child,White,Female,0,0,20,United-States,<=50K
17,Private,333304,HS-grad,9,Never-married,Other-service,Own-child,White,Female,0,0,40,United-States,<=50K
24,Private,261561,Bachelors,13,Never-married,Prof-specialty,Not-in-family,White,Female,0,0,40,United-States,<=50K
55,State-gov,197399,Masters,14,Married-civ-spouse,Prof-specialty,Husband,White,Male,0,0,40,United-States,<=50K
43,Private,112131,Some-college,10,Married-civ-spouse,Exec-managerial,Husband,White,Male,0,0,40,United-States,<=50K
43,Self-emp-not-inc,349341,Bachelors,13,Divorced,Exec-managerial,Not-in-family,White,Male,0,0,60,United-States,<=50K
44,Self-emp-inc,57233,Some-college,10,Married-civ-spouse,Craft-repair,Husband,White,Male,0,0,40,United-States,>50K
64,Private,46087,Bachelors,13,Divorced,Exec-managerial,Not-in-family,White,Female,0,0,50,United-States,<=50K
59,Private,47534,Masters,14,Divorced,Exec-managerial,Not-in-family,White,Female,0,0,45,United-States,>50K
28,Private,186720,Some-college,10,Never-married,Other-service,Own-child,White,Female,0,0,50,United-States,<=50K
23,Private,208598,Some-college,10,Never-married,Sales,Not-in-family,White,Male,0,0,45,United-States,<=50K
45,Federal-gov,187510,Masters,14,Married-civ-spouse,Prof-specialty,Husband,White,Male,0,0,40,United-States,>50K
55,Private,96415,HS-grad,9,Widowed,Other-service,Unmarried,Black,Female,0,0,35,United-States,<=50K
34,Private,209900,10th,6,Never-married,Farming-fishing,Not-in-family,White,Male,0,0,40,United-States,<=50K
29,Private,224421,Assoc-voc,11,Married-AF-spouse,Farming-fishing,Husband,White,Male,0,0,44,United-States,>50K
33,Self-emp-inc,289886,HS-grad,9,Never-married,Other-service,Unmarried,Asian-Pac-Islander,Male,0,0,40,Vietnam,<=50K
45,Private,431245,Some-college,10,Married-civ-spouse,Transport-moving,Husband,White,Male,0,0,40,United-States,<=50K
34,Private,39609,Assoc-voc,11,Divorced,Adm-clerical,Unmarried,White,Female,0,0,40,United-States,<=50K
30,Private,56121,HS-grad,9,Never-married,Craft-repair,Not-in-family,White,Male,0,0,40,United-States,<=50K
47,Private,242559,Some-college,10,Divorced,Machine-op-inspct,Not-in-family,Black,Female,0,1408,40,United-States,<=50K
27,Private,194590,Assoc-acdm,12,Married-civ-spouse,Adm-clerical,Wife,Black,Female,0,0,25,United-States,<=50K
22,Private,114357,Some-college,10,Never-married,Adm-clerical,Not-in-family,White,Male,0,0,55,United-States,<=50K
21,Private,154964,HS-grad,9,Divorced,Machine-op-inspct,Other-relative,Black,Female,0,0,40,United-States,<=50K
23,Private,145964,Some-college,10,Never-married,Other-service,Own-child,White,Male,0,0,20,United-States,<=50K
59,Self-emp-not-inc,223131,HS-grad,9,Divorced,Exec-managerial,Not-in-family,White,Male,0,0,60,United-States,<=50K
45,Private,248993,HS-grad,9,Married-spouse-absent,Farming-fishing,Other-relative,Black,Male,0,0,40,United-States,<=50K
44,Private,103397,HS-grad,9,Divorced,Handlers-cleaners,Other-relative,White,Female,0,0,40,United-States,<=50K
36,Private,51838,Some-college,10,Divorced,Adm-clerical,Unmarried,White,Female,0,0,40,United-States,<=50K
33,Private,159888,11th,7,Married-civ-spouse,Craft-repair,Husband,White,Male,0,0,40,United-States,<=50K
40,Private,558944,7th-8th,4,Never-married,Farming-fishing,Own-child,White,Male,0,0,40,United-States,<=50K
60,Local-gov,202473,Assoc-voc,11,Married-civ-spouse,Other-service,Husband,White,Male,0,0,40,United-States,<=50K
26,Local-gov,177482,Assoc-acdm,12,Married-civ-spouse,Protective-serv,Husband,White,Male,0,0,45,United-States,>50K
49,Private,83444,HS-grad,9,Divorced,Exec-managerial,Not-in-family,White,Male,0,0,40,United-States,<=50K
49,Private,93639,Bachelors,13,Married-civ-spouse,Exec-managerial,Wife,White,Female,0,0,43,United-States,<=50K
21,Private,148444,Some-college,10,Never-married,Sales,Own-child,White,Female,0,0,25,United-States,<=50K
28,Private,148645,Assoc-acdm,12,Divorced,Prof-specialty,Not-in-family,White,Female,0,0,40,United-States,<=50K
74,Local-gov,214514,7th-8th,4,Married-civ-spouse,Protective-serv,Husband,White,Male,0,0,40,United-States,<=50K
39,Federal-gov,82622,Bachelors,13,Never-married,Adm-clerical,Not-in-family,White,Male,0,0,45,United-States,<=50K
27,Private,177119,Some-college,10,Divorced,Adm-clerical,Unmarried,White,Female,0,0,44,United-States,<=50K
64,Private,265661,HS-grad,9,Married-civ-spouse,Transport-moving,Husband,White,Male,0,0,40,United-States,<=50K
22,Private,230574,10th,6,Never-married,Transport-moving,Own-child,White,Male,0,0,25,United-States,<=50K
37,Private,93717,Some-college,10,Married-civ-spouse,Adm-clerical,Wife,White,Female,7298,0,45,United-States,>50K
53,Private,152657,10th,6,Married-civ-spouse,Craft-repair,Husband,Black,Male,0,0,40,United-States,<=50K
73,Private,153127,Some-college,10,Widowed,Priv-house-serv,Unmarried,White,Female,0,0,10,United-States,<=50K
32,Private,127610,Bachelors,13,Married-civ-spouse,Prof-specialty,Wife,White,Female,0,1902,32,United-States,>50K
37,Private,148143,HS-grad,9,Never-married,Machine-op-inspct,Unmarried,Black,Female,0,0,40,United-States,<=50K
37,Self-emp-inc,111128,Some-college,10,Married-civ-spouse,Craft-repair,Husband,White,Male,0,0,50,United-States,>50K
52,Self-emp-not-inc,106728,Assoc-acdm,12,Divorced,Sales,Unmarried,White,Male,0,0,40,United-States,<=50K
35,Private,25803,HS-grad,9,Married-civ-spouse,Craft-repair,Husband,White,Male,0,0,40,United-States,<=50K
54,Local-gov,68015,Masters,14,Married-civ-spouse,Prof-specialty,Husband,White,Male,0,0,45,United-States,>50K
30,Private,609789,11th,7,Married-civ-spouse,Farming-fishing,Husband,White,Male,0,0,60,Mexico,<=50K
63,Self-emp-not-inc,231777,Bachelors,13,Never-married,Transport-moving,Not-in-family,White,Male,0,0,40,United-States,<=50K
23,Private,445758,5th-6th,3,Never-married,Handlers-cleaners,Unmarried,White,Male,0,0,40,Mexico,<=50K
24,Private,182342,Bachelors,13,Never-married,Sales,Own-child,White,Male,0,0,40,United-States,<=50K
42,Private,212737,9th,5,Separated,Craft-repair,Unmarried,Black,Male,0,0,40,United-States,<=50K
40,Private,198692,Some-college,10,Married-civ-spouse,Adm-clerical,Husband,White,Male,5178,0,60,United-States,>50K
64,State-gov,104361,Some-college,10,Separated,Adm-clerical,Not-in-family,White,Female,0,0,65,United-States,<=50K
25,Private,108838,Bachelors,13,Never-married,Adm-clerical,Not-in-family,White,Female,0,0,40,United-States,<=50K
48,Private,56071,Bachelors,13,Married-civ-spouse,Craft-repair,Husband,White,Male,0,0,40,United-States,>50K
24,Private,190457,Some-college,10,Never-married,Adm-clerical,Own-child,White,Female,0,0,40,United-States,<=50K
25,Private,181598,11th,7,Married-civ-spouse,Tech-support,Husband,White,Male,0,0,40,United-States,<=50K
43,Self-emp-not-inc,277647,HS-grad,9,Married-civ-spouse,Exec-managerial,Husband,White,Male,0,0,35,United-States,<=50K
40,Self-emp-not-inc,355856,Bachelors,13,Married-spouse-absent,Exec-managerial,Not-in-family,Asian-Pac-Islander,Male,0,0,40,United-States,<=50K
20,Private,117476,Some-college,10,Married-civ-spouse,Craft-repair,Husband,White,Male,0,0,40,United-States,<=50K
26,Self-emp-not-inc,224361,7th-8th,4,Married-civ-spouse,Transport-moving,Husband,White,Male,0,0,75,United-States,<=50K
28,Private,105817,Bachelors,13,Never-married,Adm-clerical,Own-child,White,Male,0,0,40,United-States,<=50K
40,Private,120277,Some-college,10,Never-married,Sales,Not-in-family,White,Male,0,0,40,United-States,<=50K
72,Self-emp-not-inc,52138,Doctorate,16,Married-civ-spouse,Prof-specialty,Husband,White,Male,0,2392,25,United-States,>50K
33,Private,327112,Masters,14,Married-civ-spouse,Exec-managerial,Husband,White,Male,0,0,60,United-States,>50K
44,Self-emp-not-inc,445382,Some-college,10,Divorced,Other-service,Unmarried,White,Male,0,0,40,United-States,<=50K
54,Private,140592,HS-grad,9,Divorced,Adm-clerical,Not-in-family,White,Female,0,0,40,United-States,<=50K
47,Self-emp-inc,483596,HS-grad,9,Married-civ-spouse,Exec-managerial,Husband,White,Male,2885,0,32,United-States,<=50K
40,Private,171424,HS-grad,9,Divorced,Transport-moving,Not-in-family,White,Male,0,0,40,United-States,<=50K
37,Self-emp-not-inc,29054,HS-grad,9,Married-civ-spouse,Farming-fishing,Husband,White,Male,0,0,50,United-States,<=50K
28,Private,53271,HS-grad,9,Never-married,Transport-moving,Other-relative,White,Male,0,0,38,United-States,<=50K
46,Private,34377,Assoc-acdm,12,Married-civ-spouse,Craft-repair,Husband,White,Male,0,0,40,United-States,>50K
51,Private,123780,HS-grad,9,Divorced,Machine-op-inspct,Unmarried,White,Female,0,0,40,United-States,<=50K
27,Local-gov,123773,Assoc-acdm,12,Never-married,Adm-clerical,Unmarried,Black,Female,0,0,40,United-States,<=50K
53,Federal-gov,177647,HS-grad,9,Married-civ-spouse,Tech-support,Husband,White,Male,0,0,40,France,>50K
47,Private,323212,HS-grad,9,Widowed,Other-service,Not-in-family,White,Female,0,0,40,United-States,<=50K
47,Private,357848,HS-grad,9,Married-civ-spouse,Craft-repair,Husband,White,Male,0,0,40,United-States,>50K
32,Local-gov,84119,HS-grad,9,Married-civ-spouse,Craft-repair,Husband,White,Male,0,0,40,United-States,<=50K
53,Local-gov,216931,7th-8th,4,Married-civ-spouse,Transport-moving,Husband,White,Male,0,0,38,United-States,<=50K
59,Private,148844,HS-grad,9,Divorced,Machine-op-inspct,Not-in-family,White,Female,0,0,40,United-States,<=50K
32,Private,321313,Masters,14,Never-married,Sales,Own-child,Black,Male,0,0,40,United-States,<=50K
22,Private,336215,Assoc-acdm,12,Never-married,Adm-clerical,Not-in-family,White,Female,0,0,25,United-States,<=50K
57,Local-gov,343447,HS-grad,9,Divorced,Protective-serv,Not-in-family,White,Female,0,0,40,United-States,<=50K
23,Private,103277,Some-college,10,Divorced,Other-service,Own-child,White,Female,0,0,24,United-States,<=50K
35,Private,167482,Bachelors,13,Married-civ-spouse,Exec-managerial,Husband,White,Male,0,0,60,United-States,<=50K
44,State-gov,174325,Masters,14,Married-civ-spouse,Prof-specialty,Husband,Black,Male,7688,0,40,United-States,>50K
31,Private,182539,Some-college,10,Never-married,Adm-clerical,Not-in-family,White,Female,0,0,45,United-States,<=50K
50,State-gov,136216,HS-grad,9,Widowed,Other-service,Not-in-family,White,Female,0,0,37,United-States,<=50K
51,Private,96062,Some-college,10,Married-civ-spouse,Sales,Husband,White,Male,0,1977,40,United-States,>50K
26,Self-emp-inc,177951,Some-college,10,Married-civ-spouse,Sales,Husband,White,Male,0,0,32,United-States,<=50K
45,Private,191098,Bachelors,13,Married-civ-spouse,Prof-specialty,Husband,Asian-Pac-Islander,Male,0,0,40,China,<=50K
48,Private,119199,Bachelors,13,Divorced,Sales,Unmarried,White,Female,0,0,44,United-States,<=50K
73,Self-emp-not-inc,241121,7th-8th,4,Married-civ-spouse,Farming-fishing,Husband,White,Male,0,0,40,United-States,<=50K
23,Federal-gov,314525,Bachelors,13,Never-married,Prof-specialty,Not-in-family,White,Male,0,0,40,United-States,<=50K
46,Private,108699,Some-college,10,Widowed,Adm-clerical,Not-in-family,White,Female,0,0,60,United-States,<=50K
27,Private,96219,HS-grad,9,Divorced,Other-service,Own-child,White,Female,3418,0,32,United-States,<=50K
57,Private,170411,Bachelors,13,Married-civ-spouse,Protective-serv,Husband,White,Male,0,0,40,United-States,>50K
35,Federal-gov,182863,Bachelors,13,Separated,Tech-support,Unmarried,White,Male,0,0,40,United-States,<=50K
25,Self-emp-inc,160261,Bachelors,13,Never-married,Exec-managerial,Own-child,Asian-Pac-Islander,Male,0,0,35,Taiwan,<=50K
33,Private,208855,Prof-school,15,Married-civ-spouse,Prof-specialty,Husband,White,Male,0,0,60,United-States,>50K
32,Self-emp-not-inc,109282,Some-college,10,Never-married,Prof-specialty,Not-in-family,White,Male,0,0,60,United-States,<=50K
30,Private,460408,Some-college,10,Married-civ-spouse,Sales,Husband,White,Male,0,1672,45,United-States,<=50K
25,Private,152035,HS-grad,9,Never-married,Adm-clerical,Unmarried,White,Female,0,0,40,United-States,<=50K
31,Private,126501,Some-college,10,Married-civ-spouse,Craft-repair,Husband,White,Male,0,0,40,United-States,<=50K
63,Self-emp-not-inc,261995,Some-college,10,Married-civ-spouse,Exec-managerial,Husband,White,Male,0,0,40,United-States,>50K
51,Private,150999,Some-college,10,Married-civ-spouse,Craft-repair,Husband,White,Male,7298,0,40,United-States,>50K
70,Private,35494,HS-grad,9,Married-civ-spouse,Exec-managerial,Husband,White,Male,0,0,30,United-States,<=50K
38,Private,30529,HS-grad,9,Married-civ-spouse,Handlers-cleaners,Husband,White,Male,3411,0,40,United-States,<=50K
52,Private,178596,Masters,14,Married-civ-spouse,Craft-repair,Husband,White,Male,0,0,45,United-States,>50K
37,Private,187022,Bachelors,13,Never-married,Adm-clerical,Not-in-family,White,Male,0,0,40,United-States,<=50K
50,Self-emp-not-inc,334273,Bachelors,13,Married-civ-spouse,Sales,Husband,White,Male,0,0,8,United-States,<=50K
23,Private,172047,HS-grad,9,Never-married,Handlers-cleaners,Own-child,White,Male,0,0,40,United-States,<=50K
57,Private,228764,Assoc-voc,11,Divorced,Machine-op-inspct,Not-in-family,Black,Male,0,0,40,United-States,<=50K
33,Private,171468,Some-college,10,Married-civ-spouse,Craft-repair,Wife,White,Female,0,0,40,United-States,<=50K
44,Private,174325,Some-college,10,Married-civ-spouse,Craft-repair,Husband,Black,Male,0,0,40,United-States,<=50K
17,Private,196252,10th,6,Never-married,Other-service,Own-child,White,Male,0,0,16,United-States,<=50K
19,Private,301747,HS-grad,9,Separated,Adm-clerical,Own-child,White,Female,0,0,30,United-States,<=50K
25,Private,218667,5th-6th,3,Married-civ-spouse,Handlers-cleaners,Own-child,White,Male,0,0,40,United-States,<=50K
39,Private,202937,Masters,14,Never-married,Prof-specialty,Not-in-family,White,Female,0,0,40,United-States,>50K
33,Private,152109,Assoc-acdm,12,Married-civ-spouse,Craft-repair,Husband,White,Male,0,0,45,United-States,<=50K
39,Private,300760,HS-grad,9,Divorced,Tech-support,Unmarried,White,Female,0,0,50,United-States,<=50K
27,Private,56658,HS-grad,9,Married-civ-spouse,Handlers-cleaners,Husband,Amer-Indian-Eskimo,Male,0,0,8,United-States,<=50K
79,Private,160758,7th-8th,4,Married-civ-spouse,Sales,Husband,White,Male,0,0,15,United-States,<=50K
36,Private,96452,Bachelors,13,Married-civ-spouse,Prof-specialty,Husband,White,Male,0,0,45,United-States,<=50K
34,Private,170772,HS-grad,9,Married-civ-spouse,Craft-repair,Husband,White,Male,0,0,50,United-States,<=50K
28,Private,192237,Some-college,10,Never-married,Sales,Own-child,White,Male,0,0,35,United-States,<=50K
35,Private,165215,Bachelors,13,Married-civ-spouse,Prof-specialty,Wife,White,Female,0,0,15,United-States,>50K
19,Private,201178,HS-grad,9,Never-married,Adm-clerical,Not-in-family,White,Female,0,0,25,United-States,<=50K
47,Private,216414,Bachelors,13,Never-married,Exec-managerial,Not-in-family,White,Male,0,0,40,United-States,<=50K
29,Private,29261,Assoc-voc,11,Never-married,Machine-op-inspct,Not-in-family,White,Male,0,0,50,United-States,<=50K
45,Self-emp-inc,40666,Prof-school,15,Married-civ-spouse,Prof-specialty,Husband,White,Male,0,0,55,United-States,>50K
28,Private,252424,Assoc-voc,11,Never-married,Transport-moving,Own-child,Black,Male,0,0,40,Cambodia,<=50K
57,Local-gov,173242,Bachelors,13,Divorced,Prof-specialty,Not-in-family,White,Female,0,0,35,United-States,<=50K
44,Self-emp-not-inc,37618,HS-grad,9,Married-civ-spouse,Farming-fishing,Husband,White,Male,0,0,40,United-States,>50K
56,Private,229116,Some-college,10,Never-married,Other-service,Not-in-family,White,Male,0,0,32,United-States,<=50K
59,Private,530099,Some-college,10,Married-civ-spouse,Craft-repair,Husband,White,Male,0,1887,55,United-States,>50K
47,Private,185385,10th,6,Married-civ-spouse,Machine-op-inspct,Husband,White,Male,0,0,40,United-States,>50K
44,Federal-gov,38434,Bachelors,13,Widowed,Exec-managerial,Unmarried,White,Female,0,0,40,United-States,>50K
21,Private,455361,9th,5,Never-married,Other-service,Unmarried,White,Male,0,0,35,Mexico,<=50K
31,Private,382368,Some-college,10,Never-married,Adm-clerical,Not-in-family,White,Male,0,0,40,Germany,<=50K
34,Private,112584,10th,6,Divorced,Other-service,Unmarried,White,Female,0,0,38,United-States,<=50K
49,Private,165539,HS-grad,9,Widowed,Exec-managerial,Not-in-family,Black,Female,0,0,35,United-States,<=50K
35,Private,186420,Bachelors,13,Never-married,Exec-managerial,Not-in-family,White,Female,0,0,55,United-States,<=50K
45,Private,128736,10th,6,Divorced,Sales,Not-in-family,White,Female,0,0,40,United-States,<=50K
50,Private,301024,Bachelors,13,Separated,Sales,Not-in-family,White,Male,0,0,40,United-States,>50K
29,Private,251854,Bachelors,13,Never-married,Adm-clerical,Not-in-family,Black,Female,0,0,40,United-States,<=50K
50,Self-emp-inc,152810,Some-college,10,Married-civ-spouse,Machine-op-inspct,Husband,White,Male,0,0,70,Germany,<=50K
18,Private,308889,11th,7,Never-married,Adm-clerical,Other-relative,Asian-Pac-Islander,Female,0,0,20,United-States,<=50K
40,Private,293485,HS-grad,9,Divorced,Priv-house-serv,Unmarried,White,Female,0,0,32,United-States,<=50K
31,Private,131568,9th,5,Never-married,Machine-op-inspct,Not-in-family,White,Male,0,0,40,United-States,<=50K
37,State-gov,60227,Bachelors,13,Never-married,Adm-clerical,Not-in-family,White,Male,0,0,38,United-States,<=50K
70,State-gov,345339,Bachelors,13,Never-married,Exec-managerial,Not-in-family,White,Male,0,0,40,United-States,<=50K
37,Local-gov,218490,HS-grad,9,Married-civ-spouse,Protective-serv,Husband,White,Male,7688,0,35,United-States,>50K
48,Private,345006,Bachelors,13,Never-married,Prof-specialty,Not-in-family,White,Female,0,0,45,Mexico,<=50K
62,Local-gov,194276,Masters,14,Married-civ-spouse,Prof-specialty,Husband,White,Male,7688,0,40,United-States,>50K
26,Self-emp-inc,242651,Some-college,10,Never-married,Sales,Not-in-family,White,Male,0,0,48,United-States,<=50K
20,Private,223811,HS-grad,9,Never-married,Handlers-cleaners,Not-in-family,White,Male,0,0,40,United-States,<=50K
30,Private,39054,HS-grad,9,Married-civ-spouse,Exec-managerial,Husband,White,Male,0,0,65,United-States,>50K
20,State-gov,219211,Some-college,10,Never-married,Transport-moving,Own-child,White,Male,0,0,30,United-States,<=50K
43,Local-gov,37937,Assoc-acdm,12,Married-civ-spouse,Tech-support,Husband,White,Male,0,0,43,United-States,<=50K
71,Private,183678,Prof-school,15,Married-civ-spouse,Prof-specialty,Husband,White,Male,0,0,16,United-States,<=50K
33,Private,153151,HS-grad,9,Never-married,Handlers-cleaners,Own-child,White,Male,4416,0,40,United-States,<=50K
19,Private,184710,Some-college,10,Never-married,Craft-repair,Own-child,White,Male,0,0,20,United-States,<=50K
53,Private,158993,HS-grad,9,Widowed,Machine-op-inspct,Unmarried,Black,Female,0,0,38,United-States,<=50K
39,Private,38721,HS-grad,9,Divorced,Priv-house-serv,Unmarried,White,Female,0,0,22,United-States,<=50K
26,Private,30776,Bachelors,13,Married-civ-spouse,Sales,Husband,White,Male,0,0,40,United-States,>50K
40,Private,97688,Some-college,10,Married-civ-spouse,Tech-support,Husband,White,Male,0,0,48,United-States,>50K
37,Private,61778,Bachelors,13,Never-married,Farming-fishing,Not-in-family,White,Male,0,0,30,United-States,<=50K
31,Private,139000,HS-grad,9,Divorced,Sales,Unmarried,White,Female,0,0,25,United-States,<=50K
28,Private,192384,Some-college,10,Married-civ-spouse,Handlers-cleaners,Husband,White,Male,0,0,40,United-States,>50K
43,Private,124436,Some-college,10,Married-civ-spouse,Prof-specialty,Wife,White,Female,0,0,40,United-States,>50K
34,Private,271933,HS-grad,9,Married-civ-spouse,Handlers-cleaners,Wife,White,Female,0,0,40,United-States,<=50K
34,Private,147215,Assoc-voc,11,Divorced,Tech-support,Unmarried,White,Female,0,0,60,United-States,<=50K
35,Private,87556,HS-grad,9,Divorced,Craft-repair,Not-in-family,White,Male,0,0,40,United-States,<=50K
30,Private,118056,Some-college,10,Married-spouse-absent,Exec-managerial,Unmarried,White,Female,0,0,45,United-States,<=50K
52,Self-emp-inc,260938,Some-college,10,Married-civ-spouse,Exec-managerial,Husband,White,Male,0,0,60,United-States,>50K
49,Private,124604,HS-grad,9,Divorced,Adm-clerical,Not-in-family,White,Male,0,0,32,United-States,<=50K
35,Private,244803,HS-grad,9,Never-married,Handlers-cleaners,Other-relative,White,Male,0,0,40,Peru,<=50K
43,Private,225193,HS-grad,9,Married-civ-spouse,Sales,Husband,White,Male,0,0,40,United-States,<=50K
50,Private,143664,Bachelors,13,Never-married,Exec-managerial,Not-in-family,White,Male,0,0,40,United-States,<=50K
45,Private,102318,Assoc-voc,11,Married-civ-spouse,Exec-managerial,Husband,White,Male,0,0,45,United-States,>50K
28,Private,176137,HS-grad,9,Never-married,Other-service,Own-child,White,Female,0,0,32,United-States,<=50K
35,Private,56352,Assoc-voc,11,Married-civ-spouse,Other-service,Husband,White,Male,0,0,40,Puerto-Rico,<=50K
25,Private,236242,Prof-school,15,Never-married,Prof-specialty,Not-in-family,White,Female,0,0,30,United-States,<=50K
45,State-gov,310049,Assoc-voc,11,Married-civ-spouse,Prof-specialty,Wife,Asian-Pac-Islander,Female,0,0,40,Philippines,>50K
41,Federal-gov,192589,Bachelors,13,Married-civ-spouse,Adm-clerical,Husband,White,Male,0,0,40,United-States,<=50K
30,Private,53158,Assoc-acdm,12,Never-married,Tech-support,Not-in-family,White,Female,0,0,40,United-States,<=50K
56,Private,106850,Some-college,10,Widowed,Other-service,Not-in-family,White,Female,0,0,40,United-States,<=50K
52,Private,343440,Some-college,10,Married-civ-spouse,Prof-specialty,Husband,White,Male,0,0,40,United-States,<=50K
30,Private,161444,Assoc-voc,11,Married-civ-spouse,Handlers-cleaners,Husband,White,Male,0,0,38,United-States,<=50K
33,Private,245659,Some-college,10,Separated,Other-service,Unmarried,White,Female,0,0,38,El-Salvador,<=50K
45,Private,224559,10th,6,Married-civ-spouse,Adm-clerical,Husband,Black,Male,0,0,40,United-States,<=50K
51,Private,290856,HS-grad,9,Married-civ-spouse,Adm-clerical,Husband,White,Male,0,0,40,United-States,>50K
30,Private,296453,Bachelors,13,Married-civ-spouse,Adm-clerical,Husband,White,Male,7298,0,40,United-States,>50K
23,Private,215395,Some-college,10,Never-married,Craft-repair,Not-in-family,White,Male,0,0,40,United-States,<=50K
40,Private,434081,HS-grad,9,Divorced,Machine-op-inspct,Own-child,White,Female,0,0,40,United-States,<=50K
49,Private,68505,9th,5,Divorced,Other-service,Not-in-family,Black,Male,0,0,37,United-States,<=50K
29,Private,192384,HS-grad,9,Never-married,Craft-repair,Not-in-family,White,Male,0,0,40,United-States,<=50K
43,Private,90582,HS-grad,9,Married-civ-spouse,Transport-moving,Husband,White,Male,0,0,40,United-States,<=50K
43,Private,108126,HS-grad,9,Divorced,Other-service,Unmarried,White,Female,0,1762,24,United-States,<=50K
45,Private,217654,Some-college,10,Married-civ-spouse,Handlers-cleaners,Husband,White,Male,0,0,40,Germany,>50K
46,Private,189680,Some-college,10,Married-civ-spouse,Sales,Husband,White,Male,0,0,50,United-States,>50K
22,Local-gov,249727,Some-college,10,Married-civ-spouse,Protective-serv,Husband,White,Male,0,0,40,United-States,>50K
37,Local-gov,74194,Assoc-voc,11,Married-civ-spouse,Exec-managerial,Husband,White,Male,0,0,45,United-States,<=50K
22,Private,119742,HS-grad,9,Never-married,Sales,Not-in-family,White,Female,0,0,40,United-States,<=50K
47,Private,387468,Some-college,10,Married-civ-spouse,Prof-specialty,Husband,White,Male,0,0,40,Scotland,>50K
42,Private,198096,Some-college,10,Married-civ-spouse,Other-service,Husband,White,Male,0,0,40,United-States,>50K
43,Local-gov,188291,Prof-school,15,Married-civ-spouse,Prof-specialty,Husband,White,Male,15024,0,45,United-States,>50K
33,State-gov,108116,HS-grad,9,Married-civ-spouse,Tech-support,Husband,White,Male,0,0,40,United-States,<=50K
27,Private,101597,HS-grad,9,Married-civ-spouse,Machine-op-inspct,Wife,White,Female,0,0,40,United-States,<=50K
19,Private,84250,Some-college,10,Never-married,Prof-specialty,Own-child,White,Female,0,0,15,United-States,<=50K
47,Federal-gov,282830,Assoc-acdm,12,Married-civ-spouse,Adm-clerical,Husband,Black,Male,0,0,40,United-States,>50K
19,Private,199480,10th,6,Never-married,Handlers-cleaners,Own-child,White,Male,0,0,25,United-States,<=50K
61,Self-emp-inc,253101,Some-college,10,Widowed,Sales,Not-in-family,White,Female,0,0,20,United-States,<=50K
62,State-gov,160062,HS-grad,9,Married-civ-spouse,Transport-moving,Husband,White,Male,0,0,44,United-States,<=50K
42,Private,173981,Bachelors,13,Married-civ-spouse,Prof-specialty,Husband,White,Male,0,0,40,Italy,>50K
45,Local-gov,186375,Assoc-voc,11,Married-civ-spouse,Protective-serv,Husband,White,Male,0,0,40,United-States,<=50K
55,Private,200992,Some-college,10,Widowed,Other-service,Not-in-family,White,Female,0,0,35,United-States,<=50K
23,Private,278254,HS-grad,9,Married-civ-spouse,Machine-op-inspct,Husband,Black,Male,0,0,45,United-States,<=50K
38,Private,165848,Bachelors,13,Married-civ-spouse,Sales,Husband,White,Male,0,0,44,United-States,<=50K
34,Private,344275,HS-grad,9,Never-married,Transport-moving,Not-in-family,White,Male,0,0,70,United-States,<=50K
39,State-gov,201105,Bachelors,13,Married-civ-spouse,Exec-managerial,Wife,White,Female,0,0,55,United-States,>50K
63,Private,223637,HS-grad,9,Never-married,Other-service,Not-in-family,Black,Female,0,0,50,United-States,<=50K
33,Private,347623,Masters,14,Never-married,Exec-managerial,Unmarried,White,Male,0,0,40,United-States,<=50K
57,Private,257046,HS-grad,9,Married-civ-spouse,Craft-repair,Husband,White,Male,0,0,40,United-States,<=50K
64,Self-emp-not-inc,30664,Assoc-voc,11,Married-civ-spouse,Farming-fishing,Husband,White,Male,0,0,30,United-States,<=50K
44,Private,54611,Some-college,10,Divorced,Machine-op-inspct,Not-in-family,White,Male,0,0,50,United-States,<=50K
52,Private,122109,HS-grad,9,Never-married,Prof-specialty,Unmarried,White,Female,0,323,40,United-States,<=50K
56,Private,174744,HS-grad,9,Married-civ-spouse,Other-service,Husband,White,Male,0,0,40,United-States,<=50K
38,State-gov,156866,Bachelors,13,Married-civ-spouse,Adm-clerical,Husband,Other,Male,0,0,40,United-States,>50K
53,Private,224894,5th-6th,3,Married-civ-spouse,Priv-house-serv,Wife,Black,Female,0,0,10,Haiti,<=50K
57,Private,199572,11th,7,Married-civ-spouse,Machine-op-inspct,Husband,White,Male,0,0,40,United-States,<=50K
45,Private,199832,Bachelors,13,Married-civ-spouse,Adm-clerical,Husband,White,Male,0,0,15,United-States,<=50K
52,Private,24740,HS-grad,9,Married-civ-spouse,Transport-moving,Husband,White,Male,0,1740,55,United-States,<=50K
69,Local-gov,660461,HS-grad,9,Widowed,Adm-clerical,Not-in-family,Black,Female,0,0,20,United-States,<=50K
51,Private,158508,Some-college,10,Divorced,Exec-managerial,Not-in-family,White,Female,0,0,36,United-States,<=50K
19,Private,164395,HS-grad,9,Never-married,Adm-clerical,Own-child,White,Female,0,0,25,United-States,<=50K
49,Local-gov,49275,HS-grad,9,Never-married,Craft-repair,Not-in-family,White,Male,0,0,50,United-States,<=50K
59,Private,145574,11th,7,Married-civ-spouse,Adm-clerical,Husband,White,Male,0,0,40,United-States,<=50K
47,Self-emp-inc,215620,Masters,14,Married-civ-spouse,Exec-managerial,Husband,White,Male,15024,0,55,United-States,>50K
27,Private,190525,HS-grad,9,Never-married,Sales,Not-in-family,White,Male,0,0,50,United-States,>50K
46,Local-gov,232220,Masters,14,Divorced,Exec-managerial,Not-in-family,White,Male,0,0,50,United-States,>50K
50,Private,22418,HS-grad,9,Married-civ-spouse,Craft-repair,Husband,White,Male,0,0,40,United-States,<=50K
54,Private,165278,Some-college,10,Married-civ-spouse,Exec-managerial,Husband,White,Male,0,0,40,United-States,>50K
33,Private,73054,HS-grad,9,Divorced,Sales,Unmarried,White,Female,0,0,40,United-States,<=50K
21,Private,116234,Some-college,10,Never-married,Machine-op-inspct,Not-in-family,White,Male,0,0,44,United-States,<=50K
24,Private,161638,HS-grad,9,Married-civ-spouse,Machine-op-inspct,Not-in-family,White,Female,0,0,40,Ecuador,<=50K
29,Local-gov,142443,Bachelors,13,Married-civ-spouse,Prof-specialty,Husband,White,Male,0,0,60,United-States,<=50K
33,Private,186824,Assoc-voc,11,Married-civ-spouse,Sales,Husband,White,Male,0,0,40,United-States,<=50K
32,Private,286675,Some-college,10,Never-married,Exec-managerial,Not-in-family,White,Male,0,0,60,United-States,<=50K
29,Self-emp-not-inc,109001,Some-college,10,Married-civ-spouse,Craft-repair,Husband,White,Male,0,0,35,United-States,<=50K
36,Private,172256,HS-grad,9,Married-civ-spouse,Machine-op-inspct,Husband,White,Male,0,0,44,United-States,>50K
43,Private,237993,Some-college,10,Married-civ-spouse,Tech-support,Husband,White,Male,0,0,40,United-States,>50K
58,Private,259014,Some-college,10,Never-married,Transport-moving,Not-in-family,White,Male,0,0,20,United-States,<=50K
47,Private,97883,Bachelors,13,Widowed,Priv-house-serv,Unmarried,White,Female,25236,0,35,United-States,>50K
55,Self-emp-not-inc,153484,Some-college,10,Married-civ-spouse,Prof-specialty,Husband,White,Male,0,0,50,United-States,<=50K
46,Federal-gov,268281,Assoc-acdm,12,Divorced,Adm-clerical,Unmarried,White,Female,0,0,40,United-States,<=50K
46,Private,153328,Some-college,10,Never-married,Handlers-cleaners,Unmarried,Black,Female,0,0,40,United-States,<=50K
46,State-gov,248895,Bachelors,13,Married-civ-spouse,Exec-managerial,Husband,White,Male,0,0,40,United-States,>50K
25,Private,221757,Bachelors,13,Never-married,Exec-managerial,Not-in-family,White,Male,0,0,50,United-States,<=50K
30,Private,255486,HS-grad,9,Married-civ-spouse,Other-service,Husband,Black,Male,0,0,25,United-States,<=50K
32,Private,244147,HS-grad,9,Never-married,Craft-repair,Unmarried,White,Male,0,0,10,United-States,<=50K
34,Private,180284,Some-college,10,Married-civ-spouse,Farming-fishing,Husband,White,Male,0,0,40,United-States,>50K
44,Private,94706,Bachelors,13,Married-spouse-absent,Sales,Unmarried,Asian-Pac-Islander,Male,0,0,40,Laos,<=50K
35,Local-gov,123939,HS-grad,9,Never-married,Adm-clerical,Not-in-family,White,Female,0,0,40,United-States,<=50K
34,Self-emp-not-inc,208068,9th,5,Married-civ-spouse,Craft-repair,Husband,Other,Male,0,0,40,Guatemala,<=50K
30,Private,255279,HS-grad,9,Divorced,Adm-clerical,Unmarried,White,Female,0,0,20,United-States,<=50K
25,Private,144483,HS-grad,9,Separated,Exec-managerial,Unmarried,White,Female,0,0,40,United-States,<=50K
47,Federal-gov,53498,HS-grad,9,Divorced,Other-service,Unmarried,Black,Female,0,0,40,United-States,<=50K
44,Private,324311,5th-6th,3,Married-civ-spouse,Machine-op-inspct,Husband,White,Male,0,0,32,Mexico,<=50K
68,Self-emp-not-inc,211584,Some-college,10,Married-civ-spouse,Sales,Husband,White,Male,0,0,40,United-States,>50K
40,Private,280362,HS-grad,9,Married-civ-spouse,Transport-moving,Husband,White,Male,0,0,35,United-States,<=50K
24,Private,402778,9th,5,Never-married,Handlers-cleaners,Own-child,White,Male,0,0,12,United-States,<=50K
45,Local-gov,153312,Masters,14,Married-civ-spouse,Prof-specialty,Husband,Black,Male,0,0,10,United-States,>50K
30,Private,160594,Bachelors,13,Never-married,Exec-managerial,Not-in-family,White,Male,0,0,50,United-States,<=50K
55,Private,178644,9th,5,Married-civ-spouse,Craft-repair,Husband,White,Male,0,0,55,United-States,<=50K
31,Federal-gov,281540,Assoc-acdm,12,Married-civ-spouse,Tech-support,Husband,White,Male,0,0,45,United-States,<=50K
26,Self-emp-not-inc,223705,HS-grad,9,Divorced,Other-service,Unmarried,White,Female,0,0,40,Columbia,<=50K
32,Self-emp-not-inc,292465,Some-college,10,Married-civ-spouse,Exec-managerial,Husband,White,Male,0,0,35,United-States,>50K
39,Private,280570,Bachelors,13,Married-civ-spouse,Exec-managerial,Husband,White,Male,3103,0,50,United-States,>50K
39,Private,347814,Assoc-acdm,12,Never-married,Other-service,Own-child,White,Female,0,0,56,United-States,<=50K
39,Private,269323,Some-college,10,Married-civ-spouse,Exec-managerial,Husband,White,Male,0,0,40,United-States,>50K
19,Private,140499,HS-grad,9,Never-married,Protective-serv,Other-relative,White,Male,0,0,40,United-States,<=50K
49,Private,122066,5th-6th,3,Married-civ-spouse,Other-service,Husband,White,Male,0,2603,40,Greece,<=50K
38,Private,99388,Assoc-acdm,12,Married-civ-spouse,Other-service,Husband,White,Male,0,0,40,El-Salvador,<=50K
27,Private,150080,Bachelors,13,Never-married,Exec-managerial,Own-child,White,Female,0,0,40,United-States,<=50K
32,Private,178691,Bachelors,13,Never-married,Exec-managerial,Own-child,White,Female,0,0,45,United-States,<=50K
36,Private,166289,HS-grad,9,Never-married,Adm-clerical,Own-child,Black,Female,0,0,40,United-States,<=50K
28,Private,181659,HS-grad,9,Married-civ-spouse,Machine-op-inspct,Husband,White,Male,0,0,40,United-States,<=50K
38,Local-gov,409200,Some-college,10,Married-civ-spouse,Tech-support,Husband,White,Male,0,0,40,United-States,>50K
42,Local-gov,70655,HS-grad,9,Married-civ-spouse,Craft-repair,Husband,White,Male,0,0,44,United-States,<=50K
23,Private,193090,Some-college,10,Never-married,Adm-clerical,Not-in-family,White,Female,3674,0,40,United-States,<=50K
42,Private,212894,Masters,14,Married-civ-spouse,Prof-specialty,Husband,White,Male,0,0,23,United-States,>50K
46,Private,164733,Masters,14,Married-civ-spouse,Prof-specialty,Husband,White,Male,0,0,41,United-States,<=50K
38,Federal-gov,104236,Assoc-acdm,12,Divorced,Adm-clerical,Unmarried,White,Female,1471,0,40,United-States,<=50K
46,Local-gov,197042,Some-college,10,Married-civ-spouse,Exec-managerial,Wife,White,Female,0,0,50,United-States,<=50K
31,State-gov,557853,Bachelors,13,Never-married,Adm-clerical,Not-in-family,White,Male,0,0,47,United-States,<=50K
35,Private,190297,Bachelors,13,Married-civ-spouse,Sales,Husband,White,Male,0,1977,65,United-States,>50K
63,Private,195540,Assoc-voc,11,Divorced,Exec-managerial,Not-in-family,Black,Male,0,1408,40,United-States,<=50K
25,Private,345121,10th,6,Separated,Other-service,Own-child,White,Female,0,0,25,United-States,<=50K
63,Private,111963,Some-college,10,Married-civ-spouse,Prof-specialty,Husband,White,Male,0,0,16,United-States,<=50K
36,Private,75826,Bachelors,13,Divorced,Adm-clerical,Unmarried,White,Female,0,0,40,United-States,<=50K
39,Private,278187,HS-grad,9,Married-civ-spouse,Machine-op-inspct,Husband,White,Male,0,0,40,United-States,<=50K
25,Private,108001,Some-college,10,Married-civ-spouse,Handlers-cleaners,Husband,White,Male,0,0,45,United-States,<=50K
57,Private,140426,Doctorate,16,Married-civ-spouse,Tech-support,Husband,White,Male,0,1977,40,Germany,>50K
27,Self-emp-not-inc,301514,Some-college,10,Married-civ-spouse,Sales,Husband,Asian-Pac-Islander,Male,0,0,40,Vietnam,<=50K
51,Private,257337,HS-grad,9,Married-civ-spouse,Transport-moving,Husband,White,Male,0,0,50,United-States,<=50K
25,Local-gov,176616,HS-grad,9,Never-married,Other-service,Own-child,White,Male,0,0,40,United-States,<=50K
48,Private,155509,HS-grad,9,Never-married,Adm-clerical,Not-in-family,Black,Female,0,0,16,Trinadad&Tobago,<=50K
45,Private,273435,HS-grad,9,Married-civ-spouse,Craft-repair,Husband,White,Male,0,0,40,United-States,<=50K
47,Private,162302,HS-grad,9,Divorced,Adm-clerical,Unmarried,White,Female,0,0,20,United-States,<=50K
28,Private,190350,9th,5,Married-civ-spouse,Protective-serv,Wife,Black,Female,0,0,40,United-States,<=50K
17,Private,313444,12th,8,Never-married,Sales,Own-child,White,Female,0,0,20,United-States,<=50K
43,Private,54611,HS-grad,9,Married-civ-spouse,Machine-op-inspct,Husband,White,Male,0,0,40,United-States,<=50K
65,Private,65757,HS-grad,9,Never-married,Adm-clerical,Unmarried,White,Female,0,0,40,United-States,<=50K
41,Self-emp-not-inc,344624,Some-college,10,Married-civ-spouse,Prof-specialty,Husband,White,Male,0,0,60,United-States,>50K
31,Private,279015,Masters,14,Married-civ-spouse,Exec-managerial,Husband,White,Male,0,2415,70,Taiwan,>50K
20,Local-gov,271354,HS-grad,9,Never-married,Adm-clerical,Own-child,White,Male,0,0,40,United-States,<=50K
34,Private,203051,Bachelors,13,Married-civ-spouse,Adm-clerical,Husband,White,Male,0,0,27,United-States,<=50K
23,Private,240137,5th-6th,3,Never-married,Handlers-cleaners,Not-in-family,White,Male,0,0,55,Mexico,<=50K
40,Self-emp-not-inc,98985,HS-grad,9,Divorced,Exec-managerial,Not-in-family,Black,Male,0,0,50,United-States,<=50K
23,Private,237044,HS-grad,9,Never-married,Other-service,Own-child,Black,Male,0,0,12,United-States,<=50K
55,Private,102058,10th,6,Married-civ-spouse,Exec-managerial,Husband,White,Male,0,0,45,United-States,<=50K
38,Private,102178,HS-grad,9,Married-civ-spouse,Transport-moving,Husband,White,Male,0,0,50,United-States,<=50K
26,Local-gov,216522,Bachelors,13,Never-married,Prof-specialty,Own-child,Black,Female,0,0,42,United-States,<=50K
90,Private,149069,Assoc-acdm,12,Married-civ-spouse,Sales,Husband,White,Male,0,1825,50,United-States,>50K
36,Private,112497,Bachelors,13,Married-civ-spouse,Tech-support,Husband,White,Male,0,0,40,United-States,<=50K
18,Private,343059,Some-college,10,Never-married,Sales,Own-child,White,Female,0,0,40,United-States,<=50K
56,Self-emp-not-inc,174564,Masters,14,Married-civ-spouse,Prof-specialty,Husband,White,Male,0,0,60,United-States,>50K
53,Self-emp-inc,135643,Bachelors,13,Married-civ-spouse,Adm-clerical,Wife,Asian-Pac-Islander,Female,0,0,50,South,<=50K
30,Private,277455,HS-grad,9,Never-married,Protective-serv,Not-in-family,White,Male,0,0,40,United-States,<=50K
17,Private,153021,12th,8,Never-married,Sales,Own-child,White,Female,0,0,20,United-States,<=50K
23,Private,70894,Assoc-acdm,12,Never-married,Craft-repair,Other-relative,White,Male,0,0,40,United-States,<=50K
20,Private,312017,Some-college,10,Never-married,Protective-serv,Own-child,White,Male,0,0,40,Germany,<=50K
38,Federal-gov,190174,HS-grad,9,Divorced,Prof-specialty,Unmarried,White,Female,0,0,40,United-States,<=50K
22,Private,174461,Bachelors,13,Never-married,Adm-clerical,Not-in-family,White,Female,0,0,40,United-States,<=50K
44,Private,283174,Bachelors,13,Married-civ-spouse,Adm-clerical,Husband,White,Male,0,0,40,United-States,>50K
45,Self-emp-inc,201699,Doctorate,16,Married-civ-spouse,Prof-specialty,Husband,White,Male,0,0,60,United-States,>50K
24,Private,113936,Bachelors,13,Never-married,Other-service,Not-in-family,White,Male,0,0,55,United-States,<=50K
41,Private,117747,Bachelors,13,Divorced,Other-service,Unmarried,Asian-Pac-Islander,Female,0,0,40,Vietnam,<=50K
36,Private,300373,10th,6,Divorced,Machine-op-inspct,Unmarried,Black,Female,0,0,40,United-States,<=50K
56,State-gov,110257,HS-grad,9,Married-civ-spouse,Adm-clerical,Husband,White,Male,0,0,40,United-States,<=50K
17,Private,120676,11th,7,Never-married,Sales,Own-child,White,Female,0,0,16,United-States,<=50K
33,Private,179758,HS-grad,9,Married-civ-spouse,Sales,Wife,White,Female,0,0,20,United-States,<=50K
29,Private,157950,Some-college,10,Married-civ-spouse,Adm-clerical,Wife,White,Female,0,0,40,United-States,>50K
54,Self-emp-inc,103794,Masters,14,Divorced,Exec-managerial,Unmarried,White,Female,5721,0,35,United-States,<=50K
36,Private,66304,Bachelors,13,Married-civ-spouse,Exec-managerial,Husband,White,Male,0,0,55,United-States,>50K
58,Private,142924,Masters,14,Never-married,Adm-clerical,Not-in-family,White,Female,0,0,24,United-States,>50K
21,Private,191243,Some-college,10,Never-married,Other-service,Own-child,White,Male,0,0,40,United-States,<=50K
62,Private,123582,10th,6,Divorced,Other-service,Unmarried,White,Female,0,0,40,United-States,<=50K
30,Private,297155,Some-college,10,Divorced,Adm-clerical,Unmarried,Black,Female,0,0,40,United-States,<=50K
33,Self-emp-not-inc,93930,HS-grad,9,Married-civ-spouse,Exec-managerial,Husband,White,Male,0,0,40,United-States,<=50K
22,Private,236907,Some-college,10,Never-married,Handlers-cleaners,Own-child,White,Male,0,0,20,United-States,<=50K
51,Private,29580,11th,7,Married-civ-spouse,Sales,Husband,White,Male,4386,0,30,United-States,>50K
38,Self-emp-inc,176357,HS-grad,9,Married-civ-spouse,Exec-managerial,Husband,White,Male,0,0,50,United-States,<=50K
35,Private,1226583,Bachelors,13,Married-civ-spouse,Sales,Husband,White,Male,0,0,52,United-States,>50K
25,Private,198986,Bachelors,13,Never-married,Adm-clerical,Not-in-family,White,Male,0,0,40,United-States,>50K
41,Private,154194,HS-grad,9,Never-married,Sales,Own-child,White,Female,0,0,40,United-States,<=50K
17,Private,317702,10th,6,Never-married,Sales,Own-child,Black,Female,0,0,15,United-States,<=50K
24,Private,698418,Some-college,10,Never-married,Adm-clerical,Own-child,Black,Female,0,0,25,United-States,<=50K
52,Private,42924,12th,8,Married-civ-spouse,Craft-repair,Husband,White,Male,0,0,45,United-States,<=50K
31,Private,160594,Assoc-acdm,12,Never-married,Prof-specialty,Own-child,White,Male,0,0,3,United-States,<=50K
45,Private,54098,HS-grad,9,Married-civ-spouse,Exec-managerial,Husband,White,Male,0,0,45,United-States,>50K
43,Private,27661,Some-college,10,Never-married,Craft-repair,Not-in-family,White,Male,0,0,40,United-States,<=50K
38,Private,23892,HS-grad,9,Married-civ-spouse,Machine-op-inspct,Wife,White,Female,0,0,40,United-States,<=50K
37,Private,24721,Some-college,10,Divorced,Other-service,Unmarried,White,Female,0,0,25,United-States,<=50K
40,Local-gov,26929,Masters,14,Never-married,Prof-specialty,Not-in-family,White,Female,0,0,40,United-States,<=50K
36,Private,136343,Bachelors,13,Married-civ-spouse,Prof-specialty,Husband,White,Male,0,0,40,United-States,>50K
37,Private,98776,HS-grad,9,Married-civ-spouse,Farming-fishing,Husband,White,Male,0,0,15,United-States,<=50K
52,State-gov,71344,Masters,14,Married-civ-spouse,Prof-specialty,Husband,White,Male,0,0,40,United-States,<=50K
47,Private,131002,Bachelors,13,Married-civ-spouse,Prof-specialty,Husband,White,Male,0,0,50,United-States,>50K
47,Local-gov,274657,HS-grad,9,Married-civ-spouse,Other-service,Other-relative,White,Male,3908,0,40,United-States,<=50K
36,Private,144154,HS-grad,9,Divorced,Exec-managerial,Not-in-family,White,Female,0,0,40,United-States,<=50K
31,Private,451744,HS-grad,9,Never-married,Craft-repair,Not-in-family,White,Male,0,0,50,United-States,<=50K
30,Private,160594,HS-grad,9,Married-civ-spouse,Craft-repair,Husband,White,Male,0,0,40,United-States,<=50K
37,State-gov,24342,Some-college,10,Married-civ-spouse,Exec-managerial,Husband,White,Male,0,0,38,United-States,<=50K
22,Private,99829,Some-college,10,Never-married,Machine-op-inspct,Own-child,White,Female,0,0,30,United-States,<=50K
35,Private,186815,HS-grad,9,Married-civ-spouse,Machine-op-inspct,Husband,White,Male,0,0,40,United-States,<=50K
51,Private,138179,HS-grad,9,Separated,Machine-op-inspct,Not-in-family,White,Male,0,1876,40,United-States,<=50K
59,Private,296253,HS-grad,9,Divorced,Exec-managerial,Not-in-family,White,Female,0,0,40,United-States,<=50K
33,Private,83231,HS-grad,9,Married-civ-spouse,Other-service,Wife,White,Female,0,0,40,United-States,<=50K
43,Private,301007,Masters,14,Married-civ-spouse,Exec-managerial,Husband,White,Male,7298,0,50,United-States,>50K
28,Local-gov,207213,Assoc-acdm,12,Never-married,Craft-repair,Own-child,White,Male,0,0,5,United-States,<=50K
47,Private,199277,HS-grad,9,Married-civ-spouse,Machine-op-inspct,Husband,White,Male,0,0,50,Portugal,>50K
23,Private,66432,Some-college,10,Separated,Sales,Unmarried,Black,Female,0,0,35,United-States,<=50K
38,Private,43712,Bachelors,13,Married-civ-spouse,Prof-specialty,Husband,White,Male,7298,0,60,United-States,>50K
47,Private,98828,HS-grad,9,Widowed,Prof-specialty,Unmarried,Other,Female,0,0,35,Puerto-Rico,<=50K
65,Private,85787,7th-8th,4,Married-civ-spouse,Craft-repair,Husband,White,Male,0,0,40,United-States,<=50K
32,Private,194740,Bachelors,13,Married-civ-spouse,Sales,Husband,White,Male,0,1902,40,United-States,>50K
50,Private,146015,HS-grad,9,Married-civ-spouse,Craft-repair,Husband,White,Male,0,0,40,United-States,<=50K
53,Local-gov,155314,HS-grad,9,Married-civ-spouse,Adm-clerical,Wife,White,Female,0,0,40,United-States,>50K
48,Private,169324,HS-grad,9,Never-married,Other-service,Unmarried,Black,Female,0,0,32,Haiti,<=50K
37,Private,143058,Some-college,10,Married-civ-spouse,Craft-repair,Husband,White,Male,0,0,40,United-States,<=50K
29,Private,204984,HS-grad,9,Married-civ-spouse,Craft-repair,Husband,White,Male,0,0,40,United-States,>50K
29,Local-gov,370675,Masters,14,Never-married,Prof-specialty,Not-in-family,White,Female,0,0,50,United-States,<=50K
52,Private,83984,Some-college,10,Married-civ-spouse,Sales,Own-child,White,Female,0,0,40,United-States,<=50K
18,Private,366154,HS-grad,9,Never-married,Other-service,Not-in-family,White,Male,0,0,30,United-States,<=50K
31,Private,183801,Masters,14,Married-civ-spouse,Prof-specialty,Husband,White,Male,0,1902,43,United-States,>50K
31,Local-gov,275369,Some-college,10,Never-married,Protective-serv,Not-in-family,Black,Male,0,0,40,United-States,<=50K
27,Private,50818,Masters,14,Never-married,Tech-support,Not-in-family,White,Male,0,0,55,United-States,<=50K
59,Self-emp-not-inc,31137,HS-grad,9,Married-civ-spouse,Farming-fishing,Husband,White,Male,0,0,70,United-States,<=50K
36,Private,258102,HS-grad,9,Never-married,Handlers-cleaners,Not-in-family,White,Male,0,0,40,United-States,<=50K
42,Private,212894,Bachelors,13,Married-civ-spouse,Sales,Husband,White,Male,0,1887,40,United-States,>50K
19,Local-gov,43921,Some-college,10,Never-married,Machine-op-inspct,Not-in-family,White,Male,0,0,40,United-States,<=50K
39,Self-emp-inc,329980,Bachelors,13,Married-civ-spouse,Sales,Husband,White,Male,0,2415,60,United-States,>50K
54,Private,150999,Some-college,10,Divorced,Machine-op-inspct,Not-in-family,White,Male,0,0,60,United-States,<=50K
34,Private,302770,Some-college,10,Married-civ-spouse,Sales,Husband,White,Male,0,0,60,United-States,<=50K
18,Private,434430,HS-grad,9,Never-married,Prof-specialty,Not-in-family,White,Male,0,0,30,United-States,<=50K
27,Private,109165,Some-college,10,Married-civ-spouse,Craft-repair,Husband,White,Male,0,0,60,United-States,<=50K
60,Private,116230,7th-8th,4,Married-civ-spouse,Craft-repair,Husband,White,Male,0,0,40,United-States,<=50K
22,Private,212261,Some-college,10,Never-married,Transport-moving,Own-child,Black,Male,0,0,39,United-States,<=50K
23,Private,161708,Some-college,10,Never-married,Other-service,Unmarried,White,Female,0,0,20,United-States,<=50K
49,Self-emp-not-inc,32825,HS-grad,9,Divorced,Transport-moving,Not-in-family,White,Male,0,0,70,United-States,<=50K
47,Private,227310,Some-college,10,Divorced,Adm-clerical,Unmarried,Black,Female,0,0,40,United-States,<=50K
57,Self-emp-not-inc,87584,Doctorate,16,Divorced,Prof-specialty,Not-in-family,White,Female,0,0,25,United-States,<=50K
83,Self-emp-inc,272248,HS-grad,9,Divorced,Sales,Not-in-family,White,Male,0,0,20,United-States,<=50K
47,Self-emp-not-inc,107231,Assoc-acdm,12,Married-civ-spouse,Craft-repair,Husband,White,Male,0,1672,65,United-States,<=50K
49,Private,169760,Bachelors,13,Married-civ-spouse,Prof-specialty,Wife,White,Female,0,0,50,United-States,>50K
23,Private,197997,HS-grad,9,Never-married,Handlers-cleaners,Own-child,White,Male,0,0,30,United-States,<=50K
59,Self-emp-not-inc,182142,Doctorate,16,Married-civ-spouse,Prof-specialty,Husband,White,Male,0,0,40,United-States,<=50K
17,Private,277541,11th,7,Never-married,Sales,Own-child,White,Male,0,0,5,United-States,<=50K
27,Private,303954,Bachelors,13,Married-civ-spouse,Sales,Husband,White,Male,0,0,45,United-States,<=50K
38,Private,112093,11th,7,Married-civ-spouse,Transport-moving,Husband,White,Male,0,0,40,United-States,<=50K
32,Private,344129,HS-grad,9,Married-civ-spouse,Machine-op-inspct,Husband,White,Male,0,0,40,United-States,>50K
37,Federal-gov,287031,Masters,14,Married-civ-spouse,Tech-support,Husband,White,Male,0,0,50,United-States,>50K
50,Self-emp-not-inc,200618,Masters,14,Married-civ-spouse,Exec-managerial,Husband,White,Male,0,0,60,United-States,>50K
33,Federal-gov,26543,Assoc-voc,11,Married-civ-spouse,Tech-support,Husband,White,Male,0,0,40,United-States,>50K
30,Federal-gov,340899,Bachelors,13,Never-married,Prof-specialty,Not-in-family,White,Male,0,0,40,United-States,<=50K
31,Federal-gov,165949,Bachelors,13,Never-married,Exec-managerial,Not-in-family,White,Female,0,0,45,United-States,<=50K
46,Self-emp-not-inc,315984,HS-grad,9,Married-civ-spouse,Exec-managerial,Husband,White,Male,0,0,50,United-States,<=50K
34,Private,277314,Assoc-acdm,12,Married-civ-spouse,Sales,Husband,Black,Male,0,1902,50,United-States,>50K
33,Private,130021,HS-grad,9,Married-civ-spouse,Transport-moving,Husband,White,Male,0,0,40,United-States,<=50K
44,Private,216907,Assoc-acdm,12,Married-civ-spouse,Craft-repair,Husband,White,Male,0,1848,40,United-States,>50K
51,Local-gov,349431,HS-grad,9,Married-civ-spouse,Craft-repair,Husband,White,Male,4386,0,40,United-States,>50K
65,Private,242580,Some-college,10,Divorced,Prof-specialty,Not-in-family,White,Male,11678,0,50,United-States,>50K
36,Private,192614,HS-grad,9,Divorced,Machine-op-inspct,Not-in-family,White,Male,0,0,56,United-States,<=50K
33,Private,206280,HS-grad,9,Never-married,Adm-clerical,Not-in-family,Black,Male,0,0,40,United-States,<=50K
36,Private,112271,HS-grad,9,Married-civ-spouse,Transport-moving,Husband,White,Male,0,0,40,United-States,<=50K
61,Federal-gov,28291,Bachelors,13,Married-civ-spouse,Exec-managerial,Wife,White,Female,0,0,40,United-States,<=50K
44,Private,227065,Bachelors,13,Married-civ-spouse,Exec-managerial,Husband,White,Male,0,0,40,United-States,>50K
49,Private,225124,HS-grad,9,Divorced,Other-service,Own-child,Black,Female,0,0,40,United-States,<=50K
71,State-gov,100063,HS-grad,9,Married-civ-spouse,Craft-repair,Husband,Black,Male,0,0,40,United-States,<=50K
23,Private,153044,HS-grad,9,Never-married,Handlers-cleaners,Unmarried,Black,Female,0,0,7,United-States,<=50K
46,Local-gov,116906,Masters,14,Never-married,Prof-specialty,Not-in-family,Black,Female,0,2258,35,United-States,<=50K
30,Private,19302,Some-college,10,Never-married,Adm-clerical,Not-in-family,White,Male,0,0,48,United-States,<=50K
49,State-gov,423222,Masters,14,Married-civ-spouse,Sales,Husband,White,Male,99999,0,80,United-States,>50K
26,Private,102476,HS-grad,9,Never-married,Craft-repair,Own-child,White,Male,0,0,40,United-States,<=50K
64,Local-gov,190228,HS-grad,9,Widowed,Adm-clerical,Not-in-family,White,Female,0,0,35,United-States,>50K
34,Private,189759,Bachelors,13,Married-civ-spouse,Exec-managerial,Husband,White,Male,0,1977,45,United-States,>50K
35,Private,204621,Assoc-acdm,12,Divorced,Other-service,Own-child,White,Female,0,0,40,United-States,<=50K
22,Federal-gov,471452,Bachelors,13,Never-married,Tech-support,Own-child,White,Male,0,0,8,United-States,<=50K
17,Private,147497,5th-6th,3,Never-married,Sales,Own-child,White,Female,0,0,20,United-States,<=50K
19,Private,318822,HS-grad,9,Never-married,Adm-clerical,Not-in-family,White,Female,0,0,40,United-States,<=50K
40,Private,218653,Some-college,10,Married-civ-spouse,Prof-specialty,Husband,White,Male,0,0,40,United-States,<=50K
76,Private,152839,HS-grad,9,Married-civ-spouse,Prof-specialty,Husband,White,Male,0,0,20,United-States,<=50K
27,Private,209472,Bachelors,13,Never-married,Exec-managerial,Not-in-family,White,Male,0,0,50,United-States,<=50K
50,Private,125417,Assoc-acdm,12,Married-civ-spouse,Exec-managerial,Wife,Black,Female,0,0,40,United-States,>50K
19,Federal-gov,234151,HS-grad,9,Never-married,Adm-clerical,Unmarried,Black,Female,0,0,40,United-States,<=50K
50,Private,172052,HS-grad,9,Married-civ-spouse,Prof-specialty,Husband,Asian-Pac-Islander,Male,0,0,35,South,>50K
31,Private,34503,Assoc-voc,11,Married-civ-spouse,Craft-repair,Husband,White,Male,0,0,40,United-States,>50K
38,Private,98776,Some-college,10,Married-civ-spouse,Adm-clerical,Husband,White,Male,0,0,40,United-States,>50K
63,Self-emp-not-inc,298249,Bachelors,13,Married-civ-spouse,Sales,Husband,White,Male,10605,0,40,United-States,>50K
37,Private,173128,HS-grad,9,Divorced,Other-service,Not-in-family,White,Male,0,0,40,United-States,<=50K
35,Private,185084,HS-grad,9,Married-civ-spouse,Handlers-cleaners,Husband,White,Male,0,0,48,United-States,>50K
30,Private,152453,11th,7,Married-civ-spouse,Other-service,Husband,White,Male,0,0,40,Mexico,<=50K
26,Private,199143,HS-grad,9,Married-civ-spouse,Handlers-cleaners,Husband,White,Male,0,0,50,United-States,<=50K
70,Self-emp-not-inc,268832,Assoc-voc,11,Married-civ-spouse,Farming-fishing,Husband,White,Male,0,0,24,United-States,>50K
48,Federal-gov,110457,Some-college,10,Divorced,Exec-managerial,Not-in-family,White,Male,0,0,40,United-States,<=50K
49,Local-gov,31267,Bachelors,13,Married-civ-spouse,Prof-specialty,Husband,White,Male,0,0,50,United-States,<=50K
62,Private,312818,Bachelors,13,Married-civ-spouse,Exec-managerial,Husband,White,Male,0,1902,1,United-States,>50K
40,Private,126845,Some-college,10,Married-civ-spouse,Adm-clerical,Husband,White,Male,0,0,40,United-States,>50K
33,Private,121195,HS-grad,9,Never-married,Machine-op-inspct,Not-in-family,Other,Male,0,0,50,United-States,<=50K
36,Private,103110,Doctorate,16,Never-married,Prof-specialty,Not-in-family,White,Male,0,0,40,England,<=50K
30,State-gov,127610,Assoc-voc,11,Never-married,Prof-specialty,Not-in-family,White,Female,0,0,40,United-States,<=50K
45,Private,179428,Some-college,10,Married-civ-spouse,Transport-moving,Husband,White,Male,0,0,55,United-States,<=50K
45,Private,89028,HS-grad,9,Divorced,Craft-repair,Not-in-family,Asian-Pac-Islander,Male,10520,0,40,United-States,>50K
36,Private,112497,9th,5,Married-civ-spouse,Sales,Own-child,White,Male,0,0,50,United-States,>50K
37,Private,255454,7th-8th,4,Married-civ-spouse,Machine-op-inspct,Husband,Black,Male,7298,0,35,Haiti,>50K
37,Private,52870,Bachelors,13,Married-civ-spouse,Exec-managerial,Husband,White,Male,0,0,40,United-States,<=50K
51,Private,199995,9th,5,Married-civ-spouse,Craft-repair,Husband,White,Male,0,0,50,United-States,>50K
37,Self-emp-not-inc,30973,HS-grad,9,Married-civ-spouse,Exec-managerial,Husband,White,Male,0,0,40,United-States,<=50K
41,Federal-gov,371382,Some-college,10,Married-civ-spouse,Exec-managerial,Husband,Black,Male,0,0,40,United-States,>50K
31,Private,150441,Some-college,10,Divorced,Adm-clerical,Not-in-family,White,Female,0,0,50,United-States,<=50K
28,Private,190367,HS-grad,9,Married-civ-spouse,Machine-op-inspct,Husband,White,Male,0,0,45,United-States,<=50K
47,Self-emp-inc,337050,Some-college,10,Married-civ-spouse,Farming-fishing,Husband,White,Male,0,0,40,United-States,<=50K
35,Private,222989,HS-grad,9,Married-civ-spouse,Transport-moving,Husband,White,Male,0,0,30,United-States,<=50K
36,Private,146625,11th,7,Widowed,Other-service,Unmarried,Black,Female,0,0,12,United-States,<=50K
46,Private,384795,Bachelors,13,Divorced,Prof-specialty,Unmarried,Black,Female,0,0,32,United-States,<=50K
19,Private,164339,HS-grad,9,Never-married,Handlers-cleaners,Own-child,White,Male,1055,0,70,United-States,<=50K
48,Self-emp-not-inc,379883,Masters,14,Married-civ-spouse,Exec-managerial,Husband,White,Male,0,0,40,Mexico,>50K
33,Private,496743,HS-grad,9,Married-civ-spouse,Prof-specialty,Husband,White,Male,0,0,88,United-States,<=50K
27,Self-emp-not-inc,132686,HS-grad,9,Married-civ-spouse,Transport-moving,Husband,White,Male,0,0,50,United-States,<=50K
54,Local-gov,166398,Some-college,10,Divorced,Exec-managerial,Unmarried,Black,Female,0,0,35,United-States,<=50K
45,Private,189564,Bachelors,13,Married-civ-spouse,Sales,Wife,White,Female,0,0,42,United-States,>50K
21,Private,50411,HS-grad,9,Never-married,Farming-fishing,Not-in-family,White,Male,0,0,40,United-States,<=50K
43,State-gov,218542,HS-grad,9,Never-married,Adm-clerical,Unmarried,Black,Female,0,0,40,United-States,<=50K
19,Private,354104,HS-grad,9,Never-married,Handlers-cleaners,Own-child,White,Male,0,0,30,United-States,<=50K
30,Local-gov,210926,9th,5,Divorced,Farming-fishing,Unmarried,White,Female,0,0,40,Mexico,<=50K
69,State-gov,163689,Some-college,10,Married-civ-spouse,Transport-moving,Husband,White,Male,0,0,16,United-States,<=50K
71,Private,150943,Bachelors,13,Widowed,Exec-managerial,Other-relative,White,Female,0,0,40,United-States,<=50K
20,State-gov,223515,Assoc-acdm,12,Never-married,Other-service,Own-child,White,Male,0,1719,20,United-States,<=50K
41,Self-emp-inc,214247,Prof-school,15,Married-civ-spouse,Prof-specialty,Husband,White,Male,0,2415,60,United-States,>50K
40,State-gov,391736,Assoc-voc,11,Married-civ-spouse,Craft-repair,Husband,White,Male,0,0,40,United-States,<=50K
35,Self-emp-inc,237713,Prof-school,15,Married-civ-spouse,Prof-specialty,Husband,White,Male,0,0,50,United-States,>50K
56,Private,101436,HS-grad,9,Divorced,Adm-clerical,Other-relative,Amer-Indian-Eskimo,Female,0,0,35,United-States,<=50K
32,Federal-gov,131534,HS-grad,9,Never-married,Exec-managerial,Not-in-family,Black,Female,0,0,40,United-States,<=50K
44,Self-emp-inc,63503,Bachelors,13,Married-civ-spouse,Sales,Husband,White,Male,0,0,60,Greece,>50K
41,Private,185132,Bachelors,13,Never-married,Prof-specialty,Not-in-family,White,Female,0,0,45,United-States,<=50K
25,Local-gov,48317,Bachelors,13,Never-married,Prof-specialty,Not-in-family,White,Male,0,0,30,United-States,<=50K
63,Self-emp-not-inc,289741,Masters,14,Married-civ-spouse,Farming-fishing,Husband,White,Male,41310,0,50,United-States,<=50K
35,Local-gov,33943,Some-college,10,Married-civ-spouse,Protective-serv,Husband,Other,Male,0,0,40,United-States,>50K
47,Private,191957,HS-grad,9,Married-civ-spouse,Sales,Husband,Black,Male,0,0,40,United-States,>50K
31,Private,121321,11th,7,Married-civ-spouse,Sales,Husband,White,Male,0,0,51,United-States,<=50K
52,Federal-gov,290856,Bachelors,13,Married-civ-spouse,Prof-specialty,Husband,White,Male,0,0,40,United-States,>50K
43,Private,355728,HS-grad,9,Divorced,Machine-op-inspct,Own-child,White,Male,0,0,40,United-States,<=50K
52,Federal-gov,125796,HS-grad,9,Never-married,Adm-clerical,Not-in-family,Black,Male,0,0,40,United-States,<=50K
25,Private,117833,Bachelors,13,Never-married,Prof-specialty,Not-in-family,White,Female,0,1876,40,United-States,<=50K
48,Private,86009,Assoc-voc,11,Married-civ-spouse,Craft-repair,Husband,White,Male,0,0,40,United-States,>50K
41,Self-emp-not-inc,438696,Masters,14,Divorced,Sales,Unmarried,White,Male,0,0,5,United-States,>50K
25,Private,298225,HS-grad,9,Divorced,Craft-repair,Not-in-family,White,Male,0,0,50,United-States,<=50K
45,Private,225456,Bachelors,13,Married-civ-spouse,Prof-specialty,Husband,White,Male,0,1977,40,United-States,>50K
42,Private,159449,Bachelors,13,Married-civ-spouse,Exec-managerial,Husband,White,Male,5178,0,40,United-States,>50K
47,Private,664821,Bachelors,13,Married-civ-spouse,Other-service,Husband,White,Male,0,0,40,El-Salvador,<=50K
34,Private,258666,Assoc-voc,11,Never-married,Tech-support,Not-in-family,White,Female,0,1974,40,United-States,<=50K
20,Private,167868,HS-grad,9,Never-married,Other-service,Not-in-family,White,Female,0,0,35,United-States,<=50K
47,Self-emp-not-inc,185859,HS-grad,9,Married-civ-spouse,Farming-fishing,Husband,White,Male,3103,0,60,United-States,>50K
19,Private,106306,Some-college,10,Divorced,Other-service,Own-child,White,Female,0,0,40,United-States,<=50K
22,Private,193090,HS-grad,9,Never-married,Sales,Not-in-family,White,Female,0,0,37,United-States,<=50K
48,Private,165484,Bachelors,13,Separated,Sales,Not-in-family,White,Male,0,0,65,United-States,>50K
25,Self-emp-not-inc,257574,Bachelors,13,Never-married,Adm-clerical,Not-in-family,Black,Female,0,0,20,United-States,<=50K
19,Private,41163,HS-grad,9,Never-married,Sales,Not-in-family,White,Male,0,0,38,United-States,<=50K
40,Private,408717,HS-grad,9,Married-civ-spouse,Craft-repair,Husband,White,Male,0,0,40,United-States,>50K
35,Private,246449,HS-grad,9,Never-married,Other-service,Not-in-family,White,Male,3325,0,50,United-States,<=50K
39,Federal-gov,388252,Bachelors,13,Never-married,Tech-support,Own-child,Black,Male,0,0,40,United-States,<=50K
22,Private,224969,HS-grad,9,Never-married,Adm-clerical,Own-child,White,Male,0,0,40,United-States,<=50K
55,Private,26716,10th,6,Never-married,Transport-moving,Not-in-family,White,Male,0,0,60,United-States,<=50K
27,Private,247507,HS-grad,9,Married-civ-spouse,Craft-repair,Husband,White,Male,0,0,40,United-States,<=50K
33,Private,379798,HS-grad,9,Married-civ-spouse,Craft-repair,Husband,White,Male,0,0,40,United-States,<=50K
31,Private,242616,Bachelors,13,Divorced,Tech-support,Unmarried,White,Female,0,0,40,United-States,<=50K
38,Private,237943,Prof-school,15,Married-civ-spouse,Prof-specialty,Husband,White,Male,0,0,50,United-States,<=50K
29,Local-gov,190330,Some-college,10,Never-married,Other-service,Own-child,White,Female,0,0,10,United-States,<=50K
50,Private,140592,HS-grad,9,Married-civ-spouse,Machine-op-inspct,Wife,White,Female,0,0,40,United-States,<=50K
40,Private,286750,11th,7,Separated,Machine-op-inspct,Not-in-family,Black,Male,0,0,36,United-States,<=50K
36,Private,182074,HS-grad,9,Never-married,Adm-clerical,Other-relative,White,Male,0,0,40,United-States,<=50K
30,Self-emp-inc,132601,Bachelors,13,Married-civ-spouse,Craft-repair,Husband,White,Male,0,0,40,United-States,>50K
25,Private,122999,HS-grad,9,Never-married,Craft-repair,Own-child,White,Male,0,0,40,United-States,<=50K
61,Federal-gov,229062,Some-college,10,Married-civ-spouse,Adm-clerical,Husband,White,Male,0,1887,40,United-States,>50K
40,State-gov,140108,9th,5,Separated,Machine-op-inspct,Not-in-family,Black,Male,0,0,40,United-States,<=50K
36,Private,61778,Some-college,10,Married-civ-spouse,Craft-repair,Husband,White,Male,0,0,60,United-States,>50K
31,Private,327825,HS-grad,9,Separated,Machine-op-inspct,Unmarried,White,Female,0,2238,40,United-States,<=50K
57,Private,124507,Bachelors,13,Married-civ-spouse,Sales,Husband,White,Male,0,0,55,United-States,>50K
42,Private,186916,Masters,14,Married-civ-spouse,Exec-managerial,Husband,White,Male,0,2415,55,United-States,>50K
29,Private,145490,11th,7,Married-civ-spouse,Other-service,Husband,White,Male,0,0,40,United-States,<=50K
45,Private,341995,Assoc-voc,11,Married-civ-spouse,Prof-specialty,Husband,White,Male,0,1902,42,United-States,>50K
39,Private,108540,HS-grad,9,Married-civ-spouse,Sales,Husband,White,Male,0,0,40,United-States,<=50K
40,Self-emp-not-inc,49156,Some-college,10,Married-civ-spouse,Prof-specialty,Husband,White,Male,0,0,20,United-States,<=50K
41,Private,306405,Some-college,10,Married-civ-spouse,Tech-support,Wife,White,Female,0,0,40,United-States,<=50K
40,Local-gov,174395,Bachelors,13,Married-civ-spouse,Exec-managerial,Husband,White,Male,0,0,60,United-States,>50K
18,Private,257980,HS-grad,9,Never-married,Machine-op-inspct,Not-in-family,White,Male,0,0,40,United-States,<=50K
35,Self-emp-not-inc,114366,Bachelors,13,Married-civ-spouse,Prof-specialty,Husband,White,Male,0,0,40,United-States,<=50K
35,Private,82552,Assoc-acdm,12,Married-civ-spouse,Tech-support,Husband,White,Male,0,0,40,United-States,<=50K
40,Local-gov,290660,Assoc-acdm,12,Divorced,Exec-managerial,Not-in-family,White,Male,8614,0,50,United-States,>50K
21,Private,345253,Some-college,10,Never-married,Adm-clerical,Not-in-family,Other,Male,2174,0,40,United-States,<=50K
34,Self-emp-inc,28984,Assoc-voc,11,Divorced,Sales,Unmarried,White,Female,0,0,40,United-States,<=50K
44,Private,406734,Masters,14,Married-civ-spouse,Craft-repair,Husband,Black,Male,0,0,40,United-States,<=50K
40,Private,445382,HS-grad,9,Married-civ-spouse,Exec-managerial,Husband,White,Male,0,0,40,United-States,>50K
54,Private,197189,Bachelors,13,Married-civ-spouse,Transport-moving,Husband,White,Male,0,0,40,United-States,<=50K
42,Private,435356,Assoc-acdm,12,Married-civ-spouse,Exec-managerial,Husband,White,Male,0,0,44,United-States,>50K
28,State-gov,277635,Some-college,10,Never-married,Adm-clerical,Not-in-family,White,Female,0,0,50,United-States,<=50K
41,State-gov,222434,Assoc-acdm,12,Married-civ-spouse,Protective-serv,Husband,White,Male,0,0,40,United-States,<=50K
26,Private,152035,HS-grad,9,Never-married,Exec-managerial,Not-in-family,White,Female,0,0,40,United-States,<=50K
21,Private,243368,Preschool,1,Never-married,Farming-fishing,Not-in-family,White,Male,0,0,50,Mexico,<=50K
38,Self-emp-inc,141584,HS-grad,9,Divorced,Sales,Unmarried,White,Male,0,0,55,United-States,<=50K
28,Private,207513,HS-grad,9,Never-married,Sales,Own-child,White,Male,0,0,48,United-States,<=50K
65,Private,170012,Bachelors,13,Married-civ-spouse,Adm-clerical,Husband,White,Male,0,0,34,United-States,<=50K
41,Private,177305,Assoc-acdm,12,Married-civ-spouse,Craft-repair,Husband,White,Male,0,0,60,United-States,>50K
23,Private,84648,Some-college,10,Never-married,Sales,Own-child,White,Female,0,0,25,United-States,<=50K
52,Self-emp-inc,206054,Some-college,10,Married-civ-spouse,Craft-repair,Husband,White,Male,0,0,40,United-States,<=50K
44,Private,160323,Some-college,10,Married-civ-spouse,Machine-op-inspct,Husband,Black,Male,7688,0,40,United-States,>50K
39,Private,188069,9th,5,Married-civ-spouse,Transport-moving,Husband,White,Male,0,0,25,United-States,<=50K
31,Self-emp-inc,243165,HS-grad,9,Married-civ-spouse,Sales,Husband,White,Male,0,0,50,United-States,>50K
43,Federal-gov,410867,Doctorate,16,Never-married,Prof-specialty,Not-in-family,White,Female,0,0,50,United-States,>50K
44,Private,214546,Some-college,10,Married-civ-spouse,Transport-moving,Husband,White,Male,0,0,48,United-States,>50K
22,Private,197387,Some-college,10,Never-married,Handlers-cleaners,Other-relative,White,Male,0,0,24,Mexico,<=50K
52,Private,78012,HS-grad,9,Widowed,Sales,Unmarried,White,Female,0,1762,40,United-States,<=50K
34,Self-emp-not-inc,581025,9th,5,Never-married,Other-service,Own-child,Black,Male,0,0,38,United-States,<=50K
29,Private,255476,5th-6th,3,Never-married,Other-service,Other-relative,White,Male,0,0,35,Mexico,<=50K
33,Private,208881,Assoc-acdm,12,Married-civ-spouse,Machine-op-inspct,Husband,White,Male,7298,0,60,United-States,>50K
32,Private,169841,Some-college,10,Divorced,Sales,Not-in-family,White,Female,0,0,55,United-States,<=50K
53,Self-emp-not-inc,257728,HS-grad,9,Married-civ-spouse,Craft-repair,Husband,White,Male,0,0,50,United-States,>50K
35,Private,111387,Some-college,10,Married-civ-spouse,Handlers-cleaners,Husband,White,Male,0,1579,40,United-States,<=50K
30,Self-emp-inc,78530,HS-grad,9,Married-civ-spouse,Exec-managerial,Husband,White,Male,0,0,65,Canada,>50K
23,Private,202373,HS-grad,9,Never-married,Sales,Own-child,Black,Male,0,0,20,United-States,<=50K
50,Self-emp-not-inc,198581,Prof-school,15,Married-civ-spouse,Prof-specialty,Husband,White,Male,0,0,50,United-States,>50K
39,Private,123945,HS-grad,9,Married-civ-spouse,Adm-clerical,Wife,White,Female,0,0,40,United-States,>50K
47,Private,155107,HS-grad,9,Married-civ-spouse,Tech-support,Husband,White,Male,0,0,40,United-States,<=50K
42,Private,124692,HS-grad,9,Married-civ-spouse,Handlers-cleaners,Husband,White,Male,0,0,40,United-States,<=50K
28,Private,194940,HS-grad,9,Married-civ-spouse,Machine-op-inspct,Husband,White,Male,0,0,40,United-States,<=50K
22,Private,126822,10th,6,Never-married,Sales,Own-child,White,Female,0,0,30,United-States,<=50K
55,Private,176904,10th,6,Married-civ-spouse,Transport-moving,Husband,White,Male,0,0,50,United-States,<=50K
48,Federal-gov,205707,Masters,14,Married-spouse-absent,Exec-managerial,Not-in-family,White,Female,10520,0,50,United-States,>50K
25,Private,421467,Assoc-acdm,12,Never-married,Handlers-cleaners,Own-child,White,Male,0,0,26,United-States,<=50K
18,Private,418176,Some-college,10,Never-married,Exec-managerial,Not-in-family,Black,Male,0,0,40,United-States,<=50K
40,Private,316820,Some-college,10,Married-civ-spouse,Other-service,Husband,White,Male,0,1485,40,United-States,<=50K
36,Private,305935,HS-grad,9,Divorced,Other-service,Unmarried,Black,Male,0,0,40,United-States,<=50K
18,Private,193166,9th,5,Never-married,Sales,Own-child,White,Female,0,0,42,United-States,<=50K
18,Private,130849,11th,7,Never-married,Other-service,Own-child,White,Female,0,0,8,United-States,<=50K
21,Private,160968,Some-college,10,Never-married,Handlers-cleaners,Own-child,White,Male,0,0,40,United-States,<=50K
24,Private,146706,Some-college,10,Never-married,Other-service,Not-in-family,White,Female,0,0,30,United-States,<=50K
32,Private,184440,Some-college,10,Married-civ-spouse,Machine-op-inspct,Husband,White,Male,3464,0,40,United-States,<=50K
33,Private,324546,Some-college,10,Married-civ-spouse,Machine-op-inspct,Husband,White,Male,0,0,39,United-States,<=50K
50,Private,189183,HS-grad,9,Married-civ-spouse,Adm-clerical,Husband,White,Male,0,0,40,United-States,<=50K
36,Private,166115,Some-college,10,Married-civ-spouse,Farming-fishing,Husband,White,Male,0,0,56,United-States,<=50K
27,Private,203776,HS-grad,9,Married-civ-spouse,Craft-repair,Husband,White,Male,0,0,50,United-States,<=50K
19,Private,125010,HS-grad,9,Never-married,Farming-fishing,Own-child,White,Male,0,0,45,United-States,<=50K
31,Private,151053,Some-college,10,Married-civ-spouse,Transport-moving,Husband,White,Male,0,0,34,United-States,<=50K
40,Private,406811,HS-grad,9,Separated,Exec-managerial,Unmarried,White,Female,0,0,40,Canada,<=50K
46,Local-gov,213668,11th,7,Never-married,Other-service,Not-in-family,White,Male,0,0,40,United-States,<=50K
49,Private,31267,7th-8th,4,Married-civ-spouse,Craft-repair,Husband,White,Male,0,0,40,United-States,<=50K
37,Private,328301,Some-college,10,Never-married,Tech-support,Unmarried,White,Female,4934,0,60,United-States,>50K
56,Private,102106,HS-grad,9,Married-civ-spouse,Handlers-cleaners,Husband,White,Male,0,0,40,United-States,<=50K
49,Self-emp-not-inc,181717,Bachelors,13,Married-civ-spouse,Exec-managerial,Wife,White,Female,0,0,7,United-States,>50K
39,Private,49020,Bachelors,13,Married-civ-spouse,Sales,Husband,White,Male,3103,0,48,United-States,>50K
46,Self-emp-not-inc,142222,Some-college,10,Separated,Exec-managerial,Unmarried,White,Female,1151,0,60,United-States,<=50K
24,Private,160261,Masters,14,Never-married,Prof-specialty,Not-in-family,Asian-Pac-Islander,Male,0,0,20,France,<=50K
22,Private,110371,HS-grad,9,Married-civ-spouse,Other-service,Own-child,White,Male,0,0,50,United-States,<=50K
20,Private,49179,Some-college,10,Never-married,Prof-specialty,Not-in-family,White,Male,0,0,35,United-States,<=50K
44,Federal-gov,239539,Bachelors,13,Married-civ-spouse,Adm-clerical,Husband,Asian-Pac-Islander,Male,0,0,40,Philippines,>50K
33,Local-gov,422718,HS-grad,9,Married-civ-spouse,Other-service,Husband,White,Male,0,0,40,United-States,<=50K
36,State-gov,108320,Masters,14,Divorced,Prof-specialty,Unmarried,White,Male,5455,0,30,United-States,<=50K
24,Private,140500,10th,6,Never-married,Sales,Unmarried,White,Female,0,0,40,United-States,<=50K
45,State-gov,191001,Bachelors,13,Married-civ-spouse,Adm-clerical,Husband,White,Male,7688,0,40,United-States,>50K
67,Private,105438,HS-grad,9,Separated,Machine-op-inspct,Other-relative,White,Female,0,0,40,United-States,<=50K
24,Private,143766,Some-college,10,Never-married,Machine-op-inspct,Own-child,White,Male,0,0,55,United-States,<=50K
59,Self-emp-not-inc,80467,HS-grad,9,Divorced,Other-service,Own-child,White,Female,0,0,24,United-States,<=50K
47,Private,73394,Some-college,10,Married-civ-spouse,Exec-managerial,Wife,White,Female,0,0,50,United-States,<=50K
26,Private,164938,HS-grad,9,Married-civ-spouse,Sales,Husband,White,Male,0,0,40,United-States,<=50K
35,Private,336793,Bachelors,13,Never-married,Adm-clerical,Other-relative,White,Male,0,0,40,United-States,<=50K
41,Private,29702,Assoc-voc,11,Never-married,Craft-repair,Not-in-family,White,Male,0,0,30,United-States,<=50K
50,Local-gov,105788,HS-grad,9,Separated,Exec-managerial,Unmarried,Black,Female,6497,0,35,United-States,<=50K
28,Private,278552,Assoc-voc,11,Never-married,Exec-managerial,Not-in-family,White,Male,0,0,60,United-States,>50K
39,Private,238255,HS-grad,9,Divorced,Adm-clerical,Unmarried,White,Female,0,0,40,United-States,<=50K
29,Private,22641,HS-grad,9,Married-civ-spouse,Machine-op-inspct,Husband,Amer-Indian-Eskimo,Male,0,0,45,United-States,<=50K
44,Federal-gov,404599,HS-grad,9,Divorced,Adm-clerical,Unmarried,Black,Female,0,0,40,United-States,<=50K
63,Federal-gov,160473,HS-grad,9,Widowed,Adm-clerical,Not-in-family,White,Female,0,0,40,United-States,<=50K
39,Private,187098,Prof-school,15,Married-civ-spouse,Exec-managerial,Wife,White,Female,15024,0,47,United-States,>50K
43,Private,233130,Some-college,10,Never-married,Adm-clerical,Not-in-family,White,Male,0,0,25,United-States,<=50K
43,State-gov,270721,Bachelors,13,Married-civ-spouse,Exec-managerial,Husband,White,Male,0,0,55,United-States,>50K
59,State-gov,139611,Prof-school,15,Married-civ-spouse,Prof-specialty,Husband,Asian-Pac-Islander,Male,0,1977,40,India,>50K
47,Private,427055,Some-college,10,Married-civ-spouse,Adm-clerical,Husband,White,Male,0,0,45,Mexico,<=50K
49,Private,225456,Bachelors,13,Married-civ-spouse,Exec-managerial,Husband,White,Male,0,0,40,United-States,>50K
23,Private,298623,HS-grad,9,Never-married,Transport-moving,Own-child,Black,Male,0,0,40,United-States,<=50K
43,Private,220776,Masters,14,Married-civ-spouse,Exec-managerial,Husband,White,Male,0,0,35,United-States,>50K
38,State-gov,34364,Masters,14,Divorced,Adm-clerical,Not-in-family,White,Female,0,0,40,United-States,<=50K
37,Self-emp-inc,183800,Assoc-acdm,12,Married-civ-spouse,Sales,Husband,White,Male,0,1887,40,United-States,>50K
45,Self-emp-not-inc,149640,Prof-school,15,Never-married,Prof-specialty,Not-in-family,White,Male,0,0,30,United-States,>50K
23,State-gov,173945,Bachelors,13,Never-married,Prof-specialty,Own-child,White,Female,0,0,27,United-States,<=50K
41,Private,135056,Masters,14,Widowed,Prof-specialty,Not-in-family,White,Female,10520,0,38,United-States,>50K
41,Private,599629,Some-college,10,Married-civ-spouse,Adm-clerical,Wife,Black,Female,0,0,40,United-States,>50K
54,Private,223660,HS-grad,9,Married-civ-spouse,Exec-managerial,Husband,White,Male,0,0,55,United-States,>50K
50,Local-gov,124076,Bachelors,13,Married-civ-spouse,Prof-specialty,Wife,White,Female,0,0,40,United-States,>50K
47,Federal-gov,329205,Bachelors,13,Divorced,Prof-specialty,Unmarried,White,Male,0,0,40,United-States,<=50K
20,Private,113511,11th,7,Never-married,Transport-moving,Own-child,White,Male,0,0,40,United-States,<=50K
34,Private,109917,HS-grad,9,Divorced,Machine-op-inspct,Not-in-family,White,Female,0,0,40,United-States,<=50K
62,Private,159908,Some-college,10,Married-civ-spouse,Adm-clerical,Wife,White,Female,0,0,38,United-States,>50K
31,Private,188798,Masters,14,Married-civ-spouse,Exec-managerial,Wife,White,Female,0,0,40,United-States,>50K
24,Private,133520,Some-college,10,Never-married,Sales,Own-child,White,Female,0,0,15,United-States,<=50K
49,Private,262116,Prof-school,15,Married-civ-spouse,Prof-specialty,Husband,White,Male,0,0,48,United-States,<=50K
58,Local-gov,205267,Bachelors,13,Married-civ-spouse,Prof-specialty,Wife,White,Female,0,0,40,United-States,>50K
36,Local-gov,191161,Some-college,10,Married-civ-spouse,Protective-serv,Husband,White,Male,0,0,57,United-States,>50K
55,Private,49996,11th,7,Never-married,Machine-op-inspct,Not-in-family,Black,Female,0,0,40,United-States,<=50K
35,Private,386726,Bachelors,13,Married-civ-spouse,Exec-managerial,Wife,White,Female,0,0,40,United-States,<=50K
32,Private,101352,Some-college,10,Married-civ-spouse,Tech-support,Wife,White,Female,0,0,32,United-States,>50K
23,Private,297152,Some-college,10,Never-married,Adm-clerical,Own-child,Black,Female,0,0,25,United-States,<=50K
20,Private,482732,HS-grad,9,Never-married,Adm-clerical,Other-relative,White,Male,0,0,24,United-States,<=50K
44,State-gov,128586,Bachelors,13,Never-married,Farming-fishing,Not-in-family,White,Male,0,0,40,United-States,<=50K
45,Private,259323,Some-college,10,Married-civ-spouse,Craft-repair,Husband,White,Male,0,0,40,United-States,<=50K
26,Private,318518,Some-college,10,Never-married,Transport-moving,Not-in-family,White,Male,0,0,40,United-States,<=50K
46,Private,233059,9th,5,Divorced,Transport-moving,Not-in-family,White,Male,0,0,40,United-States,<=50K
27,Private,72443,HS-grad,9,Never-married,Tech-support,Not-in-family,White,Male,0,0,40,United-States,<=50K
34,Private,356882,HS-grad,9,Married-civ-spouse,Tech-support,Husband,White,Male,0,0,40,United-States,<=50K
25,Private,202033,Masters,14,Never-married,Exec-managerial,Not-in-family,White,Male,0,0,45,United-States,<=50K
72,Private,205343,11th,7,Widowed,Adm-clerical,Unmarried,White,Female,0,0,40,United-States,<=50K
43,Private,206833,HS-grad,9,Separated,Handlers-cleaners,Unmarried,Black,Female,0,0,45,United-States,<=50K
25,Private,51498,12th,8,Never-married,Other-service,Other-relative,White,Male,0,0,40,United-States,<=50K
68,Private,284763,11th,7,Divorced,Transport-moving,Not-in-family,White,Male,0,0,70,United-States,<=50K
40,Private,247469,Doctorate,16,Married-civ-spouse,Prof-specialty,Wife,White,Female,0,0,30,United-States,>50K
22,Private,169188,HS-grad,9,Never-married,Exec-managerial,Own-child,White,Female,0,0,20,United-States,<=50K
29,Private,204663,HS-grad,9,Never-married,Craft-repair,Own-child,White,Male,3325,0,40,United-States,<=50K
27,State-gov,205499,Doctorate,16,Never-married,Prof-specialty,Not-in-family,White,Male,0,0,77,United-States,<=50K
45,Private,25649,Some-college,10,Married-civ-spouse,Transport-moving,Husband,White,Male,7298,0,50,United-States,>50K
49,Private,165953,HS-grad,9,Married-civ-spouse,Machine-op-inspct,Husband,White,Male,0,1902,40,United-States,<=50K
65,State-gov,209280,Masters,14,Married-civ-spouse,Prof-specialty,Husband,White,Male,6514,0,35,United-States,>50K
50,Local-gov,97449,Some-college,10,Married-civ-spouse,Protective-serv,Husband,White,Male,0,0,48,United-States,<=50K
19,Private,283945,10th,6,Never-married,Handlers-cleaners,Other-relative,White,Male,0,1602,45,United-States,<=50K
23,State-gov,191165,Some-college,10,Never-married,Protective-serv,Not-in-family,White,Male,0,0,15,United-States,<=50K
21,Private,176178,Some-college,10,Never-married,Sales,Own-child,White,Female,0,0,16,United-States,<=50K
31,Local-gov,197550,HS-grad,9,Divorced,Prof-specialty,Unmarried,White,Male,0,0,33,United-States,<=50K
31,Private,225507,Assoc-voc,11,Never-married,Other-service,Unmarried,White,Female,0,0,40,United-States,<=50K
24,Private,326587,Some-college,10,Never-married,Sales,Not-in-family,White,Male,0,0,40,United-States,<=50K
44,Private,186916,Masters,14,Married-civ-spouse,Exec-managerial,Husband,White,Male,0,0,50,United-States,>50K
36,Private,191146,Some-college,10,Divorced,Sales,Unmarried,Black,Female,0,0,38,United-States,<=50K
66,Self-emp-inc,220543,HS-grad,9,Married-civ-spouse,Adm-clerical,Wife,White,Female,0,0,40,United-States,>50K
59,Self-emp-not-inc,357943,Bachelors,13,Married-civ-spouse,Exec-managerial,Husband,White,Male,0,0,40,United-States,>50K
38,Private,61343,9th,5,Married-civ-spouse,Craft-repair,Husband,White,Male,0,0,40,United-States,<=50K
29,Private,210464,9th,5,Married-civ-spouse,Machine-op-inspct,Husband,White,Male,0,0,40,United-States,<=50K
58,Private,202652,HS-grad,9,Separated,Other-service,Unmarried,White,Female,0,0,40,Dominican-Republic,<=50K
50,State-gov,53497,Masters,14,Married-civ-spouse,Prof-specialty,Husband,White,Male,0,0,46,United-States,>50K
55,Private,451603,Some-college,10,Divorced,Craft-repair,Not-in-family,White,Male,0,0,40,United-States,<=50K
34,Private,300687,HS-grad,9,Married-civ-spouse,Craft-repair,Husband,Black,Male,0,0,40,United-States,<=50K
57,Self-emp-not-inc,192869,HS-grad,9,Married-civ-spouse,Farming-fishing,Husband,White,Male,0,0,72,United-States,<=50K
63,Federal-gov,97855,Masters,14,Married-civ-spouse,Exec-managerial,Husband,White,Male,0,0,50,United-States,>50K
20,Private,234640,Some-college,10,Never-married,Adm-clerical,Own-child,White,Female,0,0,40,United-States,<=50K
37,Private,118358,Some-college,10,Married-civ-spouse,Craft-repair,Husband,White,Male,0,0,40,United-States,>50K
35,Private,239755,Some-college,10,Never-married,Sales,Unmarried,White,Male,0,0,50,United-States,<=50K
23,Private,145111,HS-grad,9,Never-married,Transport-moving,Unmarried,White,Male,0,0,50,United-States,<=50K
26,Private,93017,Assoc-voc,11,Married-civ-spouse,Handlers-cleaners,Husband,White,Male,0,0,40,United-States,<=50K
20,Private,169188,Some-college,10,Never-married,Other-service,Not-in-family,White,Female,0,0,30,United-States,<=50K
49,Private,348751,7th-8th,4,Married-civ-spouse,Machine-op-inspct,Husband,White,Male,0,0,40,United-States,<=50K
33,Local-gov,365908,HS-grad,9,Married-civ-spouse,Other-service,Husband,Black,Male,2105,0,40,United-States,<=50K
47,State-gov,141483,9th,5,Divorced,Other-service,Not-in-family,White,Female,0,0,40,United-States,<=50K
24,Private,274424,HS-grad,9,Never-married,Tech-support,Unmarried,White,Female,1831,0,40,United-States,<=50K
30,Self-emp-not-inc,67072,Bachelors,13,Married-spouse-absent,Craft-repair,Not-in-family,White,Male,6849,0,60,United-States,<=50K
37,Private,33440,HS-grad,9,Separated,Other-service,Unmarried,White,Female,0,0,40,United-States,<=50K
44,Private,211351,Some-college,10,Married-civ-spouse,Sales,Wife,White,Female,4386,0,40,United-States,>50K
55,Self-emp-not-inc,185195,Bachelors,13,Married-civ-spouse,Exec-managerial,Husband,White,Male,0,0,99,United-States,<=50K
26,Private,181920,Bachelors,13,Married-civ-spouse,Prof-specialty,Wife,White,Female,0,0,45,United-States,>50K
24,Private,69640,Bachelors,13,Never-married,Sales,Own-child,White,Male,0,0,40,United-States,<=50K
32,Private,111520,Some-college,10,Never-married,Other-service,Not-in-family,White,Male,0,0,34,United-States,<=50K
28,Private,190391,Bachelors,13,Never-married,Sales,Not-in-family,White,Male,0,0,40,United-States,<=50K
59,Local-gov,161944,Bachelors,13,Never-married,Adm-clerical,Not-in-family,White,Male,0,0,38,United-States,<=50K
87,Private,143574,HS-grad,9,Married-spouse-absent,Sales,Not-in-family,White,Male,0,0,16,United-States,<=50K
23,State-gov,199915,HS-grad,9,Never-married,Other-service,Own-child,White,Female,0,0,21,United-States,<=50K
26,Private,552529,HS-grad,9,Married-civ-spouse,Machine-op-inspct,Wife,Black,Female,0,0,40,United-States,<=50K
28,Local-gov,299249,HS-grad,9,Divorced,Protective-serv,Not-in-family,White,Female,0,0,40,United-States,<=50K
25,Private,74389,Bachelors,13,Never-married,Exec-managerial,Not-in-family,Asian-Pac-Islander,Female,0,0,40,United-States,<=50K
47,Private,275867,HS-grad,9,Married-civ-spouse,Prof-specialty,Husband,White,Male,0,0,40,United-States,<=50K
29,Private,196116,Prof-school,15,Divorced,Prof-specialty,Own-child,White,Female,2174,0,72,United-States,<=50K
35,Private,239415,HS-grad,9,Married-civ-spouse,Craft-repair,Husband,White,Male,0,0,42,United-States,<=50K
19,Private,67759,HS-grad,9,Never-married,Machine-op-inspct,Own-child,White,Male,0,0,43,United-States,<=50K
63,Private,100099,9th,5,Married-civ-spouse,Transport-moving,Husband,White,Male,0,0,40,United-States,<=50K
49,State-gov,247378,Some-college,10,Divorced,Prof-specialty,Not-in-family,White,Female,0,0,20,United-States,<=50K
24,Private,106085,HS-grad,9,Never-married,Other-service,Own-child,Black,Male,0,1721,30,United-States,<=50K
43,Private,157473,HS-grad,9,Never-married,Sales,Not-in-family,White,Female,0,0,40,United-States,<=50K
48,Self-emp-not-inc,221464,11th,7,Married-civ-spouse,Exec-managerial,Wife,White,Female,0,0,30,United-States,>50K
28,Private,128055,HS-grad,9,Married-civ-spouse,Craft-repair,Husband,White,Male,0,0,60,United-States,<=50K
22,Private,48347,Some-college,10,Never-married,Tech-support,Own-child,White,Male,0,0,40,United-States,<=50K
26,Private,40255,Assoc-voc,11,Never-married,Farming-fishing,Own-child,White,Male,0,0,40,United-States,<=50K
35,Private,265662,Bachelors,13,Married-civ-spouse,Sales,Husband,White,Male,0,0,40,United-States,>50K
27,Private,35204,Some-college,10,Married-civ-spouse,Craft-repair,Husband,White,Male,0,0,46,United-States,<=50K
18,Private,50879,10th,6,Never-married,Other-service,Own-child,White,Male,0,0,6,United-States,<=50K
49,Private,316323,HS-grad,9,Married-civ-spouse,Transport-moving,Husband,Black,Male,0,0,48,United-States,>50K
18,Private,446839,HS-grad,9,Never-married,Sales,Not-in-family,White,Male,0,0,30,United-States,<=50K
21,Private,113163,Some-college,10,Never-married,Adm-clerical,Own-child,White,Male,0,0,50,United-States,<=50K
43,Private,128212,5th-6th,3,Married-civ-spouse,Machine-op-inspct,Wife,Asian-Pac-Islander,Female,0,0,40,Vietnam,>50K
50,Private,201882,Masters,14,Married-civ-spouse,Machine-op-inspct,Husband,White,Male,0,0,30,United-States,<=50K
35,Private,45937,HS-grad,9,Never-married,Machine-op-inspct,Not-in-family,White,Female,0,0,40,United-States,<=50K
40,Private,289636,HS-grad,9,Married-civ-spouse,Sales,Husband,White,Male,0,0,50,United-States,<=50K
39,Self-emp-not-inc,194004,HS-grad,9,Married-civ-spouse,Sales,Husband,White,Male,0,0,70,United-States,<=50K
40,Self-emp-not-inc,163512,5th-6th,3,Married-civ-spouse,Craft-repair,Husband,Other,Male,0,0,8,Guatemala,<=50K
65,Private,190160,Bachelors,13,Married-civ-spouse,Exec-managerial,Husband,White,Male,99999,0,40,United-States,>50K
44,Self-emp-inc,212760,Bachelors,13,Married-civ-spouse,Exec-managerial,Husband,White,Male,0,0,60,United-States,>50K
23,Private,110677,Some-college,10,Never-married,Other-service,Own-child,White,Female,0,0,15,United-States,<=50K
48,Self-emp-not-inc,58683,Some-college,10,Married-civ-spouse,Sales,Husband,White,Male,0,0,70,United-States,>50K
32,Private,171889,HS-grad,9,Divorced,Adm-clerical,Not-in-family,White,Female,0,0,68,United-States,<=50K
51,Federal-gov,85815,Bachelors,13,Married-civ-spouse,Exec-managerial,Husband,Asian-Pac-Islander,Male,0,0,40,United-States,>50K
37,Private,112158,HS-grad,9,Married-civ-spouse,Craft-repair,Husband,White,Male,7688,0,99,United-States,>50K
52,Self-emp-not-inc,182187,HS-grad,9,Married-civ-spouse,Transport-moving,Husband,Black,Male,0,0,40,Haiti,>50K
22,Federal-gov,32950,Some-college,10,Married-civ-spouse,Sales,Husband,White,Male,0,1902,37,United-States,<=50K
50,State-gov,159219,Bachelors,13,Married-civ-spouse,Exec-managerial,Husband,White,Male,0,0,40,Canada,>50K
25,Private,145434,Some-college,10,Never-married,Machine-op-inspct,Not-in-family,White,Female,0,0,25,United-States,<=50K
25,Private,210184,11th,7,Separated,Craft-repair,Own-child,White,Male,0,0,40,United-States,<=50K
29,Private,214858,Bachelors,13,Married-civ-spouse,Sales,Husband,White,Male,0,0,40,United-States,>50K
47,Private,182655,Assoc-voc,11,Married-civ-spouse,Tech-support,Husband,White,Male,0,0,52,United-States,>50K
40,Private,240027,Some-college,10,Never-married,Sales,Unmarried,Black,Female,0,0,45,United-States,<=50K
23,Private,329925,Some-college,10,Never-married,Handlers-cleaners,Own-child,White,Male,0,0,30,United-States,<=50K
26,Private,328663,HS-grad,9,Married-civ-spouse,Transport-moving,Husband,Other,Male,0,0,40,United-States,<=50K
76,Self-emp-inc,120796,9th,5,Married-civ-spouse,Prof-specialty,Husband,White,Male,0,0,40,United-States,<=50K
42,Self-emp-not-inc,196514,Some-college,10,Never-married,Prof-specialty,Not-in-family,White,Male,0,0,40,United-States,<=50K
17,Private,184198,11th,7,Never-married,Sales,Own-child,White,Female,0,0,13,United-States,<=50K
25,Private,51148,HS-grad,9,Divorced,Adm-clerical,Other-relative,White,Female,0,0,40,United-States,<=50K
24,Private,236601,Some-college,10,Divorced,Machine-op-inspct,Not-in-family,White,Male,0,2339,43,United-States,<=50K
50,Self-emp-not-inc,29231,HS-grad,9,Married-civ-spouse,Exec-managerial,Husband,White,Male,0,0,45,United-States,>50K
35,Private,180342,HS-grad,9,Married-civ-spouse,Craft-repair,Husband,White,Male,0,0,40,United-States,<=50K
69,Self-emp-not-inc,150080,HS-grad,9,Married-civ-spouse,Farming-fishing,Husband,White,Male,0,0,40,United-States,<=50K
47,Local-gov,251588,Bachelors,13,Married-civ-spouse,Exec-managerial,Husband,Black,Male,0,0,40,United-States,>50K
44,Private,147110,Some-college,10,Divorced,Adm-clerical,Own-child,White,Male,14344,0,40,United-States,>50K
19,Private,130431,5th-6th,3,Never-married,Farming-fishing,Not-in-family,White,Male,0,0,36,Mexico,<=50K
29,Private,337266,Assoc-voc,11,Married-civ-spouse,Exec-managerial,Husband,White,Male,0,0,40,United-States,>50K
35,Private,350169,HS-grad,9,Divorced,Machine-op-inspct,Unmarried,White,Female,0,0,38,Japan,<=50K
24,Self-emp-not-inc,37440,Bachelors,13,Never-married,Farming-fishing,Unmarried,White,Male,0,0,50,United-States,<=50K
43,Self-emp-not-inc,271665,HS-grad,9,Married-civ-spouse,Sales,Husband,White,Male,0,0,45,United-States,<=50K
31,Private,113129,HS-grad,9,Married-civ-spouse,Sales,Husband,White,Male,0,0,40,United-States,<=50K
41,Private,176452,HS-grad,9,Married-civ-spouse,Tech-support,Husband,White,Male,0,0,40,Peru,<=50K
33,Private,87310,9th,5,Never-married,Machine-op-inspct,Not-in-family,White,Male,0,0,50,United-States,<=50K
35,State-gov,102268,Some-college,10,Never-married,Prof-specialty,Own-child,White,Male,0,0,35,United-States,<=50K
52,Private,137815,9th,5,Divorced,Transport-moving,Not-in-family,White,Male,0,0,40,United-States,<=50K
64,Private,213391,9th,5,Married-civ-spouse,Other-service,Wife,Black,Female,0,0,40,United-States,<=50K
37,Private,276165,HS-grad,9,Never-married,Adm-clerical,Not-in-family,White,Male,0,0,40,United-States,<=50K
27,Private,223751,Some-college,10,Never-married,Craft-repair,Not-in-family,White,Male,0,0,45,United-States,<=50K
53,Private,590941,Doctorate,16,Never-married,Prof-specialty,Unmarried,White,Female,0,1408,40,United-States,<=50K
51,Private,190762,1st-4th,2,Widowed,Craft-repair,Not-in-family,White,Male,0,0,40,Mexico,<=50K
40,Private,202692,HS-grad,9,Married-civ-spouse,Other-service,Husband,White,Male,0,0,35,United-States,<=50K
63,Private,102479,Bachelors,13,Divorced,Exec-managerial,Not-in-family,White,Female,0,0,40,United-States,<=50K
37,Self-emp-not-inc,168166,Some-college,10,Divorced,Sales,Unmarried,White,Female,0,0,40,United-States,<=50K
63,Self-emp-inc,189253,Some-college,10,Married-civ-spouse,Exec-managerial,Husband,White,Male,0,0,45,United-States,>50K
31,Private,193285,Bachelors,13,Never-married,Prof-specialty,Not-in-family,White,Male,0,0,40,United-States,<=50K
25,Private,73895,HS-grad,9,Never-married,Other-service,Own-child,White,Female,0,0,10,United-States,<=50K
23,Private,172232,HS-grad,9,Never-married,Farming-fishing,Not-in-family,White,Male,0,0,53,United-States,<=50K
33,Private,264554,Bachelors,13,Married-civ-spouse,Prof-specialty,Husband,White,Male,0,0,45,United-States,>50K
43,Private,175943,HS-grad,9,Married-civ-spouse,Sales,Other-relative,White,Female,0,0,20,United-States,<=50K
20,Federal-gov,340217,HS-grad,9,Never-married,Adm-clerical,Own-child,White,Female,0,0,40,United-States,<=50K
22,Private,109053,12th,8,Married-civ-spouse,Transport-moving,Husband,White,Male,0,0,40,United-States,<=50K
49,Private,64216,HS-grad,9,Divorced,Transport-moving,Not-in-family,White,Male,0,0,90,United-States,<=50K
33,Private,112820,Assoc-voc,11,Married-civ-spouse,Protective-serv,Husband,White,Male,0,0,40,United-States,<=50K
63,Private,145985,HS-grad,9,Married-civ-spouse,Craft-repair,Husband,White,Male,0,0,40,United-States,<=50K
41,Local-gov,112797,Masters,14,Divorced,Prof-specialty,Unmarried,White,Female,0,0,60,United-States,<=50K
32,Self-emp-not-inc,70985,HS-grad,9,Married-civ-spouse,Farming-fishing,Husband,White,Male,4064,0,40,United-States,<=50K
29,Private,425830,Assoc-acdm,12,Never-married,Sales,Not-in-family,White,Male,0,0,40,United-States,<=50K
18,Private,192022,Some-college,10,Never-married,Other-service,Own-child,White,Male,0,0,20,United-States,<=50K
31,Private,35985,HS-grad,9,Married-civ-spouse,Craft-repair,Husband,White,Male,0,0,40,United-States,<=50K
51,Self-emp-not-inc,299119,Bachelors,13,Married-civ-spouse,Sales,Husband,White,Male,0,0,50,United-States,>50K
32,Private,391874,HS-grad,9,Married-civ-spouse,Craft-repair,Husband,White,Male,0,0,40,United-States,<=50K
34,Private,117963,Masters,14,Married-civ-spouse,Prof-specialty,Husband,White,Male,0,0,43,United-States,>50K
68,Private,535762,Some-college,10,Married-civ-spouse,Adm-clerical,Husband,White,Male,0,1844,10,United-States,<=50K
40,Private,68111,HS-grad,9,Divorced,Craft-repair,Not-in-family,White,Male,0,0,45,United-States,<=50K
48,Self-emp-inc,26145,10th,6,Married-civ-spouse,Farming-fishing,Husband,White,Male,0,0,80,United-States,<=50K
21,Private,294789,Some-college,10,Never-married,Other-service,Not-in-family,White,Female,0,0,25,United-States,<=50K
25,Private,69413,Some-college,10,Never-married,Sales,Own-child,White,Female,0,0,40,United-States,<=50K
60,Private,200235,Assoc-voc,11,Divorced,Prof-specialty,Unmarried,White,Female,0,0,40,United-States,<=50K
50,Private,174655,Some-college,10,Married-civ-spouse,Sales,Husband,White,Male,0,0,45,United-States,>50K
35,Private,187046,Bachelors,13,Never-married,Exec-managerial,Not-in-family,White,Male,0,0,45,United-States,<=50K
27,Private,154210,11th,7,Married-spouse-absent,Sales,Own-child,Asian-Pac-Islander,Male,0,0,35,India,<=50K
38,Private,27408,HS-grad,9,Divorced,Craft-repair,Unmarried,White,Male,0,0,50,United-States,<=50K
35,Private,48915,Bachelors,13,Never-married,Adm-clerical,Not-in-family,White,Male,0,0,40,United-States,<=50K
55,Private,176012,9th,5,Married-civ-spouse,Tech-support,Wife,White,Female,0,0,23,United-States,<=50K
19,Private,533147,HS-grad,9,Never-married,Adm-clerical,Not-in-family,White,Male,0,0,30,United-States,<=50K
34,Private,133122,Bachelors,13,Married-civ-spouse,Exec-managerial,Husband,White,Male,0,0,40,United-States,<=50K
42,Private,107276,Some-college,10,Never-married,Exec-managerial,Not-in-family,White,Female,0,2444,40,United-States,>50K
21,Private,37514,Some-college,10,Never-married,Adm-clerical,Own-child,White,Male,0,0,30,United-States,<=50K
30,Private,172830,Bachelors,13,Never-married,Adm-clerical,Not-in-family,White,Female,3325,0,40,United-States,<=50K
45,Local-gov,326064,Some-college,10,Divorced,Adm-clerical,Unmarried,Black,Female,6497,0,35,United-States,<=50K
44,Private,151089,Masters,14,Married-civ-spouse,Prof-specialty,Husband,White,Male,0,1887,60,United-States,>50K
41,Private,287037,Some-college,10,Never-married,Farming-fishing,Not-in-family,White,Male,0,0,40,United-States,<=50K
34,Private,148291,HS-grad,9,Married-civ-spouse,Tech-support,Wife,White,Female,0,0,32,United-States,<=50K
20,Private,209131,Some-college,10,Never-married,Machine-op-inspct,Own-child,White,Male,0,0,40,United-States,<=50K
50,State-gov,116211,Prof-school,15,Married-civ-spouse,Exec-managerial,Husband,White,Male,0,0,52,United-States,>50K
50,Self-emp-inc,251240,Masters,14,Married-civ-spouse,Sales,Husband,White,Male,0,0,40,United-States,>50K
31,Private,303942,Some-college,10,Married-civ-spouse,Sales,Husband,White,Male,0,0,50,United-States,<=50K
38,Local-gov,101426,HS-grad,9,Never-married,Protective-serv,Unmarried,Black,Male,0,0,40,United-States,<=50K
22,Private,152744,Some-college,10,Never-married,Adm-clerical,Not-in-family,Asian-Pac-Islander,Female,0,0,10,United-States,<=50K
28,Private,192257,Bachelors,13,Married-civ-spouse,Prof-specialty,Husband,White,Male,0,0,40,Japan,<=50K
42,State-gov,155657,HS-grad,9,Divorced,Adm-clerical,Not-in-family,Black,Female,0,0,25,United-States,<=50K
23,Private,549349,Some-college,10,Never-married,Tech-support,Own-child,White,Male,0,0,40,United-States,<=50K
44,Private,191149,Some-college,10,Divorced,Adm-clerical,Unmarried,White,Female,0,0,57,United-States,<=50K
55,Private,209962,HS-grad,9,Married-civ-spouse,Sales,Husband,White,Male,0,0,35,United-States,<=50K
19,Private,278480,Some-college,10,Never-married,Exec-managerial,Not-in-family,White,Male,0,0,40,United-States,<=50K
19,Private,71650,HS-grad,9,Never-married,Farming-fishing,Own-child,White,Male,0,0,40,United-States,<=50K
40,Private,694812,Some-college,10,Never-married,Craft-repair,Not-in-family,White,Male,0,0,40,United-States,<=50K
50,Private,188186,Masters,14,Divorced,Sales,Not-in-family,White,Female,0,1590,45,United-States,<=50K
20,Private,121023,Some-college,10,Never-married,Adm-clerical,Own-child,White,Female,0,0,15,United-States,<=50K
24,Private,220944,Some-college,10,Married-civ-spouse,Craft-repair,Husband,White,Male,0,0,60,United-States,<=50K
22,Private,138768,Some-college,10,Never-married,Exec-managerial,Own-child,White,Male,0,0,50,United-States,<=50K
41,Local-gov,144995,Masters,14,Married-civ-spouse,Exec-managerial,Husband,White,Male,0,0,55,United-States,<=50K
30,Private,399522,11th,7,Married-spouse-absent,Handlers-cleaners,Unmarried,White,Female,0,0,40,United-States,<=50K
52,Private,260954,10th,6,Widowed,Machine-op-inspct,Unmarried,Black,Female,0,0,40,United-States,<=50K
39,State-gov,114055,Bachelors,13,Never-married,Exec-managerial,Not-in-family,White,Female,0,0,40,United-States,<=50K
53,Private,106176,Masters,14,Married-civ-spouse,Sales,Husband,White,Male,7298,0,60,United-States,>50K
55,Private,200327,HS-grad,9,Married-civ-spouse,Adm-clerical,Wife,White,Female,0,0,18,United-States,<=50K
25,Self-emp-not-inc,463667,HS-grad,9,Never-married,Other-service,Not-in-family,White,Male,0,0,8,United-States,<=50K
46,Self-emp-not-inc,27847,HS-grad,9,Married-civ-spouse,Craft-repair,Husband,White,Male,0,0,48,United-States,>50K
45,Federal-gov,391585,Bachelors,13,Married-civ-spouse,Protective-serv,Husband,White,Male,7688,0,50,United-States,>50K
41,Private,222504,Prof-school,15,Divorced,Prof-specialty,Unmarried,White,Female,0,0,38,United-States,<=50K
29,Self-emp-not-inc,198286,Bachelors,13,Never-married,Prof-specialty,Not-in-family,White,Female,0,0,40,United-States,<=50K
48,Local-gov,169515,Bachelors,13,Divorced,Protective-serv,Not-in-family,Black,Female,0,0,43,United-States,>50K
24,Self-emp-not-inc,102942,Some-college,10,Never-married,Other-service,Not-in-family,White,Female,0,0,50,United-States,<=50K
23,Local-gov,442359,Bachelors,13,Never-married,Prof-specialty,Not-in-family,White,Female,0,1092,40,United-States,<=50K
30,Private,95923,Assoc-acdm,12,Married-spouse-absent,Adm-clerical,Unmarried,White,Female,0,0,45,United-States,<=50K
35,Private,282753,Assoc-voc,11,Married-civ-spouse,Craft-repair,Husband,White,Male,0,0,40,United-States,>50K
42,Private,166740,Bachelors,13,Divorced,Prof-specialty,Not-in-family,White,Male,0,0,40,United-States,<=50K
48,Private,209182,Preschool,1,Separated,Other-service,Unmarried,White,Female,0,0,40,El-Salvador,<=50K
35,Local-gov,33975,Bachelors,13,Married-civ-spouse,Prof-specialty,Husband,White,Male,0,0,40,United-States,>50K
32,Private,237478,11th,7,Divorced,Machine-op-inspct,Unmarried,White,Female,0,0,40,United-States,<=50K
41,Private,156566,Some-college,10,Married-civ-spouse,Craft-repair,Husband,White,Male,0,0,40,United-States,>50K
41,Private,694105,HS-grad,9,Never-married,Craft-repair,Unmarried,White,Male,0,0,40,United-States,<=50K
61,Private,181219,Bachelors,13,Married-civ-spouse,Prof-specialty,Husband,White,Male,0,1848,40,United-States,>50K
68,Local-gov,242095,Bachelors,13,Married-civ-spouse,Exec-managerial,Husband,White,Male,20051,0,40,United-States,>50K
34,Private,183778,HS-grad,9,Married-civ-spouse,Craft-repair,Husband,White,Male,0,0,40,United-States,<=50K
33,Private,111746,Assoc-acdm,12,Married-civ-spouse,Craft-repair,Husband,White,Male,0,0,45,Portugal,<=50K
56,Self-emp-not-inc,346635,Masters,14,Divorced,Sales,Unmarried,White,Female,0,2339,60,United-States,<=50K
41,Private,35166,Prof-school,15,Married-civ-spouse,Prof-specialty,Husband,White,Male,15024,0,50,United-States,>50K
40,Private,202922,Some-college,10,Married-civ-spouse,Adm-clerical,Husband,White,Male,0,0,40,United-States,<=50K
42,Self-emp-not-inc,53956,HS-grad,9,Divorced,Exec-managerial,Unmarried,White,Male,0,0,55,United-States,<=50K
28,Private,270366,10th,6,Divorced,Sales,Not-in-family,White,Female,0,0,40,United-States,<=50K
21,Private,294295,HS-grad,9,Never-married,Adm-clerical,Unmarried,White,Male,0,0,40,United-States,<=50K
61,Private,339358,5th-6th,3,Married-civ-spouse,Farming-fishing,Other-relative,White,Female,0,0,45,Mexico,<=50K
32,Self-emp-inc,377836,Assoc-voc,11,Married-civ-spouse,Exec-managerial,Husband,White,Male,0,0,40,United-States,<=50K
26,Private,366889,HS-grad,9,Never-married,Transport-moving,Not-in-family,White,Male,0,0,40,United-States,<=50K
42,Private,208068,Bachelors,13,Married-civ-spouse,Adm-clerical,Husband,Other,Male,7298,0,40,Mexico,>50K
58,Private,256274,HS-grad,9,Divorced,Adm-clerical,Not-in-family,White,Female,0,0,40,United-States,<=50K
32,Private,119124,Bachelors,13,Never-married,Prof-specialty,Own-child,White,Male,0,0,40,United-States,<=50K
39,Private,365739,Some-college,10,Divorced,Craft-repair,Not-in-family,White,Male,0,0,40,United-States,<=50K
36,Private,138441,Assoc-acdm,12,Married-civ-spouse,Tech-support,Husband,White,Male,0,0,55,United-States,<=50K
31,Self-emp-inc,113752,HS-grad,9,Married-civ-spouse,Exec-managerial,Husband,White,Male,0,0,40,United-States,>50K
50,Local-gov,74660,Some-college,10,Widowed,Prof-specialty,Unmarried,White,Male,0,0,40,United-States,<=50K
38,State-gov,143774,Some-college,10,Separated,Exec-managerial,Not-in-family,White,Female,0,0,45,United-States,<=50K
43,State-gov,114191,Some-college,10,Married-civ-spouse,Protective-serv,Husband,Asian-Pac-Islander,Male,0,0,40,United-States,<=50K
61,Private,98776,11th,7,Widowed,Handlers-cleaners,Not-in-family,White,Female,0,0,30,United-States,<=50K
31,Private,38223,Bachelors,13,Never-married,Sales,Own-child,White,Male,0,0,45,United-States,<=50K
30,Private,169589,Some-college,10,Married-civ-spouse,Adm-clerical,Husband,White,Male,0,0,40,United-States,<=50K
41,State-gov,190910,HS-grad,9,Married-civ-spouse,Farming-fishing,Other-relative,White,Male,0,0,40,United-States,<=50K
38,Private,331395,7th-8th,4,Married-civ-spouse,Farming-fishing,Husband,White,Male,3942,0,84,Portugal,<=50K
41,Private,201981,HS-grad,9,Divorced,Craft-repair,Own-child,White,Male,0,0,40,United-States,<=50K
25,Private,156334,10th,6,Married-civ-spouse,Machine-op-inspct,Husband,White,Male,0,0,40,United-States,<=50K
24,Private,241582,Some-college,10,Never-married,Sales,Not-in-family,White,Male,0,0,33,United-States,<=50K
19,Private,100999,Bachelors,13,Never-married,Prof-specialty,Own-child,White,Female,0,0,30,United-States,<=50K
36,Private,117802,Assoc-voc,11,Married-civ-spouse,Prof-specialty,Husband,White,Male,0,0,40,United-States,<=50K
45,Self-emp-inc,281911,HS-grad,9,Married-civ-spouse,Craft-repair,Husband,White,Male,0,0,48,United-States,<=50K
51,State-gov,167065,HS-grad,9,Married-civ-spouse,Exec-managerial,Husband,White,Male,0,0,40,United-States,<=50K
51,Federal-gov,100653,HS-grad,9,Divorced,Adm-clerical,Not-in-family,White,Female,0,0,8,United-States,<=50K
17,Private,168807,7th-8th,4,Never-married,Craft-repair,Not-in-family,White,Male,0,0,45,United-States,<=50K
40,Private,132633,Some-college,10,Divorced,Sales,Unmarried,White,Female,0,1741,40,United-States,<=50K
28,Self-emp-not-inc,294398,Some-college,10,Never-married,Machine-op-inspct,Not-in-family,Black,Male,0,0,40,United-States,<=50K
53,Private,153052,HS-grad,9,Married-civ-spouse,Craft-repair,Husband,White,Male,0,0,40,United-States,>50K
44,Private,275094,1st-4th,2,Never-married,Other-service,Own-child,White,Male,0,0,10,United-States,<=50K
34,Self-emp-not-inc,152109,HS-grad,9,Married-civ-spouse,Transport-moving,Husband,White,Male,0,0,60,United-States,<=50K
20,Private,116791,HS-grad,9,Never-married,Machine-op-inspct,Other-relative,White,Female,0,0,40,United-States,<=50K
57,Private,201159,HS-grad,9,Widowed,Sales,Not-in-family,White,Female,0,0,30,United-States,<=50K
24,Private,213902,7th-8th,4,Never-married,Priv-house-serv,Own-child,White,Female,0,0,32,El-Salvador,<=50K
46,Private,133169,Assoc-voc,11,Married-civ-spouse,Craft-repair,Husband,White,Male,0,0,40,United-States,<=50K
26,Private,233461,HS-grad,9,Married-civ-spouse,Other-service,Husband,White,Male,0,0,53,Mexico,<=50K
22,Private,203076,10th,6,Married-civ-spouse,Handlers-cleaners,Husband,White,Male,0,0,40,United-States,<=50K
58,Private,41374,HS-grad,9,Widowed,Adm-clerical,Unmarried,Amer-Indian-Eskimo,Male,0,0,40,United-States,<=50K
71,Private,155093,Assoc-voc,11,Widowed,Adm-clerical,Not-in-family,White,Female,0,0,20,United-States,<=50K
56,Self-emp-not-inc,156873,HS-grad,9,Married-civ-spouse,Craft-repair,Husband,White,Male,0,0,40,United-States,<=50K
25,State-gov,183678,Bachelors,13,Never-married,Prof-specialty,Not-in-family,White,Female,0,0,50,United-States,<=50K
53,Private,178356,Assoc-acdm,12,Married-civ-spouse,Exec-managerial,Husband,White,Male,2407,0,99,United-States,<=50K
34,Self-emp-inc,174789,HS-grad,9,Married-civ-spouse,Sales,Husband,White,Male,0,0,60,United-States,<=50K
33,Self-emp-not-inc,134737,HS-grad,9,Married-civ-spouse,Craft-repair,Husband,White,Male,0,0,35,United-States,<=50K
17,Private,721712,10th,6,Never-married,Other-service,Own-child,White,Male,0,0,15,United-States,<=50K
34,Private,178449,Some-college,10,Married-civ-spouse,Exec-managerial,Husband,White,Male,3103,0,45,United-States,>50K
53,Private,308082,Preschool,1,Never-married,Other-service,Not-in-family,White,Female,0,0,15,El-Salvador,<=50K
64,Private,379062,Some-college,10,Widowed,Adm-clerical,Unmarried,White,Female,0,0,12,United-States,<=50K
28,Private,82531,Some-college,10,Never-married,Other-service,Not-in-family,Black,Male,0,0,40,United-States,<=50K
20,Private,165804,Some-college,10,Never-married,Adm-clerical,Own-child,Other,Female,0,0,40,United-States,<=50K
61,Private,353031,HS-grad,9,Married-civ-spouse,Transport-moving,Husband,White,Male,0,0,60,United-States,<=50K
33,Private,55176,7th-8th,4,Married-civ-spouse,Craft-repair,Husband,White,Male,0,0,40,United-States,<=50K
35,Private,37778,HS-grad,9,Married-civ-spouse,Craft-repair,Husband,White,Male,0,0,50,United-States,<=50K
56,Private,143266,Some-college,10,Married-civ-spouse,Exec-managerial,Husband,White,Male,0,0,40,United-States,>50K
29,State-gov,67053,HS-grad,9,Never-married,Other-service,Not-in-family,Asian-Pac-Islander,Male,0,0,40,Thailand,<=50K
40,Self-emp-not-inc,280433,Bachelors,13,Married-civ-spouse,Craft-repair,Husband,White,Male,0,0,50,United-States,<=50K
19,Private,104112,HS-grad,9,Never-married,Sales,Unmarried,Black,Male,0,0,30,Haiti,<=50K
51,Private,111721,HS-grad,9,Married-civ-spouse,Other-service,Husband,White,Male,0,0,35,United-States,<=50K
26,Private,111243,HS-grad,9,Never-married,Adm-clerical,Unmarried,White,Female,0,0,35,United-States,<=50K
49,Self-emp-inc,431245,Some-college,10,Married-civ-spouse,Sales,Husband,White,Male,0,0,50,United-States,>50K
52,Private,90189,7th-8th,4,Divorced,Priv-house-serv,Own-child,Black,Female,0,0,16,United-States,<=50K
26,Private,192022,Bachelors,13,Never-married,Prof-specialty,Own-child,White,Female,0,0,40,United-States,<=50K
50,Private,175029,Assoc-voc,11,Married-civ-spouse,Prof-specialty,Husband,White,Male,0,0,40,United-States,>50K
47,Self-emp-inc,332355,Masters,14,Married-civ-spouse,Exec-managerial,Husband,White,Male,15024,0,50,United-States,>50K
47,State-gov,160045,Some-college,10,Divorced,Adm-clerical,Not-in-family,White,Female,0,0,40,United-States,<=50K
42,Private,200574,Some-college,10,Married-civ-spouse,Sales,Husband,White,Male,0,0,40,United-States,<=50K
63,Private,30602,7th-8th,4,Married-spouse-absent,Other-service,Unmarried,Amer-Indian-Eskimo,Female,0,0,40,United-States,<=50K
17,Private,375657,11th,7,Never-married,Handlers-cleaners,Own-child,White,Male,0,0,30,United-States,<=50K
33,Self-emp-not-inc,235271,Bachelors,13,Divorced,Sales,Not-in-family,White,Male,0,0,50,United-States,>50K
34,Private,185820,HS-grad,9,Married-civ-spouse,Sales,Wife,Black,Female,0,0,40,United-States,<=50K
39,Private,306646,Some-college,10,Married-civ-spouse,Sales,Husband,White,Male,3103,0,50,United-States,>50K
23,State-gov,386568,Some-college,10,Separated,Prof-specialty,Not-in-family,White,Female,0,0,20,United-States,<=50K
22,Private,99199,HS-grad,9,Married-civ-spouse,Exec-managerial,Husband,White,Male,0,0,48,United-States,<=50K
19,Private,233779,HS-grad,9,Never-married,Craft-repair,Own-child,White,Male,0,0,40,United-States,<=50K
42,Self-emp-not-inc,303044,HS-grad,9,Married-civ-spouse,Farming-fishing,Husband,Asian-Pac-Islander,Male,0,0,40,Cambodia,>50K
56,Private,70720,12th,8,Married-civ-spouse,Prof-specialty,Husband,White,Male,0,0,40,United-States,>50K
24,Private,35603,Some-college,10,Divorced,Other-service,Not-in-family,Black,Male,0,0,40,United-States,<=50K
43,State-gov,186990,HS-grad,9,Married-civ-spouse,Craft-repair,Husband,White,Male,0,0,37,United-States,<=50K
20,Private,258509,HS-grad,9,Never-married,Machine-op-inspct,Own-child,Black,Male,0,0,40,United-States,<=50K
35,Private,210945,Masters,14,Married-civ-spouse,Prof-specialty,Husband,White,Male,0,0,60,United-States,>50K
32,Private,249550,Some-college,10,Never-married,Prof-specialty,Not-in-family,White,Male,0,0,44,United-States,<=50K
63,Self-emp-not-inc,217715,5th-6th,3,Never-married,Sales,Not-in-family,White,Female,0,0,3,United-States,<=50K
35,Private,379959,HS-grad,9,Divorced,Other-service,Not-in-family,White,Female,0,0,40,United-States,<=50K
39,Private,127772,HS-grad,9,Married-civ-spouse,Craft-repair,Husband,White,Male,0,0,40,United-States,<=50K
35,Private,148334,Some-college,10,Never-married,Adm-clerical,Own-child,Black,Male,0,0,40,United-States,<=50K
29,Local-gov,148182,HS-grad,9,Married-civ-spouse,Transport-moving,Husband,Black,Male,0,0,40,United-States,<=50K
45,Private,196584,Assoc-voc,11,Never-married,Prof-specialty,Not-in-family,White,Female,0,1564,40,United-States,>50K
27,Private,209085,HS-grad,9,Never-married,Sales,Other-relative,White,Male,0,0,45,United-States,<=50K
29,Self-emp-not-inc,70604,HS-grad,9,Married-civ-spouse,Farming-fishing,Husband,White,Male,3464,0,40,United-States,<=50K
56,Private,104842,Bachelors,13,Divorced,Prof-specialty,Unmarried,Black,Female,0,0,50,Haiti,<=50K
56,Private,127264,Some-college,10,Married-civ-spouse,Craft-repair,Husband,White,Male,0,0,34,United-States,<=50K
65,Self-emp-inc,323636,Bachelors,13,Married-civ-spouse,Sales,Husband,White,Male,10605,0,40,United-States,>50K
40,Private,139193,HS-grad,9,Divorced,Machine-op-inspct,Not-in-family,White,Male,0,1980,48,United-States,<=50K
22,Private,48347,Bachelors,13,Never-married,Farming-fishing,Own-child,White,Male,0,0,40,United-States,<=50K
35,Private,145704,HS-grad,9,Married-civ-spouse,Prof-specialty,Wife,White,Female,3942,0,35,United-States,<=50K
18,Local-gov,466325,11th,7,Never-married,Adm-clerical,Own-child,White,Male,0,0,12,United-States,<=50K
30,Private,30290,HS-grad,9,Never-married,Machine-op-inspct,Not-in-family,White,Female,0,0,40,United-States,<=50K
28,Private,39232,Bachelors,13,Never-married,Prof-specialty,Not-in-family,White,Male,0,0,45,United-States,<=50K
42,Private,121718,Some-college,10,Married-civ-spouse,Adm-clerical,Husband,White,Male,0,0,40,Germany,<=50K
19,Private,203061,Some-college,10,Never-married,Tech-support,Not-in-family,White,Female,0,0,25,United-States,<=50K
62,Private,194167,HS-grad,9,Divorced,Machine-op-inspct,Not-in-family,White,Female,2174,0,40,United-States,<=50K
23,Private,278107,HS-grad,9,Married-civ-spouse,Machine-op-inspct,Husband,White,Male,0,1573,30,United-States,<=50K
44,Federal-gov,469454,Assoc-voc,11,Married-civ-spouse,Protective-serv,Husband,White,Male,7298,0,48,United-States,>50K
53,Private,200190,Assoc-acdm,12,Married-civ-spouse,Sales,Husband,White,Male,0,0,80,United-States,>50K
24,Private,109456,Bachelors,13,Never-married,Sales,Own-child,White,Male,0,0,25,United-States,<=50K
53,Private,104280,12th,8,Married-civ-spouse,Handlers-cleaners,Other-relative,White,Male,0,0,40,United-States,<=50K
50,Federal-gov,307555,Bachelors,13,Divorced,Prof-specialty,Not-in-family,White,Male,0,0,60,United-States,>50K
49,Private,166789,HS-grad,9,Married-civ-spouse,Adm-clerical,Husband,White,Male,0,0,40,United-States,<=50K
34,Local-gov,117963,Bachelors,13,Married-civ-spouse,Transport-moving,Husband,White,Male,0,0,40,United-States,>50K
44,Private,223194,HS-grad,9,Married-civ-spouse,Craft-repair,Husband,Black,Male,0,1485,40,Haiti,<=50K
23,Local-gov,280164,HS-grad,9,Never-married,Other-service,Own-child,Black,Male,0,0,32,United-States,<=50K
26,Federal-gov,171928,Assoc-voc,11,Never-married,Craft-repair,Own-child,White,Male,0,0,50,Japan,<=50K
41,Self-emp-inc,236021,Bachelors,13,Married-civ-spouse,Prof-specialty,Husband,White,Male,15024,0,40,United-States,>50K
18,Private,127827,12th,8,Never-married,Sales,Own-child,White,Female,0,0,25,United-States,<=50K
26,Private,31143,Some-college,10,Never-married,Craft-repair,Not-in-family,White,Male,0,0,40,United-States,<=50K
17,Private,206506,10th,6,Never-married,Handlers-cleaners,Other-relative,White,Male,0,0,10,El-Salvador,<=50K
27,Private,253814,HS-grad,9,Never-married,Adm-clerical,Not-in-family,White,Male,0,0,38,United-States,<=50K
58,Private,111625,Bachelors,13,Widowed,Exec-managerial,Unmarried,White,Male,8614,0,40,United-States,>50K
18,Private,111476,11th,7,Never-married,Handlers-cleaners,Own-child,White,Male,0,0,40,United-States,<=50K
33,Private,144949,HS-grad,9,Never-married,Handlers-cleaners,Not-in-family,White,Male,0,0,40,United-States,<=50K
65,Self-emp-not-inc,111916,Prof-school,15,Married-civ-spouse,Exec-managerial,Husband,White,Male,0,0,10,United-States,>50K
32,Private,159589,HS-grad,9,Never-married,Handlers-cleaners,Own-child,White,Male,0,0,50,United-States,<=50K
47,Private,34248,HS-grad,9,Married-civ-spouse,Adm-clerical,Husband,White,Male,0,0,38,United-States,<=50K
25,Private,193701,Bachelors,13,Never-married,Other-service,Not-in-family,White,Female,0,0,38,United-States,<=50K
49,Private,133351,HS-grad,9,Married-civ-spouse,Craft-repair,Wife,Black,Female,0,0,40,United-States,<=50K
31,Self-emp-not-inc,268482,9th,5,Married-civ-spouse,Craft-repair,Husband,White,Male,0,0,40,United-States,<=50K
21,Private,116657,HS-grad,9,Never-married,Exec-managerial,Own-child,White,Male,0,0,40,United-States,<=50K
43,Private,191196,Some-college,10,Married-civ-spouse,Exec-managerial,Husband,White,Male,0,0,55,United-States,>50K
52,Self-emp-inc,134854,HS-grad,9,Married-civ-spouse,Exec-managerial,Husband,White,Male,0,0,40,United-States,>50K
40,State-gov,269733,Assoc-voc,11,Never-married,Craft-repair,Not-in-family,White,Male,0,0,40,United-States,<=50K
22,Local-gov,117789,Some-college,10,Never-married,Prof-specialty,Not-in-family,White,Female,0,0,20,United-States,<=50K
28,Private,269246,11th,7,Married-civ-spouse,Farming-fishing,Husband,White,Male,0,0,40,United-States,<=50K
23,State-gov,103588,Some-college,10,Never-married,Adm-clerical,Own-child,White,Male,0,0,25,United-States,<=50K
50,Self-emp-not-inc,240612,Bachelors,13,Divorced,Prof-specialty,Not-in-family,White,Female,0,0,60,United-States,<=50K
39,State-gov,235379,Assoc-acdm,12,Divorced,Prof-specialty,Not-in-family,White,Female,0,0,40,United-States,<=50K
32,Self-emp-not-inc,46746,Some-college,10,Married-civ-spouse,Farming-fishing,Husband,White,Male,0,0,65,United-States,<=50K
39,Local-gov,287031,Masters,14,Married-civ-spouse,Prof-specialty,Husband,White,Male,0,0,45,United-States,>50K
55,Private,89182,12th,8,Divorced,Machine-op-inspct,Not-in-family,White,Female,0,0,40,Italy,<=50K
55,Private,156797,Some-college,10,Divorced,Machine-op-inspct,Not-in-family,White,Female,0,0,40,United-States,<=50K
25,Private,25497,Bachelors,13,Married-civ-spouse,Prof-specialty,Husband,White,Male,0,0,40,United-States,<=50K
20,Private,196745,Some-college,10,Never-married,Other-service,Own-child,White,Female,0,0,16,United-States,<=50K
47,State-gov,207120,Assoc-voc,11,Married-civ-spouse,Exec-managerial,Husband,White,Male,0,0,38,United-States,>50K
80,Self-emp-inc,164909,Masters,14,Married-civ-spouse,Exec-managerial,Husband,White,Male,99999,0,54,United-States,>50K
65,Private,154171,Prof-school,15,Married-civ-spouse,Prof-specialty,Husband,White,Male,20051,0,60,United-States,>50K
30,Private,170130,HS-grad,9,Divorced,Adm-clerical,Unmarried,White,Female,0,0,40,United-States,<=50K
31,Private,128493,HS-grad,9,Divorced,Other-service,Not-in-family,White,Female,0,0,25,United-States,<=50K
38,Private,405284,Bachelors,13,Never-married,Other-service,Own-child,White,Female,0,0,35,United-States,<=50K
47,Private,101204,Some-college,10,Married-civ-spouse,Tech-support,Husband,Black,Male,4064,0,40,United-States,<=50K
17,Private,104232,10th,6,Never-married,Other-service,Own-child,White,Male,0,0,10,United-States,<=50K
41,Private,320744,HS-grad,9,Never-married,Craft-repair,Not-in-family,White,Male,3325,0,50,United-States,<=50K
35,Private,267866,HS-grad,9,Married-civ-spouse,Sales,Husband,Asian-Pac-Islander,Male,0,1887,50,Iran,>50K
37,Federal-gov,254202,Masters,14,Never-married,Exec-managerial,Not-in-family,White,Female,27828,0,50,United-States,>50K
42,Private,190910,HS-grad,9,Married-civ-spouse,Craft-repair,Husband,White,Male,0,0,45,United-States,<=50K
41,Private,104892,Some-college,10,Married-civ-spouse,Adm-clerical,Husband,White,Male,2829,0,40,United-States,<=50K
69,Local-gov,286983,Some-college,10,Married-civ-spouse,Other-service,Husband,White,Male,0,0,40,United-States,<=50K
57,Self-emp-inc,84231,Masters,14,Married-civ-spouse,Sales,Husband,White,Male,0,1977,50,United-States,>50K
54,Private,186117,Bachelors,13,Married-civ-spouse,Craft-repair,Husband,White,Male,0,0,45,United-States,>50K
35,Private,498216,Bachelors,13,Divorced,Exec-managerial,Unmarried,White,Female,0,0,40,United-States,<=50K
22,Private,116800,Assoc-acdm,12,Never-married,Protective-serv,Own-child,White,Male,0,0,60,United-States,<=50K
54,Private,103580,Assoc-acdm,12,Divorced,Exec-managerial,Unmarried,White,Female,0,0,55,United-States,>50K
53,Self-emp-not-inc,34973,Some-college,10,Married-civ-spouse,Farming-fishing,Husband,White,Male,0,0,45,United-States,<=50K
39,Private,82540,Some-college,10,Married-civ-spouse,Exec-managerial,Husband,White,Male,0,0,60,United-States,<=50K
41,Private,202872,10th,6,Married-spouse-absent,Craft-repair,Not-in-family,White,Female,0,0,40,United-States,<=50K
52,Self-emp-not-inc,73134,Bachelors,13,Married-civ-spouse,Sales,Husband,White,Male,0,0,40,United-States,>50K
27,Private,125791,Bachelors,13,Never-married,Prof-specialty,Other-relative,White,Female,0,0,15,United-States,<=50K
64,Self-emp-not-inc,167877,HS-grad,9,Married-civ-spouse,Prof-specialty,Husband,White,Male,0,0,60,United-States,>50K
54,Private,174102,Some-college,10,Never-married,Exec-managerial,Not-in-family,White,Male,0,0,40,United-States,>50K
39,Private,125550,HS-grad,9,Married-civ-spouse,Adm-clerical,Wife,White,Female,0,0,40,United-States,>50K
20,Private,280714,Some-college,10,Never-married,Other-service,Own-child,White,Male,0,0,40,United-States,<=50K
52,Private,46788,Bachelors,13,Divorced,Craft-repair,Unmarried,White,Male,0,0,25,United-States,<=50K
17,Private,188949,11th,7,Never-married,Transport-moving,Not-in-family,White,Male,0,0,40,United-States,<=50K
31,Local-gov,32593,Bachelors,13,Never-married,Prof-specialty,Not-in-family,White,Female,0,0,40,United-States,<=50K
33,Private,182423,HS-grad,9,Divorced,Other-service,Unmarried,Black,Male,0,0,40,United-States,<=50K
23,Private,565313,Some-college,10,Never-married,Other-service,Own-child,Black,Male,2202,0,80,United-States,<=50K
35,Self-emp-not-inc,198841,Prof-school,15,Married-civ-spouse,Prof-specialty,Husband,White,Male,0,0,50,United-States,>50K
36,Private,307520,Bachelors,13,Married-civ-spouse,Exec-managerial,Wife,Asian-Pac-Islander,Female,0,0,40,Philippines,>50K
21,Private,348092,HS-grad,9,Never-married,Other-service,Not-in-family,Black,Male,0,0,40,Haiti,<=50K
35,Private,206951,Masters,14,Married-civ-spouse,Sales,Husband,White,Male,0,0,40,United-States,>50K
60,Private,31577,Assoc-voc,11,Married-civ-spouse,Tech-support,Husband,White,Male,0,0,40,United-States,<=50K
34,Private,324654,HS-grad,9,Never-married,Machine-op-inspct,Own-child,Asian-Pac-Islander,Male,0,0,40,China,<=50K
58,Private,372181,HS-grad,9,Divorced,Sales,Unmarried,White,Female,0,0,40,United-States,>50K
44,Federal-gov,320071,HS-grad,9,Married-civ-spouse,Craft-repair,Husband,White,Male,0,0,40,United-States,>50K
18,Private,236272,HS-grad,9,Never-married,Adm-clerical,Own-child,White,Female,0,0,35,United-States,<=50K
41,Private,91316,Assoc-acdm,12,Never-married,Other-service,Not-in-family,White,Male,0,0,40,United-States,<=50K
38,Private,248941,Some-college,10,Married-civ-spouse,Tech-support,Husband,White,Male,0,0,40,United-States,>50K
32,Private,211239,Some-college,10,Married-AF-spouse,Exec-managerial,Wife,White,Female,0,0,40,United-States,>50K
56,Private,249751,HS-grad,9,Married-civ-spouse,Tech-support,Husband,White,Male,0,0,40,United-States,<=50K
62,Self-emp-not-inc,122246,Masters,14,Divorced,Prof-specialty,Unmarried,White,Female,0,0,32,United-States,<=50K
48,Federal-gov,166634,Bachelors,13,Married-civ-spouse,Adm-clerical,Wife,White,Female,7688,0,40,United-States,>50K
52,Private,318975,HS-grad,9,Divorced,Adm-clerical,Unmarried,White,Female,0,0,40,Cuba,<=50K
29,Private,197382,11th,7,Never-married,Craft-repair,Not-in-family,White,Male,0,0,45,United-States,<=50K
30,Local-gov,183000,Masters,14,Married-civ-spouse,Prof-specialty,Husband,White,Male,0,0,45,United-States,<=50K
35,Private,191628,Some-college,10,Married-civ-spouse,Prof-specialty,Husband,White,Male,0,0,40,United-States,<=50K
22,Private,299047,Some-college,10,Never-married,Adm-clerical,Own-child,White,Female,0,0,30,United-States,<=50K
44,Federal-gov,130749,Bachelors,13,Separated,Exec-managerial,Unmarried,Black,Female,0,0,60,United-States,<=50K
40,Self-emp-not-inc,29036,Some-college,10,Never-married,Machine-op-inspct,Not-in-family,White,Male,0,0,35,United-States,<=50K
48,Private,56664,HS-grad,9,Divorced,Other-service,Not-in-family,White,Female,0,0,40,United-States,<=50K
21,Private,321369,10th,6,Never-married,Craft-repair,Own-child,White,Male,0,0,40,United-States,<=50K
35,Private,191807,Assoc-voc,11,Married-civ-spouse,Tech-support,Husband,White,Male,0,0,40,United-States,<=50K
33,State-gov,156015,Bachelors,13,Married-civ-spouse,Exec-managerial,Husband,White,Male,0,0,40,United-States,>50K
46,Federal-gov,332727,Some-college,10,Married-civ-spouse,Craft-repair,Husband,White,Male,0,0,40,United-States,>50K
37,Private,218955,HS-grad,9,Married-civ-spouse,Other-service,Husband,White,Male,0,0,40,United-States,<=50K
49,Local-gov,199378,HS-grad,9,Married-civ-spouse,Protective-serv,Husband,White,Male,0,0,40,United-States,<=50K
58,Local-gov,318537,12th,8,Married-civ-spouse,Farming-fishing,Husband,White,Male,0,0,40,United-States,<=50K
63,Self-emp-not-inc,391121,7th-8th,4,Married-civ-spouse,Farming-fishing,Husband,White,Male,0,0,30,United-States,<=50K
31,Self-emp-not-inc,189843,HS-grad,9,Never-married,Craft-repair,Not-in-family,White,Male,0,0,45,United-States,<=50K
40,Self-emp-not-inc,179533,HS-grad,9,Married-civ-spouse,Transport-moving,Husband,White,Male,0,0,75,United-States,>50K
25,Private,323545,HS-grad,9,Never-married,Tech-support,Not-in-family,Black,Female,0,0,40,United-States,<=50K
32,Private,360593,HS-grad,9,Divorced,Sales,Unmarried,Black,Female,0,0,30,United-States,<=50K
45,Private,172822,11th,7,Divorced,Transport-moving,Not-in-family,White,Male,0,2824,76,United-States,>50K
35,Private,201328,HS-grad,9,Married-civ-spouse,Transport-moving,Husband,White,Male,0,0,50,United-States,<=50K
25,Private,90291,Bachelors,13,Never-married,Exec-managerial,Own-child,White,Male,0,0,40,United-States,<=50K
41,Private,51506,HS-grad,9,Married-civ-spouse,Exec-managerial,Husband,White,Male,0,0,40,United-States,<=50K
44,Self-emp-not-inc,234885,HS-grad,9,Married-civ-spouse,Sales,Wife,White,Female,0,0,40,United-States,>50K
21,Private,223019,HS-grad,9,Never-married,Other-service,Own-child,White,Female,0,0,30,United-States,<=50K
37,Private,95855,HS-grad,9,Divorced,Protective-serv,Unmarried,White,Female,0,0,40,United-States,<=50K
34,Private,197886,Bachelors,13,Married-civ-spouse,Sales,Husband,White,Male,0,0,60,United-States,>50K
23,Private,200677,10th,6,Never-married,Machine-op-inspct,Not-in-family,White,Female,0,0,40,United-States,<=50K
22,Private,199555,HS-grad,9,Never-married,Transport-moving,Not-in-family,White,Male,0,0,48,United-States,<=50K
46,Private,156926,Some-college,10,Married-civ-spouse,Exec-managerial,Husband,White,Male,0,0,60,United-States,>50K
19,Private,383637,HS-grad,9,Never-married,Other-service,Own-child,White,Male,0,0,20,United-States,<=50K
66,Self-emp-not-inc,219220,HS-grad,9,Married-civ-spouse,Farming-fishing,Husband,White,Male,2653,0,40,United-States,<=50K
26,Private,167350,HS-grad,9,Married-civ-spouse,Craft-repair,Husband,White,Male,0,0,45,United-States,<=50K
37,Private,221850,Masters,14,Married-civ-spouse,Exec-managerial,Husband,White,Male,0,0,50,Ecuador,>50K
34,Private,117963,HS-grad,9,Never-married,Craft-repair,Own-child,White,Male,0,0,45,United-States,<=50K
22,Private,240063,HS-grad,9,Never-married,Handlers-cleaners,Own-child,White,Male,0,0,40,United-States,<=50K
40,Private,193494,HS-grad,9,Married-civ-spouse,Handlers-cleaners,Husband,White,Male,0,0,46,United-States,<=50K
32,Private,236861,Assoc-acdm,12,Married-civ-spouse,Exec-managerial,Husband,White,Male,0,0,45,United-States,>50K
20,Private,38455,10th,6,Never-married,Other-service,Not-in-family,White,Male,0,0,40,United-States,<=50K
47,Private,326857,Assoc-voc,11,Married-civ-spouse,Craft-repair,Husband,White,Male,5013,0,40,United-States,<=50K
37,Self-emp-inc,329980,Bachelors,13,Married-civ-spouse,Sales,Husband,White,Male,15024,0,50,United-States,>50K
33,Private,187618,Bachelors,13,Never-married,Prof-specialty,Own-child,White,Male,0,1741,40,United-States,<=50K
59,Private,160362,HS-grad,9,Married-civ-spouse,Sales,Husband,White,Male,0,0,60,United-States,<=50K
52,Private,207025,HS-grad,9,Divorced,Priv-house-serv,Unmarried,Black,Female,0,0,24,United-States,<=50K
52,Self-emp-inc,114758,Bachelors,13,Married-civ-spouse,Sales,Husband,White,Male,15024,0,50,United-States,>50K
56,Self-emp-not-inc,140558,HS-grad,9,Married-civ-spouse,Sales,Husband,White,Male,0,0,40,United-States,<=50K
49,Private,188515,Some-college,10,Divorced,Adm-clerical,Unmarried,White,Female,0,0,40,United-States,<=50K
37,Private,359796,Some-college,10,Divorced,Sales,Not-in-family,Black,Male,0,0,40,United-States,<=50K
30,Private,167309,Bachelors,13,Married-civ-spouse,Adm-clerical,Husband,White,Male,0,1902,40,United-States,>50K
38,Self-emp-inc,196373,HS-grad,9,Married-civ-spouse,Exec-managerial,Husband,White,Male,0,0,40,United-States,>50K
59,Self-emp-inc,103948,HS-grad,9,Married-civ-spouse,Sales,Husband,White,Male,0,0,60,United-States,>50K
44,Local-gov,354230,Some-college,10,Married-civ-spouse,Craft-repair,Husband,White,Male,0,0,40,United-States,<=50K
41,Private,139907,10th,6,Never-married,Handlers-cleaners,Unmarried,White,Male,0,0,50,United-States,<=50K
23,Private,60331,Some-college,10,Divorced,Exec-managerial,Not-in-family,White,Male,0,0,50,United-States,<=50K
61,Private,129246,10th,6,Married-civ-spouse,Craft-repair,Husband,White,Male,0,0,48,United-States,<=50K
28,Private,139568,11th,7,Never-married,Adm-clerical,Not-in-family,White,Male,0,0,40,United-States,<=50K
35,Private,158592,Assoc-voc,11,Married-civ-spouse,Exec-managerial,Husband,White,Male,3103,0,50,United-States,>50K
38,Private,30509,Assoc-voc,11,Married-civ-spouse,Prof-specialty,Wife,White,Female,3908,0,50,United-States,<=50K
37,Private,124293,Some-college,10,Married-civ-spouse,Adm-clerical,Husband,White,Male,0,0,50,United-States,<=50K
22,Private,161532,Some-college,10,Never-married,Handlers-cleaners,Own-child,White,Male,0,0,35,United-States,<=50K
34,Private,232855,Some-college,10,Separated,Other-service,Unmarried,Black,Female,0,0,37,United-States,<=50K
32,Self-emp-inc,206297,Bachelors,13,Never-married,Exec-managerial,Not-in-family,White,Male,0,0,60,United-States,<=50K
27,Self-emp-not-inc,442612,HS-grad,9,Married-civ-spouse,Sales,Husband,White,Male,0,0,65,United-States,>50K
41,Self-emp-not-inc,157686,Some-college,10,Married-civ-spouse,Exec-managerial,Husband,White,Male,0,0,40,United-States,>50K
48,State-gov,353824,HS-grad,9,Married-civ-spouse,Protective-serv,Husband,White,Male,0,0,72,United-States,>50K
30,Private,342709,HS-grad,9,Married-civ-spouse,Tech-support,Husband,White,Male,0,0,40,United-States,<=50K
67,Private,195161,Masters,14,Married-civ-spouse,Prof-specialty,Husband,White,Male,20051,0,60,United-States,>50K
27,Private,364986,Some-college,10,Never-married,Other-service,Not-in-family,White,Male,0,0,38,United-States,<=50K
23,Private,347873,Assoc-acdm,12,Never-married,Prof-specialty,Not-in-family,Asian-Pac-Islander,Female,0,0,30,Vietnam,<=50K
39,Private,117381,Some-college,10,Divorced,Transport-moving,Not-in-family,White,Male,0,0,65,United-States,<=50K
58,Private,236731,1st-4th,2,Married-civ-spouse,Other-service,Husband,White,Male,0,0,40,Cuba,<=50K
53,Private,182186,9th,5,Married-civ-spouse,Other-service,Husband,White,Male,0,0,40,Dominican-Republic,<=50K
36,Private,383566,Bachelors,13,Married-civ-spouse,Exec-managerial,Husband,White,Male,15024,0,55,England,>50K
25,Private,200408,Assoc-acdm,12,Never-married,Craft-repair,Own-child,White,Male,0,0,40,United-States,<=50K
62,Federal-gov,177295,HS-grad,9,Widowed,Adm-clerical,Unmarried,White,Female,0,0,40,United-States,<=50K
23,Private,188545,Assoc-acdm,12,Never-married,Adm-clerical,Own-child,White,Female,0,1974,20,United-States,<=50K
28,Private,271012,HS-grad,9,Never-married,Adm-clerical,Not-in-family,Black,Female,0,0,40,United-States,<=50K
18,Private,51789,Some-college,10,Never-married,Other-service,Own-child,White,Male,0,0,8,United-States,<=50K
31,Private,111567,HS-grad,9,Married-civ-spouse,Transport-moving,Husband,White,Male,0,1848,50,United-States,>50K
47,Private,176319,HS-grad,9,Married-civ-spouse,Sales,Own-child,White,Female,0,0,38,United-States,>50K
49,Private,107399,HS-grad,9,Separated,Sales,Unmarried,White,Female,0,0,40,United-States,<=50K
19,Private,187161,Some-college,10,Never-married,Sales,Own-child,White,Female,0,0,18,United-States,<=50K
58,Private,205410,HS-grad,9,Married-civ-spouse,Craft-repair,Husband,White,Male,0,0,40,United-States,<=50K
20,Private,201729,Some-college,10,Never-married,Protective-serv,Own-child,White,Male,0,0,33,United-States,<=50K
21,Private,105997,HS-grad,9,Never-married,Other-service,Other-relative,White,Female,0,0,20,United-States,<=50K
58,Self-emp-inc,130454,Some-college,10,Married-civ-spouse,Exec-managerial,Husband,White,Male,0,0,50,United-States,>50K
55,Self-emp-not-inc,110844,HS-grad,9,Married-civ-spouse,Exec-managerial,Wife,White,Female,0,0,40,United-States,<=50K
25,Local-gov,306352,HS-grad,9,Married-civ-spouse,Protective-serv,Husband,White,Male,0,1902,40,Mexico,>50K
35,Self-emp-not-inc,153066,HS-grad,9,Married-civ-spouse,Craft-repair,Husband,White,Male,0,0,60,United-States,>50K
57,Private,212448,Bachelors,13,Divorced,Exec-managerial,Not-in-family,White,Female,0,0,45,United-States,>50K
29,Private,184806,Assoc-acdm,12,Never-married,Other-service,Own-child,White,Male,0,0,20,United-States,<=50K
59,Private,192671,11th,7,Married-civ-spouse,Adm-clerical,Husband,White,Male,7298,0,40,United-States,>50K
49,State-gov,324791,Bachelors,13,Married-civ-spouse,Prof-specialty,Husband,White,Male,0,0,50,United-States,>50K
50,State-gov,54709,HS-grad,9,Divorced,Adm-clerical,Unmarried,White,Female,0,0,46,United-States,<=50K
62,Private,197514,HS-grad,9,Married-civ-spouse,Sales,Wife,White,Female,0,0,16,United-States,<=50K
28,Private,76313,Some-college,10,Married-civ-spouse,Craft-repair,Husband,Amer-Indian-Eskimo,Male,0,0,60,United-States,<=50K
42,Self-emp-not-inc,201522,Bachelors,13,Married-civ-spouse,Sales,Husband,White,Male,0,0,60,United-States,<=50K
41,Private,77357,Bachelors,13,Divorced,Prof-specialty,Not-in-family,White,Male,0,0,45,United-States,<=50K
26,Private,456618,HS-grad,9,Never-married,Other-service,Not-in-family,White,Male,0,0,40,Mexico,<=50K
52,Private,117700,HS-grad,9,Divorced,Adm-clerical,Not-in-family,White,Female,0,0,40,United-States,<=50K
28,Private,191027,Assoc-acdm,12,Separated,Other-service,Not-in-family,White,Male,0,0,40,United-States,<=50K
38,Private,168355,HS-grad,9,Married-civ-spouse,Craft-repair,Husband,White,Male,0,0,48,United-States,<=50K
45,Self-emp-not-inc,87490,Prof-school,15,Married-civ-spouse,Prof-specialty,Husband,White,Male,0,1977,50,United-States,>50K
31,Private,59083,Some-college,10,Married-civ-spouse,Other-service,Husband,White,Male,0,1672,50,United-States,<=50K
35,Private,89622,HS-grad,9,Married-civ-spouse,Transport-moving,Husband,White,Male,0,0,40,United-States,<=50K
27,Private,155057,HS-grad,9,Never-married,Transport-moving,Not-in-family,White,Male,0,0,70,United-States,<=50K
26,Private,162872,Assoc-acdm,12,Never-married,Prof-specialty,Not-in-family,White,Female,0,0,40,United-States,<=50K
26,Private,174592,Some-college,10,Never-married,Adm-clerical,Not-in-family,White,Female,0,0,40,United-States,<=50K
37,Private,199753,Some-college,10,Married-civ-spouse,Craft-repair,Husband,White,Male,0,0,35,United-States,>50K
55,Local-gov,209535,Masters,14,Married-civ-spouse,Prof-specialty,Husband,White,Male,0,0,40,United-States,>50K
34,Private,84154,Bachelors,13,Married-civ-spouse,Sales,Husband,White,Male,0,0,50,United-States,<=50K
41,Self-emp-not-inc,126094,HS-grad,9,Married-civ-spouse,Exec-managerial,Husband,White,Male,0,0,38,United-States,<=50K
25,Private,110978,Assoc-acdm,12,Married-civ-spouse,Adm-clerical,Wife,Asian-Pac-Islander,Female,0,0,37,India,>50K
43,State-gov,261929,Doctorate,16,Married-spouse-absent,Prof-specialty,Unmarried,White,Male,25236,0,64,United-States,>50K
32,Private,383269,Bachelors,13,Never-married,Exec-managerial,Unmarried,White,Female,0,0,40,United-States,<=50K
34,Private,114691,Doctorate,16,Married-civ-spouse,Prof-specialty,Husband,White,Male,0,0,50,United-States,>50K
32,Private,93930,HS-grad,9,Divorced,Machine-op-inspct,Not-in-family,White,Male,0,0,40,United-States,<=50K
46,Private,99014,Some-college,10,Divorced,Other-service,Own-child,White,Female,0,0,35,United-States,<=50K
35,Private,51700,HS-grad,9,Married-civ-spouse,Transport-moving,Husband,White,Male,0,0,40,United-States,<=50K
20,Private,158206,Some-college,10,Never-married,Sales,Not-in-family,White,Male,0,0,30,United-States,<=50K
51,Local-gov,74784,Some-college,10,Widowed,Adm-clerical,Not-in-family,White,Female,0,0,40,United-States,<=50K
25,Private,229287,Bachelors,13,Never-married,Exec-managerial,Other-relative,White,Female,0,0,25,United-States,<=50K
44,Private,84535,Some-college,10,Divorced,Sales,Unmarried,White,Female,0,0,48,United-States,<=50K
42,Private,285066,Bachelors,13,Married-civ-spouse,Prof-specialty,Husband,White,Male,0,0,45,United-States,>50K
44,Self-emp-inc,277788,11th,7,Married-civ-spouse,Sales,Husband,White,Male,0,0,60,Portugal,>50K
38,Federal-gov,178678,10th,6,Divorced,Adm-clerical,Unmarried,White,Female,0,1380,50,United-States,<=50K
21,Private,103205,HS-grad,9,Married-civ-spouse,Machine-op-inspct,Husband,White,Male,0,0,40,United-States,<=50K
55,Private,123515,HS-grad,9,Divorced,Adm-clerical,Not-in-family,White,Female,0,0,40,United-States,<=50K
36,Private,238415,HS-grad,9,Divorced,Craft-repair,Unmarried,White,Male,0,0,40,United-States,<=50K
23,State-gov,1117718,Some-college,10,Never-married,Protective-serv,Not-in-family,Black,Male,0,0,30,United-States,<=50K
26,Private,206721,Bachelors,13,Never-married,Sales,Own-child,White,Male,0,0,50,United-States,<=50K
73,Self-emp-not-inc,102510,7th-8th,4,Married-civ-spouse,Farming-fishing,Husband,White,Male,6418,0,99,United-States,>50K
35,Private,128516,HS-grad,9,Married-civ-spouse,Exec-managerial,Wife,White,Female,0,0,45,United-States,<=50K
51,Private,108435,Bachelors,13,Married-civ-spouse,Other-service,Husband,White,Male,0,0,40,United-States,>50K
26,Private,172421,Some-college,10,Married-civ-spouse,Sales,Husband,White,Male,0,0,40,United-States,<=50K
20,Private,471452,Some-college,10,Never-married,Other-service,Own-child,White,Male,0,0,30,United-States,<=50K
35,Private,306868,Some-college,10,Never-married,Sales,Not-in-family,White,Male,0,0,65,United-States,<=50K
33,Private,33117,Assoc-acdm,12,Married-civ-spouse,Protective-serv,Husband,White,Male,0,0,40,United-States,<=50K
49,Private,169711,Assoc-voc,11,Married-civ-spouse,Prof-specialty,Husband,White,Male,0,0,40,Germany,>50K
57,Private,210688,HS-grad,9,Married-civ-spouse,Prof-specialty,Husband,White,Male,0,0,15,United-States,<=50K
21,Private,92898,HS-grad,9,Never-married,Adm-clerical,Own-child,White,Female,0,0,40,United-States,<=50K
35,Private,177482,HS-grad,9,Married-civ-spouse,Machine-op-inspct,Husband,Amer-Indian-Eskimo,Male,0,0,40,United-States,<=50K
62,Private,170969,Some-college,10,Married-civ-spouse,Craft-repair,Husband,Black,Male,0,0,40,United-States,>50K
33,Self-emp-not-inc,94041,Bachelors,13,Never-married,Prof-specialty,Not-in-family,White,Male,0,1974,30,United-States,<=50K
51,Local-gov,47415,Assoc-acdm,12,Married-civ-spouse,Adm-clerical,Wife,White,Female,0,1628,30,United-States,<=50K
51,Private,34361,Some-college,10,Married-civ-spouse,Exec-managerial,Wife,White,Female,0,0,20,United-States,>50K
37,Private,186934,HS-grad,9,Married-civ-spouse,Sales,Husband,White,Male,15024,0,60,United-States,>50K
54,Private,52724,HS-grad,9,Divorced,Adm-clerical,Unmarried,White,Female,0,0,40,United-States,<=50K
28,Federal-gov,19522,Some-college,10,Never-married,Tech-support,Unmarried,Amer-Indian-Eskimo,Female,0,0,40,United-States,<=50K
54,Self-emp-not-inc,123011,HS-grad,9,Married-civ-spouse,Craft-repair,Husband,White,Male,15024,0,52,United-States,>50K
22,Private,205839,Some-college,10,Never-married,Other-service,Not-in-family,White,Male,0,0,45,United-States,<=50K
40,Private,202565,Assoc-acdm,12,Married-civ-spouse,Sales,Husband,White,Male,0,0,52,United-States,<=50K
43,Private,208613,Prof-school,15,Married-spouse-absent,Prof-specialty,Not-in-family,White,Male,99999,0,40,United-States,>50K
18,Private,243240,11th,7,Never-married,Handlers-cleaners,Own-child,White,Male,0,0,15,United-States,<=50K
19,Private,25429,Some-college,10,Never-married,Adm-clerical,Own-child,White,Female,0,0,16,United-States,<=50K
50,Private,226497,Some-college,10,Married-civ-spouse,Tech-support,Husband,White,Male,0,0,45,United-States,>50K
35,Private,132879,Assoc-voc,11,Married-civ-spouse,Adm-clerical,Husband,White,Male,15024,0,40,Italy,>50K
53,Private,77462,Some-college,10,Separated,Prof-specialty,Not-in-family,White,Male,0,0,60,United-States,<=50K
60,Self-emp-not-inc,148492,HS-grad,9,Married-civ-spouse,Craft-repair,Husband,White,Male,0,1485,50,United-States,>50K
24,Private,285432,HS-grad,9,Never-married,Exec-managerial,Own-child,White,Male,0,0,40,United-States,<=50K
34,Private,226296,11th,7,Married-civ-spouse,Handlers-cleaners,Husband,White,Male,0,0,40,United-States,<=50K
47,Local-gov,228372,Masters,14,Married-civ-spouse,Prof-specialty,Husband,White,Male,0,0,48,United-States,>50K
43,Private,162887,Some-college,10,Married-civ-spouse,Exec-managerial,Husband,Black,Male,0,0,40,United-States,>50K
56,Self-emp-inc,184598,9th,5,Married-civ-spouse,Transport-moving,Husband,White,Male,0,0,99,United-States,<=50K
39,Private,215419,Bachelors,13,Divorced,Prof-specialty,Not-in-family,White,Female,0,0,36,United-States,<=50K
19,Private,278304,Some-college,10,Never-married,Other-service,Own-child,White,Female,0,0,15,United-States,<=50K
19,Private,143404,HS-grad,9,Never-married,Machine-op-inspct,Own-child,White,Male,0,0,30,United-States,<=50K
27,Private,138705,HS-grad,9,Married-civ-spouse,Craft-repair,Husband,White,Male,0,0,53,United-States,<=50K
44,Private,67874,Some-college,10,Divorced,Sales,Unmarried,White,Male,0,625,50,United-States,<=50K
29,Private,159788,Masters,14,Never-married,Prof-specialty,Not-in-family,White,Female,0,0,80,United-States,<=50K
41,Private,244945,Some-college,10,Married-civ-spouse,Exec-managerial,Husband,White,Male,0,0,40,United-States,<=50K
26,Private,112754,Assoc-voc,11,Married-civ-spouse,Craft-repair,Husband,White,Male,0,0,65,United-States,>50K
48,Self-emp-inc,192755,Bachelors,13,Never-married,Exec-managerial,Not-in-family,White,Female,0,0,55,Canada,>50K
18,Private,118376,Some-college,10,Never-married,Other-service,Own-child,White,Female,0,0,15,United-States,<=50K
67,Self-emp-not-inc,148690,Masters,14,Widowed,Prof-specialty,Not-in-family,White,Male,18481,0,2,United-States,>50K
54,Self-emp-not-inc,308087,Masters,14,Divorced,Prof-specialty,Not-in-family,White,Male,0,0,30,United-States,<=50K
41,Private,308550,HS-grad,9,Divorced,Craft-repair,Unmarried,White,Female,0,0,60,United-States,<=50K
48,Self-emp-not-inc,177783,7th-8th,4,Never-married,Farming-fishing,Not-in-family,White,Male,0,0,50,United-States,<=50K
46,Private,164427,HS-grad,9,Divorced,Adm-clerical,Own-child,White,Female,0,0,45,United-States,<=50K
54,Private,103580,Bachelors,13,Divorced,Prof-specialty,Not-in-family,White,Female,0,0,40,United-States,<=50K
47,Local-gov,209968,Bachelors,13,Married-civ-spouse,Prof-specialty,Husband,White,Male,7298,0,40,United-States,>50K
33,Private,65278,Bachelors,13,Married-civ-spouse,Exec-managerial,Husband,White,Male,0,0,40,United-States,>50K
30,Private,181212,Some-college,10,Never-married,Exec-managerial,Other-relative,White,Female,0,0,40,United-States,<=50K
25,Private,29599,HS-grad,9,Never-married,Farming-fishing,Not-in-family,White,Male,0,0,40,United-States,<=50K
33,Private,162572,HS-grad,9,Married-civ-spouse,Transport-moving,Husband,White,Male,0,0,55,United-States,>50K
23,Private,135138,Bachelors,13,Never-married,Sales,Own-child,Asian-Pac-Islander,Male,0,0,40,United-States,<=50K
46,Private,146919,HS-grad,9,Separated,Sales,Not-in-family,White,Female,0,0,40,United-States,<=50K
29,Private,162257,Bachelors,13,Married-civ-spouse,Adm-clerical,Husband,White,Male,0,0,40,United-States,<=50K
37,Private,321943,Prof-school,15,Married-civ-spouse,Prof-specialty,Husband,White,Male,0,0,40,United-States,>50K
40,Private,85604,Masters,14,Married-civ-spouse,Prof-specialty,Husband,White,Male,0,0,55,United-States,<=50K
40,Private,217120,10th,6,Divorced,Craft-repair,Not-in-family,White,Male,0,0,50,United-States,<=50K
35,Private,186009,HS-grad,9,Married-civ-spouse,Craft-repair,Husband,White,Male,0,0,40,United-States,>50K
48,Private,315423,5th-6th,3,Married-civ-spouse,Transport-moving,Husband,White,Male,0,0,40,United-States,<=50K
54,Private,96062,Assoc-acdm,12,Married-civ-spouse,Tech-support,Husband,White,Male,0,0,40,United-States,>50K
42,Private,225193,Bachelors,13,Married-civ-spouse,Exec-managerial,Husband,White,Male,0,0,40,United-States,<=50K
24,Private,357028,Some-college,10,Never-married,Exec-managerial,Own-child,White,Male,0,0,40,United-States,<=50K
35,Private,210150,HS-grad,9,Divorced,Adm-clerical,Unmarried,White,Female,0,0,40,United-States,<=50K
56,Private,204816,Some-college,10,Married-civ-spouse,Exec-managerial,Husband,White,Male,0,0,40,United-States,>50K
22,Private,211798,Some-college,10,Never-married,Craft-repair,Own-child,White,Male,0,0,40,United-States,<=50K
34,Self-emp-not-inc,192259,Prof-school,15,Married-civ-spouse,Prof-specialty,Husband,White,Male,0,0,35,United-States,>50K
27,Private,83517,HS-grad,9,Never-married,Transport-moving,Own-child,White,Male,0,0,60,United-States,<=50K
20,Private,199268,Some-college,10,Never-married,Other-service,Own-child,White,Female,0,0,20,United-States,<=50K
25,Private,105520,HS-grad,9,Never-married,Other-service,Own-child,Black,Male,0,0,40,United-States,<=50K
55,Private,172666,Some-college,10,Married-civ-spouse,Craft-repair,Husband,White,Male,0,0,40,United-States,>50K
40,Private,222504,Assoc-voc,11,Never-married,Prof-specialty,Own-child,White,Female,0,0,36,United-States,<=50K
56,Self-emp-not-inc,19896,Some-college,10,Married-civ-spouse,Sales,Wife,White,Female,0,0,60,United-States,>50K
30,Private,66194,Bachelors,13,Never-married,Prof-specialty,Not-in-family,White,Female,0,0,60,Outlying-US(Guam-USVI-etc),<=50K
35,Self-emp-not-inc,102471,HS-grad,9,Divorced,Farming-fishing,Not-in-family,White,Male,0,0,80,Puerto-Rico,<=50K
23,Private,238917,5th-6th,3,Never-married,Handlers-cleaners,Other-relative,White,Male,0,0,40,El-Salvador,<=50K
46,Federal-gov,195023,Some-college,10,Separated,Adm-clerical,Unmarried,White,Female,0,0,40,United-States,<=50K
38,Private,99156,HS-grad,9,Divorced,Sales,Unmarried,White,Male,0,0,46,United-States,<=50K
23,Private,189832,Assoc-acdm,12,Never-married,Transport-moving,Unmarried,White,Female,0,0,40,United-States,<=50K
47,Self-emp-not-inc,255934,Some-college,10,Married-civ-spouse,Exec-managerial,Husband,White,Male,0,0,80,United-States,<=50K
47,Self-emp-not-inc,61885,Bachelors,13,Married-civ-spouse,Sales,Husband,White,Male,0,0,40,United-States,>50K
28,Private,407043,HS-grad,9,Married-civ-spouse,Adm-clerical,Husband,Black,Male,0,0,40,United-States,<=50K
33,Private,120420,11th,7,Married-civ-spouse,Machine-op-inspct,Husband,White,Male,0,0,40,United-States,<=50K
37,Self-emp-not-inc,162834,HS-grad,9,Married-civ-spouse,Sales,Husband,White,Male,0,1902,45,United-States,>50K
42,Self-emp-not-inc,104118,Some-college,10,Never-married,Exec-managerial,Not-in-family,White,Male,0,0,40,United-States,<=50K
50,Private,150975,HS-grad,9,Divorced,Machine-op-inspct,Not-in-family,Amer-Indian-Eskimo,Female,0,0,40,United-States,<=50K
64,Private,137205,Assoc-voc,11,Married-civ-spouse,Craft-repair,Husband,White,Male,0,0,48,United-States,<=50K
29,Private,132686,HS-grad,9,Divorced,Machine-op-inspct,Unmarried,White,Male,0,0,40,United-States,<=50K
51,Local-gov,241843,Preschool,1,Married-civ-spouse,Other-service,Husband,White,Male,0,0,40,United-States,<=50K
44,Self-emp-inc,359259,HS-grad,9,Divorced,Craft-repair,Not-in-family,White,Male,0,0,60,Portugal,<=50K
41,Self-emp-not-inc,196001,HS-grad,9,Married-civ-spouse,Other-service,Wife,White,Female,0,0,20,United-States,<=50K
38,Private,187264,HS-grad,9,Married-civ-spouse,Exec-managerial,Wife,White,Female,0,0,55,United-States,<=50K
69,Private,512992,11th,7,Married-civ-spouse,Prof-specialty,Husband,Black,Male,0,0,45,United-States,<=50K
48,Private,193075,HS-grad,9,Divorced,Sales,Own-child,White,Female,0,0,20,United-States,<=50K
36,Private,143123,Bachelors,13,Married-civ-spouse,Sales,Husband,White,Male,0,1902,40,United-States,>50K
17,Private,108470,11th,7,Never-married,Other-service,Own-child,Black,Male,0,0,17,United-States,<=50K
56,Self-emp-not-inc,108496,HS-grad,9,Married-civ-spouse,Craft-repair,Husband,White,Male,0,0,40,United-States,<=50K
42,Private,230624,10th,6,Never-married,Transport-moving,Unmarried,White,Male,0,0,40,United-States,>50K
30,Private,154950,Some-college,10,Married-civ-spouse,Exec-managerial,Husband,White,Male,15024,0,60,United-States,>50K
33,Self-emp-not-inc,137674,HS-grad,9,Married-civ-spouse,Other-service,Husband,Black,Male,0,0,40,United-States,<=50K
28,Private,251905,Bachelors,13,Married-civ-spouse,Prof-specialty,Husband,White,Male,0,0,50,United-States,<=50K
32,Private,227931,Bachelors,13,Never-married,Exec-managerial,Not-in-family,White,Female,0,0,40,United-States,<=50K
34,Private,424988,9th,5,Married-civ-spouse,Craft-repair,Husband,White,Male,0,0,40,Mexico,<=50K
64,Without-pay,209291,HS-grad,9,Married-civ-spouse,Handlers-cleaners,Husband,White,Male,0,0,60,United-States,>50K
36,Private,118909,Assoc-acdm,12,Never-married,Adm-clerical,Unmarried,Black,Female,0,0,40,Jamaica,<=50K
34,Private,181651,HS-grad,9,Divorced,Craft-repair,Not-in-family,White,Male,0,0,40,United-States,<=50K
46,Federal-gov,119890,Assoc-voc,11,Separated,Tech-support,Not-in-family,Other,Female,0,0,30,United-States,<=50K
18,Private,65098,HS-grad,9,Never-married,Other-service,Own-child,White,Male,0,0,15,United-States,<=50K
32,Private,137875,Some-college,10,Divorced,Sales,Unmarried,White,Female,0,0,30,United-States,<=50K
36,Private,66304,Some-college,10,Married-civ-spouse,Transport-moving,Husband,White,Male,0,0,45,United-States,<=50K
47,Private,335973,HS-grad,9,Divorced,Adm-clerical,Unmarried,White,Female,0,0,40,United-States,<=50K
33,Private,145437,Some-college,10,Divorced,Craft-repair,Unmarried,White,Male,0,0,40,United-States,<=50K
29,Private,145011,Some-college,10,Never-married,Craft-repair,Own-child,White,Male,0,0,40,United-States,<=50K
53,Private,335481,HS-grad,9,Married-civ-spouse,Adm-clerical,Wife,Black,Female,0,0,32,United-States,<=50K
24,State-gov,292816,Assoc-voc,11,Never-married,Adm-clerical,Own-child,White,Female,0,0,40,United-States,<=50K
49,Private,107425,Masters,14,Never-married,Sales,Not-in-family,White,Female,0,0,35,United-States,<=50K
46,Private,213611,7th-8th,4,Married-spouse-absent,Priv-house-serv,Unmarried,White,Female,0,1594,24,Guatemala,<=50K
52,Private,266529,Some-college,10,Married-civ-spouse,Prof-specialty,Husband,White,Male,0,0,45,United-States,>50K
27,Private,160178,Some-college,10,Divorced,Adm-clerical,Not-in-family,White,Female,0,0,38,United-States,<=50K
66,Private,33619,HS-grad,9,Married-civ-spouse,Other-service,Husband,Black,Male,0,0,4,United-States,<=50K
31,Local-gov,265426,Bachelors,13,Never-married,Prof-specialty,Own-child,White,Female,0,0,30,United-States,<=50K
31,Private,293594,HS-grad,9,Never-married,Adm-clerical,Unmarried,White,Female,0,3770,37,Puerto-Rico,<=50K
18,Private,41506,11th,7,Never-married,Other-service,Not-in-family,White,Female,0,0,30,United-States,<=50K
33,Private,183000,Some-college,10,Never-married,Other-service,Not-in-family,White,Male,0,0,24,United-States,<=50K
20,Private,281608,Some-college,10,Never-married,Sales,Not-in-family,White,Female,0,0,50,United-States,<=50K
46,Private,45288,Bachelors,13,Never-married,Other-service,Not-in-family,White,Male,0,0,40,United-States,<=50K
49,Private,220978,HS-grad,9,Married-civ-spouse,Craft-repair,Husband,White,Male,0,0,44,United-States,<=50K
34,Private,152246,HS-grad,9,Married-civ-spouse,Transport-moving,Husband,Amer-Indian-Eskimo,Male,0,0,52,United-States,<=50K
45,Self-emp-inc,200825,Bachelors,13,Married-civ-spouse,Exec-managerial,Husband,White,Male,0,0,50,United-States,>50K
34,Private,251421,HS-grad,9,Married-civ-spouse,Craft-repair,Husband,White,Male,0,0,40,United-States,<=50K
40,Self-emp-not-inc,223881,Prof-school,15,Married-civ-spouse,Prof-specialty,Husband,White,Male,0,0,60,United-States,>50K
49,Private,209057,Some-college,10,Divorced,Tech-support,Not-in-family,White,Male,0,0,40,United-States,<=50K
41,Private,238355,5th-6th,3,Married-civ-spouse,Farming-fishing,Husband,White,Male,0,0,40,Mexico,<=50K
24,Federal-gov,130534,Bachelors,13,Never-married,Exec-managerial,Not-in-family,White,Male,0,0,40,United-States,<=50K
62,Private,138157,HS-grad,9,Married-civ-spouse,Machine-op-inspct,Husband,White,Male,0,0,40,United-States,<=50K
28,Private,444304,Bachelors,13,Married-civ-spouse,Tech-support,Husband,White,Male,0,0,40,United-States,<=50K
40,Private,353432,10th,6,Divorced,Machine-op-inspct,Not-in-family,White,Female,0,0,35,United-States,<=50K
41,Local-gov,174575,HS-grad,9,Married-civ-spouse,Craft-repair,Husband,White,Male,0,0,40,United-States,<=50K
34,Self-emp-not-inc,137223,10th,6,Never-married,Other-service,Own-child,White,Female,0,0,40,United-States,<=50K
23,Self-emp-inc,306868,Bachelors,13,Never-married,Farming-fishing,Not-in-family,White,Male,0,0,40,United-States,<=50K
50,Self-emp-not-inc,165219,Prof-school,15,Married-civ-spouse,Prof-specialty,Wife,White,Female,0,0,35,United-States,>50K
47,Private,102308,Masters,14,Married-civ-spouse,Sales,Husband,White,Male,0,0,40,United-States,>50K
24,Private,588484,HS-grad,9,Never-married,Handlers-cleaners,Own-child,White,Male,594,0,40,United-States,<=50K
46,Private,185291,11th,7,Married-civ-spouse,Handlers-cleaners,Husband,White,Male,0,0,45,United-States,>50K
47,Private,100931,Masters,14,Divorced,Prof-specialty,Not-in-family,White,Male,0,0,45,United-States,<=50K
52,Self-emp-not-inc,182796,Some-college,10,Married-civ-spouse,Farming-fishing,Husband,White,Male,0,0,60,United-States,<=50K
34,Private,179877,Some-college,10,Married-civ-spouse,Machine-op-inspct,Husband,White,Male,0,0,40,United-States,>50K
43,Private,288829,Assoc-voc,11,Married-civ-spouse,Protective-serv,Husband,White,Male,0,1902,42,United-States,>50K
25,Federal-gov,80485,Masters,14,Divorced,Exec-managerial,Not-in-family,White,Female,0,0,40,United-States,<=50K
29,Private,161097,HS-grad,9,Married-civ-spouse,Machine-op-inspct,Husband,Black,Male,0,0,40,United-States,>50K
45,Local-gov,364563,HS-grad,9,Married-civ-spouse,Transport-moving,Husband,White,Male,0,0,40,United-States,>50K
39,Self-emp-inc,188069,Assoc-voc,11,Married-civ-spouse,Exec-managerial,Husband,White,Male,0,0,60,United-States,>50K
26,Local-gov,80485,Bachelors,13,Never-married,Prof-specialty,Not-in-family,White,Female,0,0,38,United-States,<=50K
29,Private,499197,Some-college,10,Married-civ-spouse,Prof-specialty,Husband,White,Male,0,0,40,United-States,<=50K
53,State-gov,227392,Some-college,10,Married-civ-spouse,Protective-serv,Husband,White,Male,0,0,60,United-States,<=50K
50,Private,163002,HS-grad,9,Separated,Adm-clerical,Other-relative,White,Female,0,0,40,United-States,<=50K
51,Private,221672,Masters,14,Married-civ-spouse,Sales,Husband,White,Male,15024,0,50,United-States,>50K
32,Private,199963,11th,7,Married-civ-spouse,Machine-op-inspct,Wife,White,Female,0,0,40,United-States,<=50K
44,Private,86298,Bachelors,13,Never-married,Prof-specialty,Not-in-family,White,Male,0,0,45,United-States,<=50K
71,Private,228806,9th,5,Divorced,Priv-house-serv,Not-in-family,Black,Female,0,0,6,United-States,<=50K
22,Private,191265,Some-college,10,Never-married,Sales,Not-in-family,White,Male,0,0,30,United-States,<=50K
36,Private,62346,HS-grad,9,Married-civ-spouse,Craft-repair,Husband,Black,Male,0,0,40,United-States,<=50K
53,Federal-gov,276868,Some-college,10,Married-civ-spouse,Exec-managerial,Husband,White,Male,0,0,40,United-States,>50K
32,Private,107793,HS-grad,9,Divorced,Other-service,Own-child,White,Male,2174,0,40,United-States,<=50K
27,Private,102889,Some-college,10,Divorced,Machine-op-inspct,Unmarried,White,Female,0,0,40,United-States,<=50K
43,Self-emp-inc,140988,Bachelors,13,Married-civ-spouse,Sales,Other-relative,Asian-Pac-Islander,Male,0,0,45,India,<=50K
22,Private,32616,Some-college,10,Never-married,Adm-clerical,Own-child,White,Female,0,0,30,United-States,<=50K
64,Self-emp-not-inc,275034,Some-college,10,Married-civ-spouse,Sales,Husband,White,Male,0,0,35,United-States,<=50K
20,Private,157599,Some-college,10,Never-married,Other-service,Not-in-family,White,Female,0,0,25,United-States,<=50K
54,Private,36480,HS-grad,9,Married-civ-spouse,Sales,Husband,White,Male,15024,0,50,United-States,>50K
55,Self-emp-not-inc,202652,Assoc-voc,11,Married-civ-spouse,Sales,Wife,White,Female,0,0,30,United-States,<=50K
33,Private,112900,HS-grad,9,Divorced,Other-service,Unmarried,White,Female,0,0,40,United-States,<=50K
55,Private,92847,7th-8th,4,Widowed,Priv-house-serv,Unmarried,White,Female,0,0,30,United-States,<=50K
31,Local-gov,393965,HS-grad,9,Divorced,Adm-clerical,Not-in-family,White,Female,0,0,8,United-States,<=50K
45,Private,155659,Bachelors,13,Married-civ-spouse,Prof-specialty,Husband,White,Male,0,0,60,United-States,>50K
48,Private,159577,10th,6,Never-married,Machine-op-inspct,Not-in-family,White,Male,0,0,40,United-States,<=50K
36,Self-emp-not-inc,104772,Bachelors,13,Married-civ-spouse,Prof-specialty,Husband,White,Male,3908,0,40,United-States,<=50K
26,Federal-gov,85482,HS-grad,9,Never-married,Adm-clerical,Not-in-family,Asian-Pac-Islander,Male,0,0,40,United-States,<=50K
59,Private,115414,Some-college,10,Married-civ-spouse,Exec-managerial,Husband,White,Male,0,0,40,United-States,>50K
43,State-gov,198965,Masters,14,Married-civ-spouse,Prof-specialty,Husband,White,Male,0,0,40,United-States,>50K
56,Private,282023,HS-grad,9,Married-civ-spouse,Adm-clerical,Husband,White,Male,0,0,40,United-States,<=50K
30,Private,117963,Bachelors,13,Married-civ-spouse,Adm-clerical,Husband,White,Male,0,0,40,United-States,>50K
29,Federal-gov,224858,Some-college,10,Married-civ-spouse,Protective-serv,Husband,White,Male,0,0,60,United-States,<=50K
24,Self-emp-not-inc,32921,HS-grad,9,Never-married,Sales,Not-in-family,White,Male,0,0,40,United-States,<=50K
32,Private,72591,HS-grad,9,Married-civ-spouse,Craft-repair,Husband,White,Male,0,0,40,United-States,<=50K
35,Private,119098,Doctorate,16,Married-civ-spouse,Prof-specialty,Husband,White,Male,7298,0,40,United-States,>50K
57,Private,365683,HS-grad,9,Divorced,Machine-op-inspct,Not-in-family,White,Female,0,0,40,United-States,>50K
57,Private,157749,Some-college,10,Married-civ-spouse,Craft-repair,Husband,White,Male,0,0,40,United-States,<=50K
37,Private,359131,HS-grad,9,Divorced,Craft-repair,Unmarried,White,Female,0,0,48,United-States,<=50K
39,Private,230467,Bachelors,13,Never-married,Sales,Own-child,White,Male,0,0,40,Germany,<=50K
65,Private,136384,Masters,14,Married-civ-spouse,Prof-specialty,Husband,White,Male,0,0,50,United-States,>50K
32,Private,105650,HS-grad,9,Married-civ-spouse,Exec-managerial,Wife,White,Female,0,0,50,United-States,>50K
28,Private,156967,HS-grad,9,Divorced,Adm-clerical,Unmarried,White,Female,0,0,40,United-States,<=50K
42,Self-emp-not-inc,201908,Prof-school,15,Married-civ-spouse,Prof-specialty,Husband,White,Male,99999,0,50,United-States,>50K
37,Self-emp-not-inc,183735,HS-grad,9,Married-civ-spouse,Prof-specialty,Husband,White,Male,3137,0,30,United-States,<=50K
43,Private,212027,Bachelors,13,Divorced,Prof-specialty,Not-in-family,Black,Male,0,0,38,United-States,<=50K
37,Private,103121,Bachelors,13,Married-civ-spouse,Exec-managerial,Wife,White,Female,0,1848,40,United-States,>50K
34,Private,300681,Some-college,10,Married-civ-spouse,Prof-specialty,Husband,Black,Male,0,0,40,Jamaica,>50K
29,Private,200928,HS-grad,9,Married-civ-spouse,Exec-managerial,Husband,White,Male,0,0,40,United-States,>50K
33,Private,213179,Some-college,10,Married-civ-spouse,Machine-op-inspct,Husband,White,Male,0,0,40,United-States,>50K
18,Private,152004,11th,7,Never-married,Other-service,Own-child,Black,Male,0,0,20,United-States,<=50K
43,Self-emp-not-inc,33521,Bachelors,13,Divorced,Prof-specialty,Not-in-family,White,Male,0,0,70,United-States,>50K
32,Private,440129,Some-college,10,Married-civ-spouse,Handlers-cleaners,Husband,White,Male,0,0,38,Mexico,<=50K
24,Private,138768,Assoc-acdm,12,Never-married,Handlers-cleaners,Own-child,White,Male,0,0,30,United-States,<=50K
35,Private,187119,Some-college,10,Divorced,Exec-managerial,Not-in-family,White,Female,0,0,70,United-States,<=50K
56,Private,284701,Bachelors,13,Married-civ-spouse,Adm-clerical,Wife,White,Female,0,0,40,United-States,>50K
31,Federal-gov,180656,HS-grad,9,Never-married,Adm-clerical,Own-child,White,Male,0,0,35,United-States,<=50K
35,Private,179579,HS-grad,9,Married-civ-spouse,Adm-clerical,Husband,White,Male,0,0,45,United-States,<=50K
39,Private,278632,HS-grad,9,Married-civ-spouse,Machine-op-inspct,Husband,White,Male,0,0,40,United-States,<=50K
43,Private,158926,Masters,14,Married-civ-spouse,Prof-specialty,Wife,Asian-Pac-Islander,Female,0,0,50,South,<=50K
35,Self-emp-inc,289430,Masters,14,Married-civ-spouse,Sales,Husband,White,Male,0,0,45,Mexico,>50K
22,Private,290044,Bachelors,13,Never-married,Other-service,Not-in-family,White,Female,0,0,35,Canada,<=50K
45,Self-emp-not-inc,182677,HS-grad,9,Married-spouse-absent,Craft-repair,Not-in-family,Asian-Pac-Islander,Male,0,0,40,Thailand,<=50K
27,Private,150767,Some-college,10,Never-married,Machine-op-inspct,Own-child,White,Male,0,0,48,United-States,<=50K
30,Private,131415,Bachelors,13,Never-married,Priv-house-serv,Not-in-family,White,Female,0,0,60,United-States,<=50K
36,Private,297449,Bachelors,13,Married-civ-spouse,Sales,Husband,White,Male,0,0,50,United-States,>50K
39,Private,177277,HS-grad,9,Married-civ-spouse,Machine-op-inspct,Husband,White,Male,0,0,45,United-States,>50K
51,State-gov,177487,HS-grad,9,Married-civ-spouse,Craft-repair,Husband,White,Male,0,0,45,United-States,<=50K
37,Private,86308,Bachelors,13,Married-civ-spouse,Prof-specialty,Wife,Asian-Pac-Islander,Female,0,0,40,Philippines,>50K
33,Private,303867,Some-college,10,Married-civ-spouse,Exec-managerial,Husband,White,Male,0,0,50,United-States,<=50K
25,Private,131463,Bachelors,13,Married-civ-spouse,Prof-specialty,Husband,White,Male,0,0,40,United-States,<=50K
62,Private,118696,HS-grad,9,Married-civ-spouse,Craft-repair,Husband,White,Male,0,0,40,United-States,<=50K
33,Private,159929,HS-grad,9,Married-civ-spouse,Craft-repair,Husband,White,Male,0,0,40,United-States,<=50K
38,State-gov,112497,Bachelors,13,Married-civ-spouse,Protective-serv,Husband,White,Male,0,0,60,United-States,<=50K
74,Private,91488,1st-4th,2,Married-civ-spouse,Transport-moving,Husband,Black,Male,0,0,20,United-States,<=50K
50,Private,263200,5th-6th,3,Married-spouse-absent,Other-service,Unmarried,White,Female,0,0,34,Mexico,<=50K
25,Private,199143,HS-grad,9,Divorced,Craft-repair,Own-child,White,Male,0,0,40,United-States,<=50K
56,Private,53366,7th-8th,4,Divorced,Transport-moving,Unmarried,White,Male,0,0,40,United-States,<=50K
20,Private,47791,12th,8,Divorced,Other-service,Not-in-family,White,Female,0,0,10,United-States,<=50K
58,Private,83542,HS-grad,9,Never-married,Other-service,Not-in-family,White,Male,0,0,40,United-States,<=50K
20,Private,162151,HS-grad,9,Never-married,Sales,Own-child,Black,Female,0,0,20,United-States,<=50K
44,State-gov,98989,Bachelors,13,Married-civ-spouse,Prof-specialty,Husband,Amer-Indian-Eskimo,Male,0,0,38,United-States,>50K
37,Local-gov,197915,7th-8th,4,Married-civ-spouse,Machine-op-inspct,Husband,White,Male,0,0,40,United-States,<=50K
34,Self-emp-not-inc,96245,HS-grad,9,Married-civ-spouse,Machine-op-inspct,Husband,White,Male,0,0,40,United-States,<=50K
39,Self-emp-inc,170174,HS-grad,9,Married-civ-spouse,Exec-managerial,Husband,White,Male,0,0,60,United-States,>50K
23,Private,177087,11th,7,Never-married,Adm-clerical,Unmarried,Black,Male,0,0,35,United-States,<=50K
60,Private,143932,HS-grad,9,Married-civ-spouse,Craft-repair,Husband,White,Male,0,0,40,United-States,<=50K
42,Self-emp-not-inc,115932,HS-grad,9,Married-civ-spouse,Sales,Husband,White,Male,0,0,40,United-States,<=50K
36,Private,41017,Some-college,10,Married-civ-spouse,Exec-managerial,Husband,White,Male,0,0,52,United-States,>50K
51,Self-emp-inc,194995,Some-college,10,Married-civ-spouse,Exec-managerial,Husband,White,Male,0,0,45,United-States,>50K
20,Private,184756,Some-college,10,Never-married,Adm-clerical,Own-child,White,Female,0,0,12,United-States,<=50K
21,Private,237051,Some-college,10,Never-married,Other-service,Own-child,White,Female,0,0,25,United-States,<=50K
44,Private,367749,Bachelors,13,Never-married,Prof-specialty,Not-in-family,White,Female,0,0,45,Mexico,<=50K
50,Private,82566,Masters,14,Married-civ-spouse,Tech-support,Husband,White,Male,0,0,45,United-States,>50K
62,Private,161802,1st-4th,2,Married-civ-spouse,Priv-house-serv,Wife,Black,Female,0,0,30,United-States,<=50K
21,Local-gov,391936,Some-college,10,Never-married,Prof-specialty,Own-child,White,Female,0,0,25,United-States,<=50K
20,Self-emp-inc,95997,HS-grad,9,Never-married,Farming-fishing,Own-child,White,Male,0,0,70,United-States,<=50K
48,Private,329778,HS-grad,9,Widowed,Other-service,Unmarried,White,Female,0,0,40,United-States,<=50K
18,Local-gov,242956,11th,7,Never-married,Prof-specialty,Own-child,Black,Female,0,0,40,United-States,<=50K
61,Private,273803,HS-grad,9,Married-civ-spouse,Craft-repair,Husband,White,Male,0,0,40,United-States,<=50K
59,Private,92141,HS-grad,9,Widowed,Machine-op-inspct,Not-in-family,Black,Female,0,0,40,United-States,<=50K
18,Private,282394,Some-college,10,Never-married,Sales,Own-child,Black,Female,0,0,21,United-States,<=50K
43,State-gov,107439,Some-college,10,Never-married,Other-service,Not-in-family,Black,Female,0,0,30,United-States,<=50K
67,Private,197865,Some-college,10,Divorced,Adm-clerical,Not-in-family,White,Female,0,0,40,United-States,<=50K
30,State-gov,136997,HS-grad,9,Divorced,Exec-managerial,Unmarried,White,Female,0,0,40,United-States,<=50K
30,Private,217460,Bachelors,13,Married-civ-spouse,Prof-specialty,Husband,White,Male,0,0,40,United-States,<=50K
42,State-gov,39239,Masters,14,Never-married,Prof-specialty,Not-in-family,White,Male,0,0,70,United-States,<=50K
54,Private,204397,Some-college,10,Married-civ-spouse,Farming-fishing,Husband,White,Male,0,0,50,United-States,<=50K
40,Private,202872,Some-college,10,Divorced,Adm-clerical,Unmarried,White,Female,0,0,24,United-States,<=50K
51,Self-emp-not-inc,43878,Doctorate,16,Divorced,Sales,Not-in-family,White,Male,0,0,50,United-States,>50K
20,Self-emp-not-inc,197207,HS-grad,9,Divorced,Sales,Not-in-family,White,Female,0,0,30,United-States,<=50K
30,Private,342730,HS-grad,9,Never-married,Prof-specialty,Not-in-family,White,Male,0,0,35,United-States,<=50K
37,Private,190105,HS-grad,9,Never-married,Adm-clerical,Own-child,White,Female,0,0,55,United-States,<=50K
40,Self-emp-inc,214781,Some-college,10,Married-civ-spouse,Exec-managerial,Husband,White,Male,7298,0,65,United-States,>50K
46,Self-emp-not-inc,198759,Prof-school,15,Married-civ-spouse,Prof-specialty,Husband,White,Male,0,2415,80,United-States,>50K
48,Private,121424,Bachelors,13,Married-civ-spouse,Exec-managerial,Husband,White,Male,0,0,55,United-States,>50K
17,Private,98005,11th,7,Never-married,Sales,Own-child,White,Female,0,0,20,United-States,<=50K
31,Private,223212,7th-8th,4,Never-married,Handlers-cleaners,Own-child,White,Male,0,0,50,United-States,<=50K
52,State-gov,338816,Masters,14,Never-married,Adm-clerical,Not-in-family,White,Male,0,0,70,United-States,>50K
27,Private,347153,Some-college,10,Never-married,Transport-moving,Other-relative,White,Male,0,0,40,United-States,<=50K
48,Private,45564,Assoc-voc,11,Divorced,Prof-specialty,Not-in-family,White,Male,4650,0,50,United-States,<=50K
26,Private,193165,Some-college,10,Married-civ-spouse,Transport-moving,Husband,White,Male,0,0,52,United-States,>50K
28,Self-emp-not-inc,209205,Some-college,10,Married-civ-spouse,Craft-repair,Husband,White,Male,7298,0,40,United-States,>50K
33,Private,143582,HS-grad,9,Separated,Other-service,Unmarried,Asian-Pac-Islander,Female,0,0,48,China,<=50K
17,Private,194612,11th,7,Never-married,Other-service,Own-child,White,Male,0,0,25,United-States,<=50K
26,Private,276548,HS-grad,9,Married-civ-spouse,Sales,Wife,White,Female,0,0,20,United-States,<=50K
42,Private,112507,12th,8,Married-civ-spouse,Transport-moving,Husband,White,Male,0,0,30,United-States,<=50K
57,Self-emp-not-inc,84231,Some-college,10,Married-civ-spouse,Other-service,Husband,White,Male,0,0,48,United-States,<=50K
36,Private,749105,HS-grad,9,Divorced,Other-service,Unmarried,White,Female,0,0,36,United-States,<=50K
30,Private,186420,Bachelors,13,Never-married,Tech-support,Not-in-family,White,Female,0,0,35,United-States,<=50K
57,Private,111385,10th,6,Never-married,Other-service,Not-in-family,White,Male,0,0,40,United-States,<=50K
29,Local-gov,270421,Masters,14,Never-married,Prof-specialty,Not-in-family,White,Male,0,0,50,United-States,<=50K
25,Private,143062,Bachelors,13,Never-married,Other-service,Own-child,White,Female,2463,0,30,United-States,<=50K
62,Local-gov,115023,Some-college,10,Married-civ-spouse,Machine-op-inspct,Husband,White,Male,0,0,40,United-States,<=50K
39,Private,101260,HS-grad,9,Never-married,Machine-op-inspct,Own-child,White,Male,0,0,40,United-States,<=50K
55,Private,173504,Some-college,10,Married-civ-spouse,Other-service,Husband,White,Male,0,0,50,United-States,>50K
47,Private,208872,Some-college,10,Married-civ-spouse,Craft-repair,Husband,White,Male,0,0,40,United-States,<=50K
43,Private,249039,Assoc-voc,11,Married-civ-spouse,Prof-specialty,Wife,White,Female,0,0,36,United-States,>50K
34,Federal-gov,143766,Assoc-acdm,12,Never-married,Adm-clerical,Not-in-family,White,Male,0,0,40,United-States,<=50K
55,Local-gov,99131,HS-grad,9,Married-civ-spouse,Prof-specialty,Other-relative,White,Female,0,2246,40,United-States,>50K
42,Private,99373,HS-grad,9,Divorced,Machine-op-inspct,Not-in-family,White,Female,0,0,40,United-States,<=50K
21,Private,260254,HS-grad,9,Never-married,Craft-repair,Not-in-family,White,Male,0,0,40,United-States,<=50K
22,Private,253310,Bachelors,13,Never-married,Exec-managerial,Own-child,White,Female,0,0,7,United-States,<=50K
52,State-gov,32372,Some-college,10,Married-civ-spouse,Prof-specialty,Husband,White,Male,0,0,40,United-States,<=50K
46,Private,20534,Masters,14,Married-civ-spouse,Other-service,Husband,White,Male,0,0,20,United-States,<=50K
37,Private,178948,Bachelors,13,Married-civ-spouse,Exec-managerial,Wife,White,Female,7688,0,45,United-States,>50K
23,Private,213115,HS-grad,9,Never-married,Adm-clerical,Own-child,Black,Female,0,0,40,United-States,<=50K
42,Private,34278,Some-college,10,Married-civ-spouse,Sales,Husband,White,Male,0,0,50,United-States,>50K
38,State-gov,91670,Some-college,10,Divorced,Prof-specialty,Own-child,Asian-Pac-Islander,Female,0,0,40,United-States,<=50K
24,Private,103277,HS-grad,9,Never-married,Adm-clerical,Not-in-family,White,Female,2597,0,40,United-States,<=50K
23,Private,235071,Some-college,10,Never-married,Exec-managerial,Own-child,White,Male,0,0,50,United-States,<=50K
30,Private,330802,HS-grad,9,Never-married,Adm-clerical,Own-child,White,Female,0,0,40,United-States,<=50K
23,Private,126945,Some-college,10,Never-married,Prof-specialty,Not-in-family,White,Male,0,0,25,United-States,<=50K
25,Private,138111,Some-college,10,Never-married,Other-service,Not-in-family,White,Male,2174,0,40,United-States,<=50K
47,State-gov,148171,Doctorate,16,Divorced,Prof-specialty,Unmarried,White,Male,0,0,50,France,>50K
34,Self-emp-not-inc,254304,HS-grad,9,Married-civ-spouse,Farming-fishing,Husband,White,Male,4508,0,90,United-States,<=50K
24,Private,142227,Bachelors,13,Never-married,Adm-clerical,Not-in-family,White,Female,0,0,30,United-States,<=50K
30,State-gov,123253,Bachelors,13,Married-civ-spouse,Prof-specialty,Husband,White,Male,0,0,45,United-States,<=50K
34,Private,221396,Some-college,10,Married-civ-spouse,Adm-clerical,Husband,White,Male,0,0,40,United-States,<=50K
32,Private,372317,9th,5,Separated,Other-service,Unmarried,White,Female,0,0,23,Mexico,<=50K
17,Private,165018,10th,6,Never-married,Sales,Own-child,White,Female,0,0,10,United-States,<=50K
46,Private,247043,HS-grad,9,Married-civ-spouse,Transport-moving,Husband,White,Male,0,0,40,United-States,>50K
36,Private,258102,Assoc-voc,11,Never-married,Prof-specialty,Not-in-family,White,Male,0,0,40,United-States,<=50K
43,Local-gov,225978,Some-college,10,Married-civ-spouse,Craft-repair,Husband,Black,Male,0,0,40,United-States,>50K
18,Private,120243,11th,7,Never-married,Other-service,Own-child,White,Male,0,0,10,United-States,<=50K
50,Self-emp-not-inc,143535,Masters,14,Married-civ-spouse,Prof-specialty,Husband,White,Male,0,0,40,United-States,<=50K
28,Private,355259,Masters,14,Never-married,Prof-specialty,Not-in-family,White,Female,0,0,40,United-States,>50K
42,Local-gov,131167,Masters,14,Never-married,Prof-specialty,Not-in-family,White,Female,0,0,45,United-States,<=50K
45,Local-gov,168191,HS-grad,9,Married-civ-spouse,Transport-moving,Husband,White,Male,0,0,40,United-States,<=50K
51,Private,249741,Some-college,10,Married-civ-spouse,Sales,Husband,White,Male,0,0,40,United-States,<=50K
49,Self-emp-not-inc,228399,HS-grad,9,Divorced,Machine-op-inspct,Unmarried,Black,Female,0,0,40,United-States,<=50K
18,Private,324046,10th,6,Never-married,Other-service,Own-child,White,Female,0,0,12,United-States,<=50K
49,Private,81973,Some-college,10,Married-civ-spouse,Craft-repair,Husband,Asian-Pac-Islander,Male,0,0,40,United-States,>50K
25,Private,98281,12th,8,Never-married,Handlers-cleaners,Unmarried,White,Male,0,0,43,United-States,<=50K
55,Private,142020,HS-grad,9,Married-civ-spouse,Exec-managerial,Husband,White,Male,0,0,45,United-States,<=50K
19,Private,89734,Some-college,10,Never-married,Other-service,Other-relative,Amer-Indian-Eskimo,Male,0,0,42,United-States,<=50K
35,Private,309131,HS-grad,9,Married-civ-spouse,Transport-moving,Husband,White,Male,0,0,40,United-States,<=50K
20,Private,266400,Some-college,10,Never-married,Prof-specialty,Own-child,White,Female,0,0,48,United-States,<=50K
42,Private,444134,HS-grad,9,Married-civ-spouse,Transport-moving,Husband,White,Male,0,0,40,United-States,<=50K
24,Private,278155,Some-college,10,Never-married,Machine-op-inspct,Not-in-family,White,Male,0,0,30,United-States,<=50K
38,Local-gov,123983,Bachelors,13,Never-married,Exec-managerial,Unmarried,Asian-Pac-Islander,Male,0,1741,40,Vietnam,<=50K
40,Private,133456,HS-grad,9,Married-civ-spouse,Sales,Other-relative,White,Female,0,0,24,United-States,>50K
30,Private,288419,5th-6th,3,Married-civ-spouse,Craft-repair,Husband,White,Male,0,0,40,Mexico,<=50K
28,Private,120475,HS-grad,9,Never-married,Other-service,Own-child,White,Male,0,0,20,United-States,<=50K
64,Self-emp-inc,182158,Prof-school,15,Married-civ-spouse,Prof-specialty,Husband,White,Male,99999,0,60,United-States,>50K
31,Federal-gov,194141,Assoc-voc,11,Married-civ-spouse,Handlers-cleaners,Husband,White,Male,0,0,40,United-States,<=50K
21,Private,189013,Some-college,10,Never-married,Sales,Own-child,White,Female,0,0,35,United-States,<=50K
42,Private,192712,HS-grad,9,Separated,Other-service,Unmarried,White,Female,0,0,25,United-States,<=50K
32,Private,87643,Bachelors,13,Married-civ-spouse,Sales,Husband,White,Male,0,0,40,United-States,<=50K
39,Private,22494,Bachelors,13,Never-married,Exec-managerial,Not-in-family,White,Female,0,0,40,United-States,<=50K
24,Private,311826,Some-college,10,Never-married,Sales,Unmarried,White,Female,0,0,18,United-States,<=50K
29,Private,363963,HS-grad,9,Divorced,Other-service,Not-in-family,White,Female,0,0,40,United-States,<=50K
31,Private,212705,Some-college,10,Married-civ-spouse,Tech-support,Husband,White,Male,0,0,40,United-States,>50K
88,Self-emp-not-inc,206291,Prof-school,15,Married-civ-spouse,Prof-specialty,Husband,White,Male,0,0,40,United-States,<=50K
19,Private,167140,Some-college,10,Never-married,Other-service,Own-child,White,Male,0,1602,24,United-States,<=50K
42,Private,197344,HS-grad,9,Married-civ-spouse,Other-service,Husband,White,Male,0,0,45,United-States,<=50K
37,Private,280464,Some-college,10,Married-civ-spouse,Exec-managerial,Husband,Black,Male,0,0,80,United-States,>50K
45,Private,167617,Some-college,10,Married-civ-spouse,Other-service,Husband,White,Male,0,0,40,United-States,<=50K
24,Private,176580,5th-6th,3,Married-spouse-absent,Farming-fishing,Not-in-family,White,Male,0,0,40,Mexico,<=50K
50,Self-emp-not-inc,231196,Bachelors,13,Divorced,Sales,Not-in-family,White,Male,0,0,50,United-States,<=50K
61,Private,215789,HS-grad,9,Divorced,Sales,Not-in-family,White,Male,0,0,40,United-States,<=50K
21,Private,276709,Some-college,10,Never-married,Sales,Other-relative,White,Female,0,0,40,United-States,<=50K
47,State-gov,118447,Bachelors,13,Married-civ-spouse,Prof-specialty,Husband,White,Male,0,0,60,United-States,>50K
17,Private,182158,10th,6,Never-married,Priv-house-serv,Own-child,White,Male,0,0,30,United-States,<=50K
38,Private,296212,Bachelors,13,Married-civ-spouse,Craft-repair,Husband,White,Male,0,0,45,United-States,<=50K
35,Private,111128,10th,6,Never-married,Adm-clerical,Own-child,White,Male,0,0,40,United-States,<=50K
38,Self-emp-inc,206951,HS-grad,9,Married-civ-spouse,Exec-managerial,Husband,White,Male,0,0,65,United-States,<=50K
54,Local-gov,184620,Masters,14,Divorced,Prof-specialty,Not-in-family,White,Female,0,0,40,United-States,<=50K
43,Private,115562,Bachelors,13,Married-civ-spouse,Exec-managerial,Husband,White,Male,99999,0,50,United-States,>50K
23,Private,109952,Some-college,10,Married-civ-spouse,Craft-repair,Husband,White,Male,0,0,60,United-States,<=50K
60,Self-emp-not-inc,38622,Some-college,10,Married-civ-spouse,Exec-managerial,Husband,White,Male,0,0,40,United-States,<=50K
76,Self-emp-not-inc,130585,Some-college,10,Married-civ-spouse,Other-service,Wife,White,Female,0,0,12,United-States,<=50K
40,Private,163628,Assoc-voc,11,Married-civ-spouse,Adm-clerical,Husband,White,Male,0,0,40,United-States,<=50K
37,Self-emp-not-inc,150993,11th,7,Married-civ-spouse,Transport-moving,Husband,White,Male,0,0,45,United-States,<=50K
32,Private,53277,Masters,14,Married-civ-spouse,Exec-managerial,Husband,White,Male,0,0,60,United-States,>50K
24,Private,196816,Bachelors,13,Married-civ-spouse,Prof-specialty,Husband,White,Male,3908,0,40,United-States,<=50K
35,Private,181165,HS-grad,9,Divorced,Sales,Not-in-family,White,Female,0,0,40,United-States,<=50K
35,Private,87757,Bachelors,13,Never-married,Exec-managerial,Not-in-family,White,Male,0,0,40,United-States,<=50K
57,Self-emp-inc,220789,HS-grad,9,Married-civ-spouse,Sales,Husband,White,Male,0,0,45,United-States,>50K
54,Private,142169,HS-grad,9,Never-married,Handlers-cleaners,Own-child,White,Male,0,0,40,United-States,<=50K
40,Local-gov,99679,Prof-school,15,Never-married,Exec-managerial,Not-in-family,White,Male,0,0,60,United-States,>50K
19,Private,418324,Some-college,10,Never-married,Sales,Own-child,White,Male,0,0,36,United-States,<=50K
41,Private,118768,Assoc-acdm,12,Never-married,Craft-repair,Not-in-family,White,Male,0,0,48,United-States,<=50K
37,Private,99146,Bachelors,13,Married-civ-spouse,Sales,Husband,White,Male,0,0,60,United-States,>50K
29,Private,247867,Bachelors,13,Married-civ-spouse,Prof-specialty,Husband,White,Male,0,0,40,United-States,>50K
19,Private,159796,Some-college,10,Never-married,Other-service,Own-child,White,Female,0,0,12,United-States,<=50K
25,Local-gov,198813,Bachelors,13,Never-married,Adm-clerical,Other-relative,Black,Female,0,0,40,United-States,<=50K
39,State-gov,126336,HS-grad,9,Divorced,Prof-specialty,Not-in-family,White,Male,0,0,40,United-States,<=50K
51,Private,346871,Bachelors,13,Married-civ-spouse,Exec-managerial,Husband,White,Male,0,0,55,United-States,>50K
54,Private,264143,9th,5,Divorced,Handlers-cleaners,Not-in-family,White,Male,0,0,24,United-States,<=50K
26,Private,156848,Bachelors,13,Never-married,Sales,Own-child,White,Male,0,0,40,United-States,<=50K
31,Private,300497,Some-college,10,Divorced,Exec-managerial,Unmarried,Black,Male,0,0,40,United-States,<=50K
30,Private,342709,HS-grad,9,Married-spouse-absent,Craft-repair,Other-relative,White,Male,0,0,40,United-States,<=50K
38,Private,171482,HS-grad,9,Married-civ-spouse,Craft-repair,Husband,White,Male,0,1672,50,United-States,<=50K
37,Local-gov,297449,HS-grad,9,Married-civ-spouse,Protective-serv,Husband,White,Male,0,0,40,United-States,>50K
32,Private,229636,Assoc-acdm,12,Married-civ-spouse,Handlers-cleaners,Husband,White,Male,5013,0,60,United-States,<=50K
29,Private,109494,Bachelors,13,Married-civ-spouse,Prof-specialty,Husband,White,Male,5178,0,45,United-States,>50K
36,Private,131414,Some-college,10,Never-married,Sales,Not-in-family,Black,Female,0,0,36,United-States,<=50K
25,Private,179599,9th,5,Never-married,Machine-op-inspct,Not-in-family,White,Female,0,0,38,United-States,<=50K
46,Self-emp-not-inc,311231,HS-grad,9,Married-civ-spouse,Farming-fishing,Husband,White,Male,0,0,40,United-States,<=50K
25,Private,211231,HS-grad,9,Married-civ-spouse,Tech-support,Other-relative,White,Female,0,0,48,United-States,>50K
47,Private,186311,Bachelors,13,Never-married,Exec-managerial,Not-in-family,White,Female,0,0,50,United-States,<=50K
40,Private,209547,Bachelors,13,Married-civ-spouse,Prof-specialty,Husband,White,Male,0,0,60,United-States,>50K
36,Private,131459,7th-8th,4,Married-civ-spouse,Craft-repair,Husband,White,Male,0,0,40,United-States,<=50K
25,Private,259505,HS-grad,9,Never-married,Tech-support,Not-in-family,White,Male,0,0,40,United-States,<=50K
42,Local-gov,255675,Some-college,10,Married-civ-spouse,Craft-repair,Husband,White,Male,0,0,40,United-States,>50K
19,Private,140985,Some-college,10,Never-married,Adm-clerical,Other-relative,White,Male,0,0,25,United-States,<=50K
40,Private,270147,Masters,14,Never-married,Exec-managerial,Not-in-family,White,Female,0,0,40,United-States,>50K
24,Private,241857,Some-college,10,Never-married,Adm-clerical,Not-in-family,Black,Female,0,0,35,United-States,<=50K
67,Local-gov,191800,Bachelors,13,Divorced,Adm-clerical,Unmarried,Black,Female,6360,0,35,United-States,<=50K
22,Private,102632,HS-grad,9,Never-married,Craft-repair,Not-in-family,White,Male,0,0,41,United-States,<=50K
18,Private,164571,HS-grad,9,Never-married,Prof-specialty,Not-in-family,White,Female,0,0,40,United-States,<=50K
37,Private,348796,Bachelors,13,Divorced,Other-service,Not-in-family,White,Male,0,0,40,United-States,<=50K
21,Private,215039,11th,7,Never-married,Handlers-cleaners,Own-child,White,Male,0,0,40,United-States,<=50K
49,Private,53893,HS-grad,9,Divorced,Transport-moving,Not-in-family,White,Male,0,0,40,United-States,<=50K
51,State-gov,68684,7th-8th,4,Married-civ-spouse,Transport-moving,Husband,White,Male,0,0,40,United-States,<=50K
53,Self-emp-not-inc,33304,Prof-school,15,Married-civ-spouse,Prof-specialty,Husband,White,Male,0,0,38,United-States,>50K
18,Private,182545,HS-grad,9,Never-married,Machine-op-inspct,Own-child,Black,Male,0,0,40,United-States,<=50K
42,Private,272910,HS-grad,9,Divorced,Other-service,Not-in-family,White,Female,0,0,40,United-States,<=50K
38,Private,180477,10th,6,Never-married,Other-service,Not-in-family,White,Male,0,0,40,United-States,<=50K
49,Self-emp-inc,306289,HS-grad,9,Married-civ-spouse,Exec-managerial,Husband,White,Male,0,0,40,United-States,>50K
43,Self-emp-not-inc,99203,Assoc-voc,11,Married-civ-spouse,Craft-repair,Husband,White,Male,0,0,40,United-States,<=50K
36,Private,184659,HS-grad,9,Married-civ-spouse,Machine-op-inspct,Husband,White,Male,0,0,40,United-States,>50K
49,Private,403112,HS-grad,9,Divorced,Other-service,Unmarried,Black,Female,0,0,32,United-States,<=50K
30,Private,125762,Some-college,10,Married-civ-spouse,Adm-clerical,Husband,White,Male,0,0,30,United-States,<=50K
30,Private,131699,HS-grad,9,Divorced,Transport-moving,Not-in-family,White,Male,0,0,40,United-States,<=50K
25,Private,340288,9th,5,Married-civ-spouse,Handlers-cleaners,Husband,White,Male,0,0,40,United-States,<=50K
67,Private,192995,HS-grad,9,Widowed,Adm-clerical,Unmarried,White,Female,6723,0,40,United-States,<=50K
56,Private,253854,Some-college,10,Married-civ-spouse,Prof-specialty,Husband,White,Male,0,0,40,United-States,>50K
38,Self-emp-inc,99146,Bachelors,13,Married-civ-spouse,Exec-managerial,Husband,White,Male,15024,0,80,United-States,>50K
35,Private,327164,Assoc-acdm,12,Married-civ-spouse,Prof-specialty,Other-relative,White,Male,0,0,40,United-States,>50K
38,Self-emp-not-inc,282461,7th-8th,4,Married-civ-spouse,Sales,Husband,White,Male,0,0,35,United-States,>50K
45,Private,148900,Bachelors,13,Married-civ-spouse,Prof-specialty,Husband,White,Male,0,0,50,United-States,>50K
32,Local-gov,198211,Assoc-voc,11,Married-spouse-absent,Craft-repair,Not-in-family,White,Male,0,0,40,United-States,<=50K
41,Private,590204,Masters,14,Married-civ-spouse,Prof-specialty,Wife,White,Female,15024,0,40,United-States,>50K
29,Private,312845,HS-grad,9,Divorced,Other-service,Unmarried,White,Female,0,0,30,United-States,<=50K
46,Private,229394,HS-grad,9,Divorced,Exec-managerial,Not-in-family,White,Female,0,0,40,United-States,<=50K
38,Private,187346,HS-grad,9,Never-married,Sales,Own-child,White,Female,0,0,40,United-States,<=50K
32,Private,334744,HS-grad,9,Never-married,Tech-support,Not-in-family,White,Male,0,0,45,United-States,<=50K
28,Private,350254,1st-4th,2,Never-married,Priv-house-serv,Not-in-family,White,Female,0,0,40,Mexico,<=50K
42,Local-gov,29075,Assoc-acdm,12,Married-civ-spouse,Prof-specialty,Wife,Amer-Indian-Eskimo,Female,0,0,40,United-States,<=50K
42,Self-emp-not-inc,206066,Masters,14,Married-civ-spouse,Prof-specialty,Husband,White,Male,0,0,65,United-States,<=50K
27,Private,198587,HS-grad,9,Never-married,Sales,Unmarried,Black,Female,0,0,60,United-States,<=50K
25,Local-gov,276249,Masters,14,Never-married,Prof-specialty,Own-child,White,Female,0,0,40,United-States,<=50K
43,State-gov,52849,Bachelors,13,Married-civ-spouse,Prof-specialty,Husband,White,Male,0,0,40,United-States,<=50K
35,Self-emp-not-inc,133935,Some-college,10,Married-spouse-absent,Craft-repair,Not-in-family,White,Male,0,0,40,United-States,<=50K
47,Private,200471,Assoc-voc,11,Married-civ-spouse,Adm-clerical,Husband,White,Male,4064,0,40,United-States,<=50K
22,Private,191324,Some-college,10,Never-married,Protective-serv,Own-child,White,Male,0,0,25,United-States,<=50K
43,Private,355431,Some-college,10,Divorced,Handlers-cleaners,Not-in-family,Black,Male,0,0,40,United-States,<=50K
36,Private,269318,Bachelors,13,Married-civ-spouse,Exec-managerial,Husband,White,Male,0,0,50,United-States,>50K
42,Private,220049,HS-grad,9,Married-civ-spouse,Sales,Husband,Black,Male,0,0,40,United-States,>50K
33,Private,234067,HS-grad,9,Married-civ-spouse,Machine-op-inspct,Husband,White,Male,0,0,40,United-States,>50K
29,Private,167716,HS-grad,9,Divorced,Other-service,Unmarried,White,Female,0,0,99,United-States,<=50K
39,Federal-gov,189632,HS-grad,9,Married-civ-spouse,Adm-clerical,Wife,White,Female,0,0,40,United-States,>50K
33,Private,137421,Prof-school,15,Married-civ-spouse,Prof-specialty,Husband,Asian-Pac-Islander,Male,0,0,35,Japan,<=50K
30,Private,182771,Masters,14,Married-civ-spouse,Prof-specialty,Husband,Asian-Pac-Islander,Male,0,0,40,United-States,>50K
42,Self-emp-not-inc,206066,Masters,14,Never-married,Prof-specialty,Own-child,White,Male,0,0,45,United-States,<=50K
58,Private,204678,Bachelors,13,Married-civ-spouse,Tech-support,Wife,White,Female,0,0,40,United-States,>50K
39,Private,96564,HS-grad,9,Divorced,Handlers-cleaners,Not-in-family,White,Female,0,0,40,United-States,<=50K
47,Private,188386,Assoc-acdm,12,Married-civ-spouse,Craft-repair,Husband,White,Male,0,0,40,United-States,<=50K
56,Local-gov,267763,HS-grad,9,Married-civ-spouse,Other-service,Husband,White,Male,0,0,40,United-States,<=50K
38,Private,179117,Assoc-acdm,12,Never-married,Machine-op-inspct,Not-in-family,Black,Female,10520,0,50,United-States,>50K
37,Private,168941,Masters,14,Married-civ-spouse,Exec-managerial,Husband,White,Male,0,0,55,United-States,>50K
22,Private,202745,HS-grad,9,Never-married,Machine-op-inspct,Other-relative,White,Male,0,0,55,United-States,<=50K
21,Private,502837,HS-grad,9,Never-married,Machine-op-inspct,Own-child,White,Female,0,0,40,Peru,<=50K
33,Private,106938,HS-grad,9,Married-civ-spouse,Tech-support,Wife,Black,Female,0,0,38,United-States,<=50K
23,Private,224716,Some-college,10,Never-married,Sales,Not-in-family,White,Male,0,0,35,United-States,<=50K
38,Private,272671,Bachelors,13,Divorced,Sales,Own-child,White,Male,0,0,50,United-States,<=50K
32,Private,316769,11th,7,Never-married,Other-service,Unmarried,Black,Female,0,0,40,Jamaica,<=50K
49,Private,107009,HS-grad,9,Divorced,Other-service,Not-in-family,White,Male,0,0,40,Portugal,<=50K
39,Private,189623,Bachelors,13,Divorced,Sales,Unmarried,White,Male,0,0,60,United-States,<=50K
18,Private,241552,11th,7,Never-married,Other-service,Own-child,White,Female,0,1719,20,United-States,<=50K
25,Private,397962,HS-grad,9,Never-married,Adm-clerical,Other-relative,Black,Female,0,0,40,United-States,<=50K
24,Private,83141,Some-college,10,Separated,Other-service,Not-in-family,White,Male,0,1876,40,United-States,<=50K
35,Private,342824,HS-grad,9,Never-married,Tech-support,Not-in-family,White,Female,1151,0,40,United-States,<=50K
28,Private,51331,Assoc-acdm,12,Married-civ-spouse,Exec-managerial,Wife,White,Female,0,0,16,United-States,>50K
28,Private,142712,HS-grad,9,Never-married,Handlers-cleaners,Own-child,White,Male,0,0,40,United-States,<=50K
50,Self-emp-inc,262777,Masters,14,Separated,Exec-managerial,Unmarried,Asian-Pac-Islander,Male,0,0,45,China,<=50K
51,Private,50459,Masters,14,Married-civ-spouse,Prof-specialty,Husband,White,Male,0,1740,40,United-States,<=50K
25,Private,173212,Bachelors,13,Never-married,Prof-specialty,Own-child,White,Male,0,0,40,United-States,<=50K
57,Private,226875,7th-8th,4,Married-civ-spouse,Sales,Husband,White,Male,0,0,50,United-States,<=50K
34,Private,279015,Some-college,10,Never-married,Sales,Not-in-family,White,Male,0,0,65,United-States,<=50K
27,Private,169815,Bachelors,13,Never-married,Sales,Own-child,White,Male,0,0,40,United-States,<=50K
38,Private,366618,HS-grad,9,Divorced,Craft-repair,Not-in-family,White,Male,0,0,40,United-States,<=50K
45,Private,123681,HS-grad,9,Married-civ-spouse,Sales,Husband,White,Male,0,0,40,United-States,>50K
52,Self-emp-inc,177727,10th,6,Married-civ-spouse,Sales,Husband,White,Male,4064,0,45,United-States,<=50K
49,Private,52184,HS-grad,9,Married-civ-spouse,Machine-op-inspct,Husband,White,Male,0,0,40,United-States,<=50K
22,Private,340217,Some-college,10,Never-married,Sales,Not-in-family,White,Female,0,0,20,United-States,<=50K
21,Private,238917,5th-6th,3,Married-civ-spouse,Other-service,Husband,White,Male,0,0,40,Mexico,<=50K
38,Self-emp-not-inc,108947,Some-college,10,Married-civ-spouse,Machine-op-inspct,Husband,White,Male,7688,0,40,United-States,>50K
45,Private,331482,Bachelors,13,Married-civ-spouse,Prof-specialty,Husband,White,Male,0,0,50,United-States,<=50K
39,Private,181553,Bachelors,13,Divorced,Exec-managerial,Not-in-family,White,Male,0,0,55,United-States,<=50K
39,Private,172718,Some-college,10,Divorced,Sales,Unmarried,White,Female,0,0,40,United-States,<=50K
17,Private,245918,11th,7,Never-married,Other-service,Own-child,White,Male,0,0,12,United-States,<=50K
43,Self-emp-not-inc,52498,Bachelors,13,Never-married,Prof-specialty,Unmarried,White,Female,0,0,50,United-States,<=50K
21,Private,518530,Some-college,10,Never-married,Adm-clerical,Own-child,White,Female,0,0,40,United-States,<=50K
35,Private,140915,Bachelors,13,Never-married,Sales,Own-child,Asian-Pac-Islander,Male,0,1590,40,South,<=50K
38,Local-gov,223004,Some-college,10,Divorced,Protective-serv,Not-in-family,White,Male,0,0,75,United-States,<=50K
29,Private,211299,Assoc-voc,11,Never-married,Sales,Not-in-family,Black,Male,0,0,45,United-States,<=50K
42,Private,191149,HS-grad,9,Married-civ-spouse,Sales,Wife,White,Female,0,0,40,United-States,>50K
43,Private,218309,Bachelors,13,Divorced,Sales,Not-in-family,White,Female,0,0,50,United-States,<=50K
38,Local-gov,273457,Some-college,10,Married-civ-spouse,Adm-clerical,Husband,White,Male,0,0,40,United-States,>50K
39,Private,341741,Preschool,1,Never-married,Other-service,Not-in-family,White,Female,0,0,12,United-States,<=50K
55,Self-emp-not-inc,73684,Bachelors,13,Married-civ-spouse,Sales,Husband,White,Male,15024,0,65,United-States,>50K
35,State-gov,216035,HS-grad,9,Married-civ-spouse,Protective-serv,Husband,White,Male,0,0,40,United-States,<=50K
43,Private,91959,Bachelors,13,Married-civ-spouse,Exec-managerial,Husband,White,Male,0,0,45,United-States,>50K
30,Private,124187,HS-grad,9,Never-married,Farming-fishing,Own-child,Black,Male,0,0,60,United-States,<=50K
33,Private,221966,Bachelors,13,Never-married,Prof-specialty,Not-in-family,White,Male,2202,0,50,United-States,<=50K
37,Private,42645,HS-grad,9,Married-civ-spouse,Farming-fishing,Husband,White,Male,0,0,40,United-States,<=50K
30,Private,209432,HS-grad,9,Married-civ-spouse,Adm-clerical,Wife,White,Female,0,0,40,United-States,<=50K
69,Private,164110,Bachelors,13,Married-civ-spouse,Sales,Husband,White,Male,10605,0,50,United-States,>50K
60,Private,114263,Bachelors,13,Divorced,Exec-managerial,Not-in-family,White,Female,0,0,40,Hungary,>50K
32,Private,604506,HS-grad,9,Married-civ-spouse,Transport-moving,Own-child,White,Male,0,0,72,Mexico,<=50K
36,Private,293528,Assoc-voc,11,Never-married,Tech-support,Not-in-family,White,Female,0,0,3,United-States,<=50K
48,Private,44142,Some-college,10,Married-civ-spouse,Adm-clerical,Husband,White,Male,0,0,45,United-States,<=50K
62,Self-emp-not-inc,82388,HS-grad,9,Married-civ-spouse,Craft-repair,Husband,White,Male,10566,0,40,United-States,<=50K
25,Private,106491,HS-grad,9,Married-civ-spouse,Craft-repair,Husband,White,Male,0,0,48,United-States,<=50K
19,Private,339123,Some-college,10,Never-married,Exec-managerial,Own-child,White,Male,0,0,40,United-States,<=50K
37,Private,156266,HS-grad,9,Married-civ-spouse,Craft-repair,Husband,Amer-Indian-Eskimo,Male,0,0,40,United-States,<=50K
34,Private,209691,Assoc-voc,11,Married-civ-spouse,Prof-specialty,Husband,White,Male,4386,0,50,United-States,>50K
43,Private,245525,Bachelors,13,Married-civ-spouse,Handlers-cleaners,Husband,White,Male,0,0,38,United-States,<=50K
41,Private,119266,HS-grad,9,Married-civ-spouse,Other-service,Husband,White,Male,0,0,40,United-States,<=50K
55,Private,92215,HS-grad,9,Divorced,Adm-clerical,Not-in-family,White,Female,0,0,40,United-States,<=50K
20,Private,94401,HS-grad,9,Never-married,Exec-managerial,Unmarried,White,Female,0,0,40,United-States,<=50K
46,Private,269890,HS-grad,9,Divorced,Craft-repair,Not-in-family,Black,Male,0,0,40,United-States,<=50K
50,Private,128814,HS-grad,9,Divorced,Other-service,Unmarried,White,Female,0,0,25,United-States,<=50K
47,Private,363418,Bachelors,13,Married-civ-spouse,Exec-managerial,Husband,White,Male,0,0,45,England,>50K
19,Private,99246,11th,7,Never-married,Machine-op-inspct,Not-in-family,White,Female,0,0,25,United-States,<=50K
46,Private,31432,HS-grad,9,Married-civ-spouse,Adm-clerical,Wife,White,Female,3103,0,52,United-States,>50K
30,Self-emp-not-inc,115932,HS-grad,9,Never-married,Craft-repair,Not-in-family,White,Male,99999,0,50,United-States,>50K
52,Private,256861,Bachelors,13,Married-civ-spouse,Exec-managerial,Husband,White,Male,0,0,50,United-States,<=50K
41,Private,413365,HS-grad,9,Married-civ-spouse,Transport-moving,Husband,Black,Male,0,0,40,United-States,<=50K
18,Private,120243,11th,7,Never-married,Handlers-cleaners,Own-child,White,Male,0,0,17,United-States,<=50K
31,Private,33117,HS-grad,9,Divorced,Exec-managerial,Not-in-family,White,Male,0,0,50,United-States,<=50K
33,Private,310655,Masters,14,Married-civ-spouse,Prof-specialty,Husband,White,Male,0,0,45,United-States,<=50K
23,Private,228724,Some-college,10,Never-married,Prof-specialty,Not-in-family,White,Male,0,0,20,United-States,<=50K
30,State-gov,144064,HS-grad,9,Married-civ-spouse,Protective-serv,Husband,White,Male,0,0,40,United-States,>50K
30,Private,241844,HS-grad,9,Separated,Handlers-cleaners,Own-child,Black,Male,0,0,40,United-States,<=50K
28,Self-emp-inc,31717,HS-grad,9,Married-civ-spouse,Exec-managerial,Husband,White,Male,0,0,45,United-States,>50K
78,Private,180239,Masters,14,Widowed,Craft-repair,Unmarried,Asian-Pac-Islander,Male,0,0,40,South,<=50K
43,Local-gov,343068,Masters,14,Divorced,Prof-specialty,Not-in-family,White,Female,0,0,65,United-States,<=50K
52,Private,146567,HS-grad,9,Divorced,Machine-op-inspct,Not-in-family,Black,Male,14344,0,40,United-States,>50K
54,Private,343242,Bachelors,13,Married-civ-spouse,Sales,Husband,White,Male,0,0,40,United-States,>50K
46,Private,175925,Some-college,10,Married-civ-spouse,Farming-fishing,Husband,White,Male,0,0,40,United-States,<=50K
19,Self-emp-not-inc,36012,HS-grad,9,Never-married,Craft-repair,Own-child,White,Male,0,0,40,United-States,<=50K
35,Self-emp-inc,189404,Some-college,10,Married-civ-spouse,Sales,Husband,White,Male,0,1740,40,United-States,<=50K
31,Private,101562,Bachelors,13,Never-married,Sales,Not-in-family,White,Female,0,0,50,United-States,>50K
32,Self-emp-inc,195447,Bachelors,13,Married-civ-spouse,Sales,Husband,White,Male,0,0,45,United-States,<=50K
18,Private,216284,11th,7,Never-married,Adm-clerical,Own-child,White,Female,0,0,20,United-States,<=50K
37,Private,123833,Some-college,10,Never-married,Sales,Not-in-family,White,Male,0,0,60,United-States,<=50K
22,Private,252355,HS-grad,9,Never-married,Other-service,Not-in-family,White,Male,0,0,27,United-States,<=50K
40,Self-emp-not-inc,192878,HS-grad,9,Married-civ-spouse,Other-service,Husband,White,Male,0,0,40,United-States,<=50K
25,Private,44363,HS-grad,9,Never-married,Handlers-cleaners,Not-in-family,White,Male,0,0,35,United-States,<=50K
28,Private,210945,Assoc-acdm,12,Married-civ-spouse,Adm-clerical,Wife,Black,Female,0,0,35,Haiti,<=50K
36,Private,132879,HS-grad,9,Divorced,Exec-managerial,Unmarried,White,Male,0,0,45,United-States,<=50K
65,Private,195568,Some-college,10,Widowed,Machine-op-inspct,Not-in-family,White,Female,0,0,20,United-States,<=50K
20,Private,332194,HS-grad,9,Never-married,Handlers-cleaners,Own-child,Black,Male,0,0,20,United-States,<=50K
30,Private,205916,HS-grad,9,Never-married,Machine-op-inspct,Other-relative,Black,Male,0,0,40,United-States,<=50K
61,Private,189932,HS-grad,9,Married-civ-spouse,Other-service,Husband,White,Male,0,0,30,United-States,<=50K
40,Private,109969,11th,7,Divorced,Other-service,Other-relative,White,Female,0,0,20,United-States,<=50K
46,Private,219611,Some-college,10,Married-civ-spouse,Adm-clerical,Husband,White,Male,0,0,40,United-States,<=50K
21,Private,109952,HS-grad,9,Married-civ-spouse,Craft-repair,Husband,White,Male,0,0,40,United-States,<=50K
51,Local-gov,202044,Bachelors,13,Never-married,Prof-specialty,Not-in-family,White,Female,0,0,55,United-States,<=50K
29,Local-gov,302422,Assoc-voc,11,Never-married,Protective-serv,Not-in-family,White,Male,0,1564,56,United-States,>50K
30,Self-emp-not-inc,180859,Some-college,10,Never-married,Craft-repair,Own-child,White,Male,0,0,8,United-States,<=50K
24,Private,306779,Assoc-voc,11,Never-married,Exec-managerial,Own-child,White,Male,0,0,35,United-States,<=50K
37,Private,224886,HS-grad,9,Married-civ-spouse,Transport-moving,Husband,White,Male,0,0,42,United-States,<=50K
44,Self-emp-not-inc,120539,Bachelors,13,Never-married,Sales,Not-in-family,White,Male,0,0,50,United-States,>50K
33,Private,50276,Bachelors,13,Never-married,Exec-managerial,Not-in-family,White,Male,0,0,40,United-States,<=50K
23,Private,306601,Bachelors,13,Never-married,Craft-repair,Not-in-family,Amer-Indian-Eskimo,Male,0,0,40,Mexico,<=50K
22,State-gov,125010,Bachelors,13,Never-married,Prof-specialty,Own-child,White,Female,0,0,20,United-States,<=50K
33,Private,175856,11th,7,Married-civ-spouse,Sales,Husband,White,Male,0,0,60,United-States,<=50K
27,Private,107236,HS-grad,9,Married-civ-spouse,Other-service,Husband,White,Male,0,0,40,United-States,<=50K
36,Private,370767,HS-grad,9,Married-civ-spouse,Prof-specialty,Husband,White,Male,0,2377,60,United-States,<=50K
22,Private,326334,Some-college,10,Never-married,Craft-repair,Own-child,White,Male,0,0,35,United-States,<=50K
54,Private,279337,7th-8th,4,Married-civ-spouse,Craft-repair,Husband,White,Male,0,0,40,United-States,<=50K
42,Private,179524,Bachelors,13,Separated,Other-service,Not-in-family,White,Female,0,0,50,United-States,<=50K
33,Self-emp-inc,182714,Bachelors,13,Never-married,Prof-specialty,Not-in-family,White,Female,0,0,40,United-States,<=50K
40,Federal-gov,107584,Bachelors,13,Married-civ-spouse,Craft-repair,Husband,White,Male,0,0,40,United-States,>50K
35,Private,335704,Assoc-acdm,12,Married-civ-spouse,Sales,Husband,White,Male,0,0,60,United-States,<=50K
50,Federal-gov,306707,HS-grad,9,Never-married,Adm-clerical,Unmarried,Black,Female,0,0,12,United-States,<=50K
49,Private,163229,HS-grad,9,Divorced,Craft-repair,Not-in-family,White,Male,0,0,50,United-States,<=50K
38,Federal-gov,32899,HS-grad,9,Married-civ-spouse,Adm-clerical,Husband,White,Male,0,0,40,United-States,<=50K
24,Private,161092,Some-college,10,Married-civ-spouse,Adm-clerical,Husband,White,Male,7298,0,40,United-States,>50K
37,Private,280500,Some-college,10,Never-married,Tech-support,Own-child,Black,Female,0,0,40,United-States,<=50K
40,Self-emp-not-inc,167081,Masters,14,Married-civ-spouse,Sales,Husband,White,Male,3103,0,50,United-States,<=50K
29,Private,133937,Doctorate,16,Never-married,Prof-specialty,Own-child,White,Male,0,0,40,United-States,<=50K
64,Private,240357,HS-grad,9,Widowed,Adm-clerical,Not-in-family,White,Female,0,0,40,United-States,>50K
41,Private,309990,Bachelors,13,Divorced,Adm-clerical,Unmarried,White,Female,0,0,33,United-States,<=50K
19,Local-gov,220558,11th,7,Never-married,Handlers-cleaners,Other-relative,White,Male,0,0,35,United-States,<=50K
49,Private,117095,HS-grad,9,Separated,Machine-op-inspct,Unmarried,White,Female,0,0,40,United-States,<=50K
23,Private,115085,HS-grad,9,Never-married,Transport-moving,Not-in-family,White,Male,0,0,45,United-States,<=50K
29,Private,240738,HS-grad,9,Married-civ-spouse,Prof-specialty,Husband,White,Male,0,0,40,United-States,>50K
37,Private,183345,Assoc-voc,11,Never-married,Craft-repair,Not-in-family,White,Male,0,0,45,United-States,<=50K
58,Private,51662,10th,6,Married-civ-spouse,Other-service,Wife,White,Female,0,0,8,United-States,<=50K
22,Local-gov,164775,5th-6th,3,Never-married,Handlers-cleaners,Other-relative,White,Male,0,0,40,Guatemala,>50K
19,Private,283033,11th,7,Never-married,Other-service,Not-in-family,White,Male,0,0,40,United-States,<=50K
20,Private,60639,Some-college,10,Never-married,Sales,Own-child,White,Female,0,0,28,United-States,<=50K
51,Federal-gov,217647,Some-college,10,Divorced,Prof-specialty,Not-in-family,Black,Female,0,0,40,United-States,<=50K
26,Private,365289,HS-grad,9,Divorced,Machine-op-inspct,Not-in-family,White,Male,0,0,40,United-States,<=50K
22,Private,113936,HS-grad,9,Never-married,Handlers-cleaners,Own-child,White,Male,0,0,40,United-States,<=50K
59,Self-emp-inc,76860,5th-6th,3,Married-civ-spouse,Exec-managerial,Husband,Asian-Pac-Islander,Male,99999,0,40,China,>50K
50,Self-emp-not-inc,57758,Assoc-voc,11,Married-civ-spouse,Sales,Husband,White,Male,0,0,60,United-States,>50K
37,Self-emp-inc,217054,Bachelors,13,Married-civ-spouse,Prof-specialty,Husband,White,Male,0,0,35,United-States,>50K
41,Private,342164,Some-college,10,Divorced,Sales,Not-in-family,White,Female,0,0,15,United-States,<=50K
54,Local-gov,375134,Assoc-voc,11,Divorced,Craft-repair,Not-in-family,White,Male,0,0,40,United-States,<=50K
17,Private,126832,10th,6,Never-married,Other-service,Own-child,White,Male,0,0,30,United-States,<=50K
40,Private,193459,Assoc-acdm,12,Separated,Machine-op-inspct,Not-in-family,White,Male,0,0,40,Outlying-US(Guam-USVI-etc),<=50K
76,Self-emp-not-inc,174309,Masters,14,Married-civ-spouse,Craft-repair,Husband,White,Male,0,0,10,United-States,<=50K
29,Private,114870,Some-college,10,Divorced,Craft-repair,Own-child,White,Male,0,0,40,United-States,<=50K
62,Self-emp-not-inc,197353,HS-grad,9,Married-civ-spouse,Craft-repair,Husband,White,Male,0,1740,40,United-States,<=50K
25,Private,122075,Bachelors,13,Never-married,Exec-managerial,Not-in-family,White,Male,0,0,50,United-States,<=50K
30,Private,161690,Assoc-voc,11,Never-married,Prof-specialty,Not-in-family,White,Female,0,0,40,United-States,<=50K
58,Self-emp-not-inc,266707,1st-4th,2,Married-civ-spouse,Transport-moving,Husband,White,Male,0,2179,18,United-States,<=50K
29,Private,249463,HS-grad,9,Married-civ-spouse,Craft-repair,Husband,White,Male,0,0,50,United-States,<=50K
66,Self-emp-not-inc,58326,11th,7,Divorced,Other-service,Not-in-family,White,Female,0,0,40,United-States,>50K
53,Local-gov,86600,HS-grad,9,Married-civ-spouse,Other-service,Husband,Black,Male,0,0,40,United-States,<=50K
33,Private,111363,Bachelors,13,Married-civ-spouse,Exec-managerial,Husband,White,Male,0,0,40,United-States,>50K
37,Private,89718,Some-college,10,Married-civ-spouse,Transport-moving,Husband,White,Male,0,0,45,United-States,<=50K
18,Private,243313,HS-grad,9,Never-married,Sales,Own-child,White,Female,0,0,40,United-States,<=50K
47,Self-emp-inc,144579,Bachelors,13,Married-civ-spouse,Exec-managerial,Husband,White,Male,0,0,90,United-States,<=50K
22,Private,243923,HS-grad,9,Married-civ-spouse,Transport-moving,Other-relative,White,Male,0,0,80,United-States,<=50K
21,Private,200121,HS-grad,9,Never-married,Handlers-cleaners,Own-child,White,Male,0,0,40,United-States,<=50K
17,Private,228399,11th,7,Never-married,Other-service,Own-child,White,Female,0,0,7,United-States,<=50K
51,Private,270194,9th,5,Married-civ-spouse,Transport-moving,Husband,White,Male,0,0,40,United-States,<=50K
33,Private,232475,HS-grad,9,Married-civ-spouse,Craft-repair,Husband,White,Male,0,0,40,United-States,>50K
38,Private,34378,7th-8th,4,Married-civ-spouse,Craft-repair,Husband,White,Male,0,0,40,United-States,<=50K
40,Private,130834,Some-college,10,Never-married,Adm-clerical,Not-in-family,White,Female,0,0,40,United-States,<=50K
29,Private,190562,HS-grad,9,Divorced,Machine-op-inspct,Unmarried,White,Male,0,0,56,United-States,<=50K
59,Private,169560,10th,6,Married-civ-spouse,Prof-specialty,Husband,White,Male,0,0,40,United-States,<=50K
58,Federal-gov,208640,Bachelors,13,Married-civ-spouse,Exec-managerial,Husband,White,Male,0,0,40,United-States,>50K
23,Private,197756,Some-college,10,Married-civ-spouse,Sales,Wife,White,Female,0,0,35,United-States,<=50K
42,Private,234508,Bachelors,13,Married-civ-spouse,Prof-specialty,Husband,White,Male,0,0,40,United-States,>50K
41,Self-emp-inc,112262,HS-grad,9,Married-civ-spouse,Craft-repair,Husband,White,Male,0,0,50,United-States,<=50K
30,Local-gov,211654,Masters,14,Married-civ-spouse,Prof-specialty,Husband,White,Male,0,0,40,United-States,>50K
23,Private,256755,Bachelors,13,Never-married,Handlers-cleaners,Other-relative,White,Female,0,0,40,Cuba,<=50K
47,Private,97842,Some-college,10,Married-civ-spouse,Craft-repair,Husband,White,Male,0,0,40,United-States,<=50K
30,Private,234753,Assoc-voc,11,Married-civ-spouse,Exec-managerial,Wife,White,Female,0,0,34,United-States,>50K
53,Private,139127,HS-grad,9,Divorced,Other-service,Not-in-family,White,Female,0,0,40,United-States,<=50K
46,Private,202560,HS-grad,9,Married-civ-spouse,Exec-managerial,Wife,White,Female,0,0,40,United-States,>50K
22,Private,335067,Bachelors,13,Never-married,Exec-managerial,Not-in-family,White,Male,0,0,20,United-States,<=50K
42,Private,141558,Masters,14,Married-civ-spouse,Prof-specialty,Husband,White,Male,0,0,60,United-States,<=50K
39,Private,25803,Some-college,10,Married-civ-spouse,Sales,Husband,White,Male,0,0,55,United-States,<=50K
44,Private,107584,Masters,14,Married-civ-spouse,Adm-clerical,Husband,White,Male,3908,0,50,United-States,<=50K
33,Private,121966,HS-grad,9,Never-married,Tech-support,Not-in-family,White,Female,0,0,50,United-States,<=50K
41,Private,303521,Bachelors,13,Divorced,Prof-specialty,Not-in-family,White,Male,4650,0,45,United-States,<=50K
29,Private,255949,Bachelors,13,Never-married,Sales,Unmarried,Black,Male,0,0,40,United-States,<=50K
44,Private,172475,HS-grad,9,Divorced,Adm-clerical,Not-in-family,Asian-Pac-Islander,Female,0,0,40,Vietnam,<=50K
42,Private,173888,HS-grad,9,Married-spouse-absent,Adm-clerical,Not-in-family,White,Male,0,0,52,United-States,<=50K
61,Local-gov,115023,HS-grad,9,Married-civ-spouse,Other-service,Husband,White,Male,0,0,40,United-States,<=50K
52,Federal-gov,277772,Some-college,10,Divorced,Adm-clerical,Unmarried,Black,Female,0,0,40,United-States,<=50K
18,Private,180725,11th,7,Never-married,Other-service,Own-child,White,Male,0,0,16,United-States,<=50K
53,State-gov,121294,7th-8th,4,Married-spouse-absent,Other-service,Unmarried,White,Female,0,0,45,Poland,<=50K
29,Private,241667,Masters,14,Never-married,Prof-specialty,Not-in-family,White,Female,0,0,45,United-States,<=50K
24,Private,200089,HS-grad,9,Married-civ-spouse,Craft-repair,Husband,White,Male,0,0,60,Mexico,>50K
36,Self-emp-not-inc,172425,Bachelors,13,Married-civ-spouse,Exec-managerial,Wife,White,Female,0,0,25,United-States,>50K
54,Private,96710,HS-grad,9,Married-civ-spouse,Priv-house-serv,Other-relative,Black,Female,0,0,20,United-States,<=50K
24,Private,176486,Bachelors,13,Never-married,Other-service,Not-in-family,White,Female,0,0,40,United-States,<=50K
28,Private,370675,Bachelors,13,Never-married,Prof-specialty,Not-in-family,White,Female,0,1408,50,Hong,<=50K
34,Private,185216,Some-college,10,Never-married,Adm-clerical,Own-child,White,Male,0,0,40,United-States,<=50K
26,Private,199600,HS-grad,9,Never-married,Sales,Not-in-family,Black,Male,0,0,40,United-States,<=50K
40,Local-gov,104235,Bachelors,13,Married-civ-spouse,Prof-specialty,Husband,White,Male,0,2051,30,United-States,<=50K
26,Private,173927,Assoc-voc,11,Never-married,Prof-specialty,Own-child,Other,Female,0,0,60,Jamaica,<=50K
65,Private,170939,Bachelors,13,Divorced,Prof-specialty,Not-in-family,White,Male,6723,0,40,United-States,<=50K
49,Private,196571,Bachelors,13,Married-civ-spouse,Sales,Husband,White,Male,0,0,45,United-States,>50K
39,Local-gov,239119,Masters,14,Divorced,Prof-specialty,Not-in-family,Black,Male,0,0,40,Dominican-Republic,<=50K
38,Self-emp-not-inc,179824,HS-grad,9,Never-married,Farming-fishing,Not-in-family,White,Male,0,0,50,United-States,<=50K
20,Private,231286,Some-college,10,Never-married,Handlers-cleaners,Not-in-family,Black,Male,0,0,15,United-States,<=50K
25,Private,225865,HS-grad,9,Never-married,Other-service,Unmarried,White,Female,0,0,50,United-States,<=50K
37,Private,210945,HS-grad,9,Married-civ-spouse,Handlers-cleaners,Husband,White,Male,0,0,24,United-States,<=50K
46,Private,148254,HS-grad,9,Divorced,Exec-managerial,Not-in-family,White,Female,0,0,60,United-States,<=50K
36,Private,382859,Assoc-acdm,12,Married-civ-spouse,Exec-managerial,Husband,White,Male,0,0,43,United-States,>50K
46,Private,199316,Some-college,10,Married-civ-spouse,Craft-repair,Other-relative,Asian-Pac-Islander,Male,0,0,40,India,<=50K
64,State-gov,33342,Some-college,10,Divorced,Adm-clerical,Not-in-family,White,Female,0,0,40,United-States,<=50K
27,Private,170148,Bachelors,13,Never-married,Tech-support,Own-child,White,Female,0,0,28,United-States,<=50K
31,Private,222130,Some-college,10,Never-married,Adm-clerical,Not-in-family,White,Female,0,0,43,United-States,<=50K
28,Private,137296,Assoc-acdm,12,Never-married,Other-service,Not-in-family,Black,Female,0,0,40,United-States,<=50K
29,Private,196494,Some-college,10,Divorced,Handlers-cleaners,Unmarried,White,Female,0,0,36,United-States,<=50K
35,Private,312232,HS-grad,9,Separated,Craft-repair,Not-in-family,White,Male,0,0,50,United-States,<=50K
45,Private,179659,Bachelors,13,Married-civ-spouse,Craft-repair,Husband,White,Male,3103,0,40,United-States,>50K
49,Private,67365,HS-grad,9,Married-civ-spouse,Craft-repair,Husband,White,Male,0,0,40,United-States,>50K
19,Private,188008,Some-college,10,Never-married,Sales,Own-child,Black,Female,0,0,20,United-States,<=50K
32,Private,119176,HS-grad,9,Married-civ-spouse,Adm-clerical,Wife,White,Female,0,0,44,United-States,<=50K
46,Private,128796,Bachelors,13,Married-civ-spouse,Exec-managerial,Husband,White,Male,0,0,44,United-States,>50K
38,Private,91857,Some-college,10,Married-civ-spouse,Craft-repair,Husband,White,Male,0,0,41,United-States,<=50K
34,Private,57426,Bachelors,13,Never-married,Sales,Not-in-family,White,Male,0,0,45,United-States,<=50K
41,Private,116103,HS-grad,9,Widowed,Exec-managerial,Other-relative,White,Male,914,0,40,United-States,<=50K
43,Private,152159,Bachelors,13,Married-civ-spouse,Machine-op-inspct,Husband,Black,Male,0,0,40,United-States,<=50K
20,Private,210781,Some-college,10,Never-married,Adm-clerical,Own-child,White,Female,0,0,35,United-States,<=50K
36,Private,180278,Bachelors,13,Never-married,Prof-specialty,Not-in-family,Black,Male,0,0,40,United-States,<=50K
32,Private,72744,HS-grad,9,Never-married,Craft-repair,Own-child,White,Male,0,0,40,United-States,<=50K
32,Private,178835,Assoc-acdm,12,Never-married,Adm-clerical,Not-in-family,White,Male,2174,0,40,United-States,<=50K
23,Private,124971,Some-college,10,Divorced,Adm-clerical,Not-in-family,White,Male,0,0,40,United-States,<=50K
54,Self-emp-not-inc,164757,Assoc-voc,11,Married-civ-spouse,Craft-repair,Husband,White,Male,0,0,16,United-States,<=50K
31,Private,183043,Masters,14,Married-civ-spouse,Exec-managerial,Husband,White,Male,0,1977,48,United-States,>50K
60,Private,74422,5th-6th,3,Married-civ-spouse,Farming-fishing,Husband,White,Male,0,0,44,Mexico,<=50K
21,Private,304302,HS-grad,9,Never-married,Handlers-cleaners,Own-child,Amer-Indian-Eskimo,Male,0,0,40,United-States,<=50K
42,Self-emp-inc,377018,11th,7,Married-civ-spouse,Exec-managerial,Husband,White,Male,0,0,40,United-States,<=50K
42,Self-emp-inc,96509,Some-college,10,Married-civ-spouse,Exec-managerial,Husband,Asian-Pac-Islander,Male,0,0,60,Taiwan,<=50K
32,Private,281437,Some-college,10,Married-civ-spouse,Transport-moving,Husband,White,Male,0,0,55,United-States,<=50K
53,Private,126592,Some-college,10,Married-civ-spouse,Craft-repair,Husband,Black,Male,7688,0,40,United-States,>50K
40,Private,220609,Some-college,10,Divorced,Exec-managerial,Not-in-family,White,Female,0,0,40,United-States,<=50K
22,Private,237386,Assoc-voc,11,Never-married,Prof-specialty,Not-in-family,White,Male,0,0,50,United-States,<=50K
25,Private,199545,Some-college,10,Married-civ-spouse,Exec-managerial,Wife,White,Female,0,0,15,United-States,<=50K
38,Private,173858,Bachelors,13,Married-civ-spouse,Exec-managerial,Husband,Asian-Pac-Islander,Male,7688,0,35,China,>50K
41,Self-emp-inc,289636,Assoc-voc,11,Never-married,Exec-managerial,Not-in-family,White,Male,0,0,48,United-States,<=50K
44,Self-emp-not-inc,70884,HS-grad,9,Married-civ-spouse,Farming-fishing,Husband,White,Male,0,0,60,United-States,<=50K
41,Private,57233,Bachelors,13,Never-married,Handlers-cleaners,Not-in-family,White,Male,0,0,40,United-States,<=50K
40,Local-gov,208751,Bachelors,13,Divorced,Prof-specialty,Unmarried,White,Female,0,0,40,United-States,<=50K
44,Private,210525,Bachelors,13,Married-civ-spouse,Craft-repair,Husband,White,Male,0,0,40,United-States,<=50K
36,Private,129150,Some-college,10,Married-civ-spouse,Prof-specialty,Husband,White,Male,0,0,20,United-States,>50K
46,Private,187226,9th,5,Divorced,Other-service,Not-in-family,White,Male,0,0,25,United-States,<=50K
26,Private,330695,Some-college,10,Married-civ-spouse,Machine-op-inspct,Husband,White,Male,0,0,40,United-States,<=50K
55,Private,192869,Some-college,10,Married-civ-spouse,Exec-managerial,Husband,White,Male,0,0,36,United-States,<=50K
25,Private,153841,Some-college,10,Never-married,Adm-clerical,Own-child,White,Female,0,0,40,United-States,<=50K
50,Private,234037,HS-grad,9,Married-civ-spouse,Machine-op-inspct,Husband,White,Male,0,0,58,United-States,<=50K
21,Private,205838,HS-grad,9,Never-married,Other-service,Own-child,White,Male,0,0,37,United-States,<=50K
44,Local-gov,197919,Some-college,10,Divorced,Other-service,Unmarried,White,Female,0,0,40,United-States,<=50K
32,Private,235862,Some-college,10,Divorced,Exec-managerial,Not-in-family,White,Female,0,0,45,United-States,<=50K
50,Private,108435,Masters,14,Married-civ-spouse,Exec-managerial,Husband,White,Male,99999,0,60,United-States,>50K
49,Private,177211,Bachelors,13,Married-civ-spouse,Exec-managerial,Husband,White,Male,0,0,50,United-States,>50K
40,Private,198096,HS-grad,9,Married-civ-spouse,Machine-op-inspct,Husband,White,Male,0,0,40,United-States,>50K
19,Private,124464,Some-college,10,Never-married,Machine-op-inspct,Own-child,White,Male,0,0,40,United-States,<=50K
47,State-gov,187581,Assoc-voc,11,Married-civ-spouse,Tech-support,Husband,White,Male,0,0,48,United-States,>50K
39,Private,286730,HS-grad,9,Divorced,Machine-op-inspct,Unmarried,White,Female,0,0,40,United-States,<=50K
44,Self-emp-inc,171615,Prof-school,15,Married-civ-spouse,Prof-specialty,Husband,White,Male,0,0,55,United-States,>50K
29,Private,275110,Some-college,10,Separated,Handlers-cleaners,Not-in-family,Black,Male,0,0,42,United-States,<=50K
29,State-gov,214881,Bachelors,13,Married-civ-spouse,Prof-specialty,Husband,White,Male,0,0,40,Honduras,>50K
36,Private,187847,HS-grad,9,Married-civ-spouse,Craft-repair,Husband,White,Male,0,0,40,United-States,>50K
35,Private,152909,Bachelors,13,Married-civ-spouse,Exec-managerial,Husband,White,Male,0,1887,45,United-States,>50K
67,Self-emp-not-inc,286372,Bachelors,13,Married-civ-spouse,Transport-moving,Husband,White,Male,0,0,40,United-States,<=50K
52,State-gov,108836,Bachelors,13,Married-civ-spouse,Protective-serv,Husband,White,Male,0,0,48,United-States,>50K
18,Private,318190,11th,7,Never-married,Other-service,Own-child,White,Male,0,0,15,United-States,<=50K
55,Federal-gov,146477,Some-college,10,Married-civ-spouse,Craft-repair,Husband,White,Male,0,0,45,United-States,<=50K
33,Private,205152,Assoc-voc,11,Never-married,Exec-managerial,Not-in-family,White,Male,0,0,55,United-States,>50K
35,Private,538583,11th,7,Separated,Transport-moving,Not-in-family,Black,Male,0,0,40,United-States,<=50K
43,Self-emp-inc,84924,Some-college,10,Married-civ-spouse,Sales,Husband,White,Male,0,0,44,United-States,>50K
21,Private,198992,HS-grad,9,Never-married,Sales,Not-in-family,White,Female,0,0,33,United-States,<=50K
19,Private,322866,HS-grad,9,Never-married,Other-service,Own-child,Black,Female,0,0,40,United-States,<=50K
22,Self-emp-not-inc,108506,Assoc-voc,11,Never-married,Farming-fishing,Not-in-family,Amer-Indian-Eskimo,Male,0,0,75,United-States,<=50K
47,Private,205730,HS-grad,9,Married-civ-spouse,Craft-repair,Husband,White,Male,0,0,56,United-States,>50K
38,Private,101192,Some-college,10,Never-married,Other-service,Not-in-family,White,Male,0,0,40,United-States,<=50K
22,Private,221480,HS-grad,9,Never-married,Adm-clerical,Own-child,White,Female,0,0,40,United-States,<=50K
40,Private,287079,HS-grad,9,Never-married,Farming-fishing,Not-in-family,White,Male,0,0,55,United-States,<=50K
41,Local-gov,125268,Bachelors,13,Never-married,Prof-specialty,Unmarried,Black,Female,0,0,40,United-States,<=50K
22,Private,124971,Bachelors,13,Never-married,Exec-managerial,Not-in-family,White,Male,0,0,30,United-States,<=50K
39,Private,210626,HS-grad,9,Divorced,Machine-op-inspct,Unmarried,White,Female,0,0,40,United-States,<=50K
55,Private,173093,Some-college,10,Divorced,Adm-clerical,Not-in-family,Asian-Pac-Islander,Female,0,0,40,United-States,<=50K
48,Private,191389,HS-grad,9,Divorced,Other-service,Not-in-family,White,Female,0,0,38,United-States,<=50K
29,State-gov,198493,Assoc-voc,11,Married-civ-spouse,Protective-serv,Husband,White,Male,0,0,40,United-States,>50K
57,Private,151474,HS-grad,9,Divorced,Handlers-cleaners,Other-relative,White,Female,0,0,40,United-States,<=50K
58,Private,216851,9th,5,Never-married,Handlers-cleaners,Own-child,White,Male,0,0,40,El-Salvador,<=50K
41,State-gov,365986,HS-grad,9,Divorced,Protective-serv,Not-in-family,White,Male,0,0,40,United-States,>50K
26,Private,136309,Assoc-acdm,12,Never-married,Tech-support,Not-in-family,White,Male,0,0,50,United-States,<=50K
36,Private,176050,Some-college,10,Married-civ-spouse,Machine-op-inspct,Husband,White,Male,0,0,40,United-States,<=50K
33,Private,280923,7th-8th,4,Married-civ-spouse,Handlers-cleaners,Husband,White,Male,0,0,40,Mexico,<=50K
34,Private,217460,Bachelors,13,Married-civ-spouse,Exec-managerial,Husband,White,Male,0,0,45,United-States,>50K
26,Private,599057,HS-grad,9,Never-married,Exec-managerial,Not-in-family,Black,Female,0,0,37,United-States,<=50K
38,Self-emp-not-inc,180220,HS-grad,9,Married-civ-spouse,Craft-repair,Husband,White,Male,0,0,60,United-States,<=50K
27,Private,72887,HS-grad,9,Never-married,Handlers-cleaners,Other-relative,Asian-Pac-Islander,Male,0,0,40,United-States,<=50K
77,Local-gov,144608,HS-grad,9,Married-civ-spouse,Exec-managerial,Husband,White,Male,0,0,6,United-States,<=50K
68,Private,211162,HS-grad,9,Married-civ-spouse,Exec-managerial,Husband,White,Male,0,0,40,United-States,<=50K
43,Local-gov,126847,Masters,14,Married-spouse-absent,Prof-specialty,Unmarried,White,Female,7430,0,60,United-States,>50K
21,Private,119156,HS-grad,9,Never-married,Craft-repair,Own-child,White,Male,0,0,40,United-States,<=50K
39,Local-gov,203482,Masters,14,Married-civ-spouse,Prof-specialty,Husband,White,Male,7298,0,40,United-States,>50K
44,Private,165815,9th,5,Never-married,Machine-op-inspct,Not-in-family,White,Male,0,0,40,United-States,<=50K
23,Private,162228,Bachelors,13,Never-married,Sales,Not-in-family,White,Male,0,0,48,United-States,<=50K
31,State-gov,203488,Some-college,10,Never-married,Handlers-cleaners,Not-in-family,White,Male,0,0,40,United-States,<=50K
55,Private,349910,HS-grad,9,Married-civ-spouse,Farming-fishing,Husband,White,Male,0,0,45,United-States,>50K
21,Private,308237,5th-6th,3,Married-civ-spouse,Handlers-cleaners,Husband,White,Male,0,0,40,Mexico,<=50K
31,Private,140206,HS-grad,9,Married-civ-spouse,Machine-op-inspct,Husband,White,Male,0,0,40,United-States,>50K
36,Private,189382,HS-grad,9,Married-civ-spouse,Adm-clerical,Wife,White,Female,0,0,40,United-States,>50K
28,Private,51461,Masters,14,Married-civ-spouse,Prof-specialty,Husband,White,Male,0,0,60,United-States,<=50K
31,Private,184889,HS-grad,9,Never-married,Other-service,Own-child,Black,Female,0,0,20,United-States,<=50K
40,Private,339814,Some-college,10,Married-civ-spouse,Exec-managerial,Husband,White,Male,0,0,40,United-States,>50K
53,Private,165745,HS-grad,9,Married-civ-spouse,Craft-repair,Husband,White,Male,0,0,40,United-States,<=50K
33,Local-gov,133876,HS-grad,9,Divorced,Craft-repair,Unmarried,White,Male,0,0,40,United-States,<=50K
43,Private,435266,Doctorate,16,Separated,Exec-managerial,Not-in-family,White,Female,14084,0,60,United-States,>50K
63,Private,383058,Bachelors,13,Married-civ-spouse,Sales,Husband,White,Male,0,1848,40,United-States,>50K
20,Private,117222,Some-college,10,Never-married,Tech-support,Own-child,White,Male,0,0,15,United-States,<=50K
63,Private,180911,11th,7,Married-civ-spouse,Protective-serv,Husband,White,Male,4386,0,37,United-States,>50K
45,Private,194772,Some-college,10,Married-civ-spouse,Transport-moving,Husband,White,Male,0,0,55,United-States,<=50K
39,Private,238415,Bachelors,13,Married-civ-spouse,Exec-managerial,Husband,White,Male,0,0,50,United-States,>50K
53,State-gov,195922,Masters,14,Divorced,Prof-specialty,Not-in-family,White,Female,0,0,40,United-States,<=50K
30,Local-gov,319280,HS-grad,9,Married-civ-spouse,Protective-serv,Husband,White,Male,0,0,40,United-States,>50K
55,Private,194371,HS-grad,9,Married-civ-spouse,Sales,Wife,White,Female,0,0,40,Canada,>50K
23,Federal-gov,350680,Assoc-acdm,12,Never-married,Exec-managerial,Own-child,White,Female,0,0,40,Poland,<=50K
31,Self-emp-not-inc,55912,9th,5,Never-married,Craft-repair,Unmarried,White,Male,0,0,47,United-States,<=50K
22,Private,205940,Bachelors,13,Never-married,Adm-clerical,Own-child,White,Female,1055,0,30,United-States,<=50K
26,Private,167350,HS-grad,9,Never-married,Craft-repair,Own-child,White,Male,0,0,35,United-States,<=50K
44,Private,67779,HS-grad,9,Never-married,Adm-clerical,Own-child,White,Female,0,0,40,United-States,<=50K
42,Private,27444,Some-college,10,Married-spouse-absent,Prof-specialty,Not-in-family,White,Male,0,0,40,United-States,>50K
53,Private,194791,HS-grad,9,Married-civ-spouse,Farming-fishing,Husband,White,Male,0,0,45,United-States,<=50K
23,Private,204641,10th,6,Never-married,Handlers-cleaners,Unmarried,White,Male,0,0,50,United-States,<=50K
39,Private,56962,Some-college,10,Married-civ-spouse,Exec-managerial,Wife,White,Female,0,0,43,United-States,>50K
31,Private,257863,Some-college,10,Divorced,Other-service,Not-in-family,White,Female,0,0,15,United-States,<=50K
52,Private,110563,Some-college,10,Married-civ-spouse,Exec-managerial,Husband,White,Male,0,0,40,United-States,>50K
26,Private,33939,Some-college,10,Never-married,Tech-support,Own-child,White,Male,0,0,20,United-States,<=50K
33,Private,118551,HS-grad,9,Divorced,Adm-clerical,Unmarried,White,Female,0,0,40,United-States,<=50K
71,Private,269708,Bachelors,13,Divorced,Tech-support,Own-child,White,Female,2329,0,16,United-States,<=50K
36,Private,162651,HS-grad,9,Separated,Adm-clerical,Not-in-family,White,Male,0,0,40,Columbia,<=50K
47,Self-emp-inc,362835,Bachelors,13,Married-civ-spouse,Exec-managerial,Husband,White,Male,0,0,50,United-States,>50K
32,Private,235124,Some-college,10,Married-civ-spouse,Protective-serv,Husband,White,Male,0,0,46,Dominican-Republic,<=50K
42,Private,261929,Bachelors,13,Married-civ-spouse,Exec-managerial,Husband,White,Male,7688,0,40,United-States,>50K
46,State-gov,30219,Some-college,10,Married-civ-spouse,Exec-managerial,Husband,White,Male,7688,0,38,United-States,>50K
38,Private,273640,HS-grad,9,Never-married,Other-service,Unmarried,White,Female,0,0,40,United-States,<=50K
33,Private,99309,Some-college,10,Divorced,Craft-repair,Unmarried,White,Male,0,0,50,United-States,<=50K
36,Private,131192,HS-grad,9,Married-civ-spouse,Machine-op-inspct,Husband,White,Male,0,0,40,United-States,>50K
41,Private,194636,Assoc-voc,11,Married-civ-spouse,Machine-op-inspct,Husband,White,Male,0,0,40,United-States,<=50K
41,Private,194636,Bachelors,13,Married-civ-spouse,Exec-managerial,Husband,White,Male,0,0,60,United-States,>50K
43,Private,401134,Assoc-acdm,12,Divorced,Other-service,Unmarried,White,Female,0,2238,40,United-States,<=50K
57,Private,112840,Masters,14,Married-civ-spouse,Prof-specialty,Husband,White,Male,0,0,55,United-States,>50K
17,Private,108402,10th,6,Never-married,Sales,Own-child,White,Female,0,0,20,United-States,<=50K
35,Federal-gov,245372,HS-grad,9,Never-married,Adm-clerical,Not-in-family,White,Male,0,0,40,United-States,<=50K
58,Self-emp-not-inc,164065,Masters,14,Divorced,Sales,Not-in-family,White,Male,0,0,18,United-States,<=50K
52,Private,84451,Assoc-voc,11,Divorced,Other-service,Not-in-family,White,Male,0,0,32,United-States,<=50K
47,Self-emp-inc,193960,Some-college,10,Married-civ-spouse,Sales,Husband,White,Male,7298,0,45,United-States,>50K
38,Self-emp-inc,125645,Some-college,10,Married-civ-spouse,Sales,Husband,White,Male,0,0,50,United-States,>50K
50,Private,182360,HS-grad,9,Separated,Prof-specialty,Unmarried,Other,Female,0,0,60,Puerto-Rico,<=50K
65,Self-emp-not-inc,167414,HS-grad,9,Married-civ-spouse,Exec-managerial,Husband,White,Male,0,0,59,United-States,>50K
50,Private,175804,HS-grad,9,Married-civ-spouse,Sales,Husband,White,Male,0,0,48,United-States,<=50K
23,Private,212407,Bachelors,13,Never-married,Handlers-cleaners,Own-child,White,Male,0,0,25,United-States,<=50K
39,Federal-gov,243872,Assoc-acdm,12,Never-married,Prof-specialty,Not-in-family,White,Male,0,0,40,United-States,>50K
35,Private,143385,HS-grad,9,Married-civ-spouse,Handlers-cleaners,Husband,White,Male,0,0,40,United-States,<=50K
37,Private,365739,Assoc-acdm,12,Married-civ-spouse,Tech-support,Husband,White,Male,0,0,40,United-States,>50K
23,Private,61777,Bachelors,13,Married-civ-spouse,Sales,Husband,White,Male,2580,0,40,United-States,<=50K
51,Self-emp-inc,254230,Some-college,10,Married-civ-spouse,Exec-managerial,Husband,White,Male,0,1977,58,United-States,>50K
31,Federal-gov,381645,Bachelors,13,Separated,Prof-specialty,Not-in-family,White,Male,0,0,40,United-States,<=50K
19,Private,198663,HS-grad,9,Never-married,Machine-op-inspct,Other-relative,White,Male,0,0,40,United-States,<=50K
34,Private,384150,Bachelors,13,Married-civ-spouse,Exec-managerial,Husband,White,Male,0,0,40,United-States,>50K
24,Private,281221,Bachelors,13,Never-married,Adm-clerical,Other-relative,Asian-Pac-Islander,Female,0,0,40,Taiwan,<=50K
26,Private,59367,Bachelors,13,Never-married,Machine-op-inspct,Other-relative,White,Male,0,0,40,United-States,<=50K
28,Private,194472,Some-college,10,Married-civ-spouse,Adm-clerical,Own-child,White,Female,0,0,40,United-States,<=50K
39,Self-emp-not-inc,113749,9th,5,Married-civ-spouse,Craft-repair,Husband,White,Male,0,0,40,United-States,<=50K
30,Private,293931,HS-grad,9,Married-civ-spouse,Sales,Husband,White,Male,0,0,65,United-States,<=50K
77,Private,117898,Bachelors,13,Married-civ-spouse,Exec-managerial,Husband,White,Male,0,0,50,United-States,>50K
56,Private,98630,7th-8th,4,Never-married,Adm-clerical,Not-in-family,White,Male,0,0,40,United-States,<=50K
45,Private,186410,Some-college,10,Divorced,Adm-clerical,Not-in-family,White,Male,0,0,38,United-States,<=50K
40,Private,274158,HS-grad,9,Married-civ-spouse,Machine-op-inspct,Husband,White,Male,0,0,40,United-States,<=50K
24,Private,214399,Bachelors,13,Never-married,Prof-specialty,Own-child,White,Female,0,0,55,United-States,<=50K
29,Private,288229,HS-grad,9,Married-civ-spouse,Tech-support,Wife,Asian-Pac-Islander,Female,4386,0,45,United-States,>50K
17,Private,98572,11th,7,Never-married,Sales,Not-in-family,White,Female,0,0,20,United-States,<=50K
54,Self-emp-not-inc,32778,HS-grad,9,Married-civ-spouse,Sales,Wife,White,Female,0,0,30,United-States,<=50K
37,Self-emp-not-inc,32239,HS-grad,9,Divorced,Farming-fishing,Not-in-family,White,Male,27828,0,40,United-States,>50K
28,Local-gov,163942,Some-college,10,Never-married,Protective-serv,Own-child,White,Male,0,0,40,United-States,<=50K
17,Private,73145,9th,5,Never-married,Craft-repair,Own-child,White,Female,0,0,16,United-States,<=50K
40,Self-emp-inc,57233,HS-grad,9,Married-civ-spouse,Exec-managerial,Husband,White,Male,0,0,60,United-States,>50K
44,Private,222434,HS-grad,9,Married-civ-spouse,Craft-repair,Husband,White,Male,0,0,40,United-States,<=50K
38,Self-emp-inc,379485,Assoc-acdm,12,Divorced,Exec-managerial,Unmarried,White,Male,0,0,45,United-States,<=50K
67,Self-emp-not-inc,252842,HS-grad,9,Married-civ-spouse,Farming-fishing,Husband,White,Male,1797,0,20,United-States,<=50K
48,Private,182541,Bachelors,13,Married-civ-spouse,Prof-specialty,Husband,White,Male,15024,0,45,United-States,>50K
17,Private,174466,11th,7,Never-married,Other-service,Own-child,White,Male,0,0,18,United-States,<=50K
22,Private,208893,Some-college,10,Never-married,Sales,Not-in-family,White,Male,0,0,10,United-States,<=50K
23,Private,413345,Bachelors,13,Never-married,Adm-clerical,Not-in-family,White,Female,0,0,60,United-States,<=50K
25,Private,352806,HS-grad,9,Divorced,Other-service,Not-in-family,White,Female,0,0,40,Mexico,<=50K
25,Private,66935,HS-grad,9,Never-married,Craft-repair,Not-in-family,White,Male,0,0,35,United-States,<=50K
31,State-gov,195181,Masters,14,Married-civ-spouse,Prof-specialty,Husband,White,Male,0,0,35,United-States,>50K
32,Private,228265,HS-grad,9,Never-married,Handlers-cleaners,Own-child,White,Female,0,0,30,United-States,<=50K
25,Private,266062,Prof-school,15,Never-married,Prof-specialty,Not-in-family,White,Male,0,0,65,United-States,<=50K
27,Private,93235,HS-grad,9,Never-married,Sales,Not-in-family,White,Male,0,0,30,United-States,<=50K
58,Private,373344,1st-4th,2,Married-civ-spouse,Farming-fishing,Husband,White,Male,0,0,40,United-States,<=50K
48,Private,98524,Assoc-acdm,12,Married-civ-spouse,Craft-repair,Husband,White,Male,0,0,45,United-States,<=50K
43,State-gov,254817,Some-college,10,Never-married,Other-service,Not-in-family,White,Female,0,0,40,United-States,<=50K
22,Private,314525,Bachelors,13,Never-married,Prof-specialty,Not-in-family,White,Male,0,0,40,United-States,<=50K
40,Private,103513,Masters,14,Married-civ-spouse,Sales,Husband,White,Male,0,0,40,United-States,<=50K
53,Federal-gov,84278,Bachelors,13,Married-civ-spouse,Exec-managerial,Husband,White,Male,0,0,48,United-States,>50K
26,Private,280093,Some-college,10,Never-married,Handlers-cleaners,Own-child,White,Male,0,0,40,United-States,<=50K
72,Private,183616,HS-grad,9,Married-civ-spouse,Exec-managerial,Wife,White,Female,0,0,50,England,<=50K
28,Private,339897,Bachelors,13,Married-civ-spouse,Exec-managerial,Husband,White,Male,0,0,40,United-States,>50K
36,Private,99146,HS-grad,9,Married-civ-spouse,Machine-op-inspct,Husband,White,Male,0,0,45,United-States,>50K
51,Private,160703,12th,8,Married-civ-spouse,Craft-repair,Husband,White,Male,0,0,45,United-States,<=50K
18,Private,98667,11th,7,Never-married,Other-service,Own-child,White,Female,0,0,16,United-States,<=50K
40,Private,356934,HS-grad,9,Married-civ-spouse,Craft-repair,Husband,White,Male,0,1902,45,United-States,>50K
31,Private,243142,HS-grad,9,Divorced,Machine-op-inspct,Unmarried,White,Female,0,0,40,United-States,<=50K
20,Private,126568,HS-grad,9,Never-married,Craft-repair,Not-in-family,White,Male,0,0,40,United-States,<=50K
37,Private,110713,HS-grad,9,Married-civ-spouse,Sales,Husband,White,Male,0,0,50,United-States,>50K
31,Local-gov,50442,Some-college,10,Never-married,Adm-clerical,Own-child,Amer-Indian-Eskimo,Female,0,0,25,United-States,<=50K
41,Private,33310,HS-grad,9,Never-married,Adm-clerical,Not-in-family,White,Female,0,0,40,United-States,<=50K
46,Private,192835,Some-college,10,Married-civ-spouse,Transport-moving,Husband,White,Male,0,0,48,United-States,<=50K
23,Private,107801,Bachelors,13,Never-married,Adm-clerical,Own-child,White,Female,0,0,20,United-States,<=50K
43,Private,33310,HS-grad,9,Divorced,Adm-clerical,Not-in-family,White,Female,0,0,40,United-States,<=50K
20,Private,42279,Some-college,10,Never-married,Other-service,Own-child,White,Female,0,0,30,United-States,<=50K
38,Self-emp-not-inc,245372,Some-college,10,Married-civ-spouse,Prof-specialty,Husband,White,Male,3137,0,50,United-States,<=50K
35,Self-emp-inc,196373,Bachelors,13,Married-civ-spouse,Exec-managerial,Husband,White,Male,0,0,45,United-States,>50K
49,Private,168262,10th,6,Divorced,Other-service,Not-in-family,White,Male,0,0,48,United-States,<=50K
51,Local-gov,136823,HS-grad,9,Married-civ-spouse,Exec-managerial,Wife,White,Female,0,0,32,United-States,<=50K
43,Private,122473,Masters,14,Married-civ-spouse,Exec-managerial,Wife,Black,Female,0,1977,50,United-States,>50K
20,Private,74631,Some-college,10,Never-married,Sales,Other-relative,White,Female,0,0,40,United-States,<=50K
25,Private,126974,HS-grad,9,Never-married,Craft-repair,Own-child,White,Male,0,0,40,United-States,<=50K
33,Private,262439,HS-grad,9,Married-civ-spouse,Adm-clerical,Wife,White,Female,0,0,35,United-States,>50K
45,Federal-gov,211399,Masters,14,Married-civ-spouse,Exec-managerial,Husband,White,Male,7298,0,40,United-States,>50K
26,Private,267431,Bachelors,13,Never-married,Sales,Own-child,Black,Female,0,0,20,United-States,<=50K
47,Local-gov,36169,Masters,14,Married-civ-spouse,Prof-specialty,Husband,White,Male,0,0,60,United-States,>50K
30,Private,145714,Assoc-voc,11,Never-married,Prof-specialty,Not-in-family,White,Male,0,0,40,United-States,<=50K
19,Private,184207,Some-college,10,Never-married,Sales,Not-in-family,White,Male,0,0,40,United-States,<=50K
41,Federal-gov,193882,HS-grad,9,Never-married,Adm-clerical,Own-child,White,Male,0,0,40,United-States,<=50K
18,Private,145005,Some-college,10,Never-married,Other-service,Own-child,White,Male,0,0,20,United-States,<=50K
44,Private,165346,Masters,14,Married-civ-spouse,Exec-managerial,Husband,White,Male,0,0,40,United-States,>50K
36,Private,184498,11th,7,Married-civ-spouse,Craft-repair,Husband,White,Male,0,0,40,United-States,<=50K
27,Private,107218,HS-grad,9,Never-married,Other-service,Own-child,Asian-Pac-Islander,Male,0,0,40,United-States,<=50K
42,Private,113461,HS-grad,9,Divorced,Machine-op-inspct,Not-in-family,White,Male,0,0,40,United-States,<=50K
58,Private,112945,Assoc-voc,11,Married-civ-spouse,Exec-managerial,Husband,White,Male,0,0,40,United-States,<=50K
40,Private,262461,HS-grad,9,Married-civ-spouse,Machine-op-inspct,Husband,Black,Male,0,0,40,United-States,<=50K
47,Private,203505,Doctorate,16,Never-married,Prof-specialty,Own-child,White,Female,0,0,23,United-States,<=50K
32,Private,116677,HS-grad,9,Married-civ-spouse,Craft-repair,Husband,White,Male,0,0,40,United-States,<=50K
59,Private,31782,10th,6,Married-civ-spouse,Transport-moving,Husband,White,Male,0,0,45,United-States,>50K
18,Private,91525,HS-grad,9,Never-married,Sales,Other-relative,White,Male,0,0,25,United-States,<=50K
33,Private,184016,HS-grad,9,Never-married,Transport-moving,Not-in-family,White,Male,0,0,40,United-States,<=50K
26,Private,206721,HS-grad,9,Never-married,Handlers-cleaners,Unmarried,White,Male,0,0,40,United-States,<=50K
59,Private,318450,Bachelors,13,Married-civ-spouse,Exec-managerial,Husband,White,Male,0,0,50,United-States,>50K
36,Private,182013,Some-college,10,Divorced,Tech-support,Unmarried,White,Female,0,0,40,United-States,<=50K
41,Private,183105,HS-grad,9,Separated,Machine-op-inspct,Unmarried,White,Female,0,0,44,Cuba,<=50K
48,Federal-gov,259131,Some-college,10,Divorced,Adm-clerical,Unmarried,Black,Male,5455,0,40,United-States,<=50K
37,Private,187748,Some-college,10,Married-civ-spouse,Craft-repair,Husband,White,Male,0,0,40,United-States,<=50K
51,Self-emp-not-inc,276456,Assoc-acdm,12,Married-civ-spouse,Sales,Husband,White,Male,3103,0,30,United-States,>50K
31,Private,43607,Bachelors,13,Widowed,Adm-clerical,Unmarried,White,Male,0,0,60,United-States,<=50K
35,Private,208165,HS-grad,9,Divorced,Exec-managerial,Unmarried,White,Female,0,0,50,United-States,<=50K
33,Private,102821,12th,8,Married-civ-spouse,Protective-serv,Husband,White,Male,0,0,40,United-States,<=50K
37,Self-emp-not-inc,103925,Bachelors,13,Married-civ-spouse,Sales,Wife,White,Female,0,0,50,United-States,<=50K
31,Private,175985,Some-college,10,Divorced,Exec-managerial,Not-in-family,White,Female,0,0,50,United-States,<=50K
28,Federal-gov,53147,Bachelors,13,Never-married,Exec-managerial,Not-in-family,Black,Male,0,0,40,United-States,<=50K
30,Private,174789,Assoc-acdm,12,Married-civ-spouse,Exec-managerial,Husband,White,Male,0,1848,50,United-States,>50K
20,Private,165097,HS-grad,9,Never-married,Craft-repair,Not-in-family,White,Male,0,0,40,United-States,<=50K
46,State-gov,96652,Assoc-voc,11,Separated,Adm-clerical,Unmarried,Black,Female,0,0,40,United-States,<=50K
34,Private,366898,HS-grad,9,Married-civ-spouse,Craft-repair,Husband,White,Male,0,0,40,Germany,<=50K
32,Private,42596,HS-grad,9,Married-civ-spouse,Craft-repair,Husband,White,Male,0,0,48,United-States,<=50K
31,Private,37546,Bachelors,13,Married-civ-spouse,Exec-managerial,Wife,White,Female,0,1902,35,United-States,>50K
22,Private,83998,Some-college,10,Never-married,Sales,Not-in-family,White,Male,0,0,40,United-States,<=50K
33,Private,392812,Some-college,10,Married-civ-spouse,Handlers-cleaners,Husband,White,Male,0,0,50,United-States,>50K
29,Private,130620,Some-college,10,Married-spouse-absent,Sales,Own-child,Asian-Pac-Islander,Female,0,0,26,India,<=50K
50,Federal-gov,107079,HS-grad,9,Married-civ-spouse,Other-service,Husband,White,Male,0,0,40,United-States,<=50K
52,Self-emp-not-inc,217210,HS-grad,9,Widowed,Other-service,Other-relative,Black,Female,0,0,40,United-States,<=50K
34,Private,212781,Bachelors,13,Married-civ-spouse,Exec-managerial,Husband,White,Male,0,0,40,United-States,>50K
29,Private,393264,Bachelors,13,Never-married,Prof-specialty,Not-in-family,White,Male,0,0,40,United-States,<=50K
34,Private,54850,Bachelors,13,Never-married,Exec-managerial,Not-in-family,White,Male,0,1590,50,United-States,<=50K
55,Self-emp-not-inc,129786,HS-grad,9,Married-civ-spouse,Craft-repair,Husband,White,Male,0,0,55,United-States,<=50K
45,Private,265097,HS-grad,9,Married-civ-spouse,Other-service,Husband,White,Male,0,1902,40,United-States,>50K
23,Private,408988,Some-college,10,Never-married,Adm-clerical,Unmarried,White,Female,0,0,38,United-States,<=50K
63,Self-emp-not-inc,147589,Bachelors,13,Married-civ-spouse,Sales,Husband,White,Male,0,0,30,United-States,>50K
45,Federal-gov,76008,Bachelors,13,Married-civ-spouse,Exec-managerial,Husband,White,Male,0,0,50,United-States,>50K
34,Private,126838,HS-grad,9,Married-civ-spouse,Transport-moving,Husband,White,Male,0,0,40,United-States,<=50K
33,Local-gov,173005,Bachelors,13,Married-civ-spouse,Adm-clerical,Husband,White,Male,0,1848,45,United-States,>50K
52,State-gov,135388,HS-grad,9,Married-civ-spouse,Craft-repair,Husband,White,Male,5013,0,40,United-States,<=50K
27,Private,120155,HS-grad,9,Married-civ-spouse,Adm-clerical,Husband,White,Male,0,0,39,United-States,<=50K
32,Private,256609,12th,8,Married-civ-spouse,Machine-op-inspct,Husband,White,Male,0,0,40,Mexico,<=50K
37,Self-emp-not-inc,265266,Prof-school,15,Married-civ-spouse,Prof-specialty,Husband,White,Male,0,0,40,Cuba,>50K
32,Private,129020,HS-grad,9,Married-civ-spouse,Exec-managerial,Husband,White,Male,0,0,40,United-States,<=50K
19,Private,252862,Assoc-voc,11,Never-married,Prof-specialty,Own-child,White,Female,0,0,40,United-States,<=50K
61,Local-gov,153408,Masters,14,Divorced,Prof-specialty,Not-in-family,White,Female,0,0,40,United-States,>50K
55,Private,204816,Some-college,10,Married-civ-spouse,Exec-managerial,Husband,White,Male,0,0,40,United-States,>50K
40,Private,197344,Bachelors,13,Married-civ-spouse,Exec-managerial,Husband,White,Male,0,0,65,United-States,>50K
35,Private,154410,Bachelors,13,Married-civ-spouse,Exec-managerial,Husband,White,Male,0,0,50,United-States,>50K
50,Private,400630,Prof-school,15,Married-civ-spouse,Prof-specialty,Husband,White,Male,0,0,36,United-States,>50K
55,Private,191367,HS-grad,9,Married-civ-spouse,Sales,Husband,White,Male,0,0,40,United-States,<=50K
23,Private,204226,Some-college,10,Never-married,Adm-clerical,Not-in-family,White,Female,0,0,40,United-States,<=50K
51,Local-gov,184542,HS-grad,9,Married-civ-spouse,Machine-op-inspct,Husband,White,Male,0,0,40,United-States,<=50K
20,Private,421474,Some-college,10,Never-married,Sales,Own-child,White,Male,0,0,20,United-States,<=50K
34,Private,226702,Some-college,10,Married-civ-spouse,Craft-repair,Husband,White,Male,0,0,40,United-States,<=50K
23,Private,435835,HS-grad,9,Never-married,Sales,Not-in-family,White,Male,0,1669,55,United-States,<=50K
55,Private,156089,Some-college,10,Widowed,Adm-clerical,Unmarried,White,Female,0,0,40,United-States,<=50K
63,Private,281237,Some-college,10,Widowed,Exec-managerial,Not-in-family,White,Female,0,0,40,United-States,<=50K
63,Self-emp-not-inc,179444,7th-8th,4,Married-civ-spouse,Exec-managerial,Husband,White,Male,0,0,15,United-States,<=50K
37,Private,226947,Assoc-voc,11,Married-civ-spouse,Craft-repair,Husband,White,Male,0,0,40,United-States,>50K
35,Private,196373,HS-grad,9,Married-civ-spouse,Farming-fishing,Husband,White,Male,0,1672,40,United-States,<=50K
21,Private,156980,HS-grad,9,Never-married,Machine-op-inspct,Own-child,White,Male,0,0,60,United-States,<=50K
35,Private,107160,12th,8,Separated,Other-service,Not-in-family,White,Female,0,0,30,United-States,<=50K
39,Self-emp-not-inc,29874,HS-grad,9,Married-civ-spouse,Farming-fishing,Husband,White,Male,0,0,54,United-States,<=50K
47,Self-emp-inc,54260,Some-college,10,Married-civ-spouse,Sales,Husband,White,Male,0,0,45,United-States,<=50K
69,Self-emp-not-inc,107548,9th,5,Married-civ-spouse,Adm-clerical,Husband,White,Male,0,0,40,United-States,<=50K
41,State-gov,170924,Masters,14,Married-civ-spouse,Prof-specialty,Husband,White,Male,0,0,40,United-States,<=50K
56,Private,97541,HS-grad,9,Married-civ-spouse,Sales,Husband,White,Male,0,1977,40,United-States,>50K
59,Private,137506,9th,5,Widowed,Handlers-cleaners,Unmarried,White,Male,0,0,40,United-States,<=50K
45,Local-gov,265477,Masters,14,Married-civ-spouse,Prof-specialty,Husband,White,Male,0,0,40,France,>50K
27,Private,189565,Some-college,10,Never-married,Tech-support,Not-in-family,White,Male,0,0,40,United-States,<=50K
62,Private,138621,Assoc-voc,11,Separated,Priv-house-serv,Not-in-family,Black,Female,0,0,20,United-States,<=50K
50,Self-emp-not-inc,27539,Some-college,10,Married-civ-spouse,Farming-fishing,Husband,White,Male,7688,0,40,United-States,>50K
47,Private,311395,Some-college,10,Divorced,Machine-op-inspct,Not-in-family,Black,Male,0,0,40,United-States,<=50K
21,Private,51262,HS-grad,9,Never-married,Other-service,Own-child,White,Male,0,0,35,United-States,<=50K
23,Private,210474,Bachelors,13,Never-married,Prof-specialty,Own-child,White,Female,0,0,40,United-States,<=50K
36,Private,297847,HS-grad,9,Never-married,Other-service,Not-in-family,Black,Female,0,2001,40,United-States,<=50K
26,Local-gov,271836,HS-grad,9,Married-civ-spouse,Protective-serv,Husband,Black,Male,0,0,50,United-States,>50K
39,Private,22245,Bachelors,13,Married-civ-spouse,Prof-specialty,Not-in-family,White,Male,0,0,60,United-States,<=50K
54,Private,192386,Some-college,10,Married-civ-spouse,Prof-specialty,Husband,White,Male,7298,0,38,United-States,>50K
35,Local-gov,230754,Masters,14,Never-married,Prof-specialty,Own-child,Black,Female,0,0,40,United-States,<=50K
35,Private,111499,HS-grad,9,Married-civ-spouse,Prof-specialty,Husband,White,Male,0,0,40,United-States,<=50K
40,Private,216116,9th,5,Never-married,Machine-op-inspct,Unmarried,Black,Female,0,0,40,Haiti,<=50K
34,Private,265807,Some-college,10,Separated,Craft-repair,Not-in-family,White,Male,0,0,45,United-States,<=50K
28,Private,183175,Some-college,10,Divorced,Adm-clerical,Not-in-family,White,Female,0,0,40,United-States,<=50K
26,Private,200639,Some-college,10,Married-civ-spouse,Machine-op-inspct,Husband,White,Male,0,0,40,United-States,<=50K
45,Private,192053,Bachelors,13,Married-civ-spouse,Craft-repair,Husband,White,Male,0,0,50,United-States,<=50K
37,Private,365465,HS-grad,9,Separated,Craft-repair,Unmarried,White,Male,0,0,70,Philippines,<=50K
46,Private,34186,HS-grad,9,Married-civ-spouse,Handlers-cleaners,Husband,White,Male,0,0,40,United-States,<=50K
32,Private,219553,11th,7,Married-civ-spouse,Craft-repair,Husband,White,Male,0,0,60,United-States,<=50K
52,Private,225339,HS-grad,9,Widowed,Adm-clerical,Unmarried,Black,Female,0,0,35,United-States,<=50K
31,Private,93326,Some-college,10,Separated,Adm-clerical,Own-child,White,Female,0,0,40,United-States,<=50K
27,Private,164170,Bachelors,13,Never-married,Tech-support,Unmarried,Asian-Pac-Islander,Female,0,0,20,Philippines,<=50K
45,Self-emp-inc,179030,Bachelors,13,Married-civ-spouse,Other-service,Other-relative,Asian-Pac-Islander,Female,0,0,35,South,<=50K
23,Private,65481,HS-grad,9,Married-civ-spouse,Machine-op-inspct,Wife,White,Female,0,0,40,United-States,>50K
45,Private,51664,Some-college,10,Married-civ-spouse,Sales,Husband,White,Male,0,0,40,United-States,<=50K
39,State-gov,42478,Bachelors,13,Divorced,Exec-managerial,Not-in-family,White,Male,0,0,40,United-States,<=50K
23,Private,276568,Some-college,10,Never-married,Sales,Own-child,White,Female,0,0,40,United-States,<=50K
46,Self-emp-not-inc,199596,Some-college,10,Divorced,Exec-managerial,Unmarried,White,Female,0,0,50,United-States,<=50K
48,Private,349151,HS-grad,9,Married-civ-spouse,Craft-repair,Husband,White,Male,0,0,40,United-States,<=50K
37,Private,213726,HS-grad,9,Divorced,Machine-op-inspct,Not-in-family,Asian-Pac-Islander,Female,0,0,40,Philippines,<=50K
40,Private,32627,Masters,14,Married-civ-spouse,Prof-specialty,Husband,White,Male,0,0,60,United-States,<=50K
57,Private,98350,Prof-school,15,Married-civ-spouse,Craft-repair,Husband,Asian-Pac-Islander,Male,0,1902,40,Philippines,>50K
25,Private,330850,HS-grad,9,Married-civ-spouse,Protective-serv,Husband,White,Male,0,0,70,United-States,<=50K
44,Private,175935,Doctorate,16,Married-civ-spouse,Adm-clerical,Husband,White,Male,0,0,55,United-States,>50K
34,Private,176862,Bachelors,13,Never-married,Prof-specialty,Not-in-family,White,Male,0,0,40,United-States,<=50K
35,Private,193815,Assoc-acdm,12,Married-civ-spouse,Adm-clerical,Husband,White,Male,0,0,40,United-States,>50K
38,State-gov,108293,Masters,14,Never-married,Prof-specialty,Other-relative,White,Female,0,0,40,United-States,<=50K
31,Private,87418,Assoc-voc,11,Married-civ-spouse,Exec-managerial,Husband,White,Male,0,0,40,United-States,<=50K
57,Private,562558,HS-grad,9,Divorced,Adm-clerical,Unmarried,White,Female,0,0,40,United-States,<=50K
29,Private,197565,Assoc-voc,11,Never-married,Adm-clerical,Own-child,White,Female,0,0,35,United-States,<=50K
22,Private,215477,Some-college,10,Never-married,Transport-moving,Own-child,White,Male,0,0,40,United-States,<=50K
37,Private,117567,Bachelors,13,Married-civ-spouse,Exec-managerial,Husband,White,Male,0,0,60,United-States,>50K
37,Private,192939,Bachelors,13,Married-civ-spouse,Craft-repair,Husband,White,Male,0,0,40,United-States,>50K
21,Private,442131,HS-grad,9,Never-married,Handlers-cleaners,Own-child,White,Female,0,0,40,United-States,<=50K
21,Private,149809,Assoc-acdm,12,Never-married,Sales,Own-child,White,Male,0,0,40,United-States,<=50K
48,Private,103743,Some-college,10,Married-civ-spouse,Transport-moving,Husband,White,Male,0,2002,70,United-States,<=50K
38,Private,177305,HS-grad,9,Married-civ-spouse,Craft-repair,Husband,White,Male,0,0,45,United-States,<=50K
19,Private,217039,Some-college,10,Never-married,Adm-clerical,Own-child,White,Male,0,0,28,United-States,<=50K
42,Local-gov,720428,Some-college,10,Married-civ-spouse,Protective-serv,Husband,Black,Male,0,0,40,United-States,>50K
45,Private,205644,HS-grad,9,Separated,Tech-support,Not-in-family,White,Female,0,0,26,United-States,<=50K
45,Private,192323,Assoc-acdm,12,Married-civ-spouse,Craft-repair,Husband,White,Male,0,0,66,Yugoslavia,<=50K
27,Private,31757,Assoc-voc,11,Never-married,Craft-repair,Own-child,White,Male,0,0,38,United-States,<=50K
27,Private,109611,9th,5,Married-civ-spouse,Machine-op-inspct,Wife,White,Female,0,0,37,Portugal,<=50K
26,Private,269060,Bachelors,13,Never-married,Adm-clerical,Own-child,White,Female,0,0,40,United-States,<=50K
29,Private,128777,7th-8th,4,Divorced,Craft-repair,Unmarried,White,Female,0,0,55,United-States,<=50K
36,Private,117528,HS-grad,9,Separated,Adm-clerical,Unmarried,White,Female,0,0,38,United-States,<=50K
40,Private,114580,HS-grad,9,Married-civ-spouse,Exec-managerial,Wife,White,Female,0,0,24,United-States,>50K
44,Private,30424,Assoc-acdm,12,Divorced,Exec-managerial,Not-in-family,White,Female,0,1980,40,United-States,<=50K
66,Self-emp-not-inc,28061,7th-8th,4,Widowed,Farming-fishing,Unmarried,White,Male,0,0,50,United-States,<=50K
34,Private,185480,Assoc-acdm,12,Never-married,Adm-clerical,Own-child,White,Female,0,0,40,United-States,<=50K
31,Federal-gov,206823,Bachelors,13,Divorced,Protective-serv,Not-in-family,White,Male,0,0,50,United-States,>50K
39,Private,401832,Some-college,10,Married-civ-spouse,Exec-managerial,Husband,White,Male,0,0,48,United-States,<=50K
34,Self-emp-not-inc,321709,Assoc-acdm,12,Never-married,Prof-specialty,Not-in-family,White,Female,0,0,25,United-States,<=50K
57,Private,104996,Some-college,10,Never-married,Craft-repair,Not-in-family,White,Male,0,0,42,United-States,<=50K
41,Private,70447,Some-college,10,Married-civ-spouse,Sales,Husband,Asian-Pac-Islander,Male,0,0,60,United-States,<=50K
36,Private,37238,Bachelors,13,Never-married,Tech-support,Not-in-family,White,Male,0,0,42,United-States,<=50K
47,Self-emp-inc,156728,HS-grad,9,Married-civ-spouse,Sales,Husband,White,Male,0,0,55,United-States,<=50K
36,Private,218490,Assoc-voc,11,Married-civ-spouse,Sales,Husband,White,Male,0,0,60,United-States,<=50K
34,Federal-gov,149368,Prof-school,15,Married-civ-spouse,Prof-specialty,Husband,White,Male,0,0,40,United-States,>50K
54,Private,77336,HS-grad,9,Married-civ-spouse,Sales,Husband,White,Male,0,0,40,United-States,<=50K
34,Private,180714,Some-college,10,Married-civ-spouse,Transport-moving,Husband,Black,Male,0,2179,40,United-States,<=50K
51,Self-emp-not-inc,136836,Assoc-acdm,12,Divorced,Transport-moving,Unmarried,Black,Female,0,0,30,United-States,<=50K
64,State-gov,269512,Bachelors,13,Divorced,Tech-support,Not-in-family,White,Male,0,0,40,United-States,<=50K
58,Self-emp-inc,210563,HS-grad,9,Married-civ-spouse,Sales,Wife,White,Female,15024,0,35,United-States,>50K
24,State-gov,211049,7th-8th,4,Never-married,Tech-support,Unmarried,White,Female,0,0,20,United-States,<=50K
55,Private,105304,HS-grad,9,Married-civ-spouse,Machine-op-inspct,Husband,White,Male,0,0,40,United-States,<=50K
51,Private,358740,11th,7,Divorced,Sales,Unmarried,White,Female,0,0,35,United-States,<=50K
73,Self-emp-not-inc,151255,Some-college,10,Widowed,Farming-fishing,Not-in-family,White,Female,0,0,75,United-States,<=50K
55,Private,234125,HS-grad,9,Married-civ-spouse,Other-service,Husband,White,Male,0,0,40,United-States,<=50K
40,State-gov,285000,Bachelors,13,Divorced,Adm-clerical,Unmarried,Black,Female,0,0,40,United-States,<=50K
25,Private,359067,Some-college,10,Never-married,Sales,Own-child,White,Male,0,0,20,United-States,<=50K
34,Private,118710,Assoc-voc,11,Married-civ-spouse,Other-service,Husband,White,Male,0,0,40,United-States,>50K
60,Private,85995,Masters,14,Married-civ-spouse,Adm-clerical,Husband,Asian-Pac-Islander,Male,0,0,50,South,>50K
35,Private,187693,HS-grad,9,Never-married,Machine-op-inspct,Own-child,White,Male,0,0,40,United-States,<=50K
35,Private,360799,HS-grad,9,Married-civ-spouse,Craft-repair,Husband,White,Male,7298,0,40,United-States,>50K
21,Private,186648,10th,6,Separated,Machine-op-inspct,Own-child,White,Male,0,0,40,United-States,<=50K
39,Private,98948,Assoc-acdm,12,Never-married,Sales,Not-in-family,White,Female,0,0,40,United-States,<=50K
28,Local-gov,401886,HS-grad,9,Never-married,Adm-clerical,Other-relative,White,Male,0,0,20,United-States,<=50K
27,Private,249315,HS-grad,9,Married-civ-spouse,Sales,Husband,White,Male,0,0,60,United-States,<=50K
37,Private,196373,HS-grad,9,Married-civ-spouse,Craft-repair,Husband,White,Male,0,0,40,United-States,>50K
19,Private,35865,Some-college,10,Never-married,Other-service,Not-in-family,White,Female,0,0,30,United-States,<=50K
50,Private,93730,10th,6,Married-civ-spouse,Transport-moving,Husband,White,Male,0,0,60,United-States,<=50K
31,Private,109020,Bachelors,13,Never-married,Prof-specialty,Unmarried,Other,Male,0,0,40,United-States,<=50K
54,Private,183248,HS-grad,9,Divorced,Transport-moving,Not-in-family,Black,Male,0,0,40,United-States,<=50K
29,Private,134152,HS-grad,9,Separated,Machine-op-inspct,Not-in-family,White,Male,0,0,40,United-States,<=50K
37,Private,117528,HS-grad,9,Divorced,Adm-clerical,Not-in-family,White,Female,0,0,40,United-States,<=50K
18,Private,195372,11th,7,Never-married,Other-service,Own-child,White,Female,0,0,20,United-States,<=50K
23,Private,345734,Some-college,10,Never-married,Other-service,Own-child,White,Male,0,0,40,United-States,<=50K
43,Private,235556,Some-college,10,Married-spouse-absent,Sales,Not-in-family,White,Male,0,0,45,Mexico,<=50K
59,Private,291529,10th,6,Widowed,Machine-op-inspct,Not-in-family,White,Male,0,0,52,United-States,<=50K
27,Private,177761,Some-college,10,Married-civ-spouse,Farming-fishing,Husband,Other,Male,0,0,50,United-States,<=50K
38,Private,70995,HS-grad,9,Divorced,Prof-specialty,Not-in-family,White,Male,0,0,45,United-States,<=50K
36,Private,114605,Assoc-voc,11,Married-civ-spouse,Adm-clerical,Husband,White,Male,0,0,40,United-States,>50K
39,Private,225544,12th,8,Never-married,Handlers-cleaners,Not-in-family,White,Male,0,0,40,United-States,<=50K
45,Private,233511,Bachelors,13,Married-civ-spouse,Exec-managerial,Husband,White,Male,0,1977,60,United-States,>50K
34,Self-emp-not-inc,173201,Masters,14,Never-married,Prof-specialty,Own-child,White,Male,0,0,50,Cuba,<=50K
22,Private,190137,HS-grad,9,Never-married,Sales,Own-child,Other,Male,0,0,40,United-States,<=50K
36,Private,175232,HS-grad,9,Married-civ-spouse,Craft-repair,Husband,White,Male,5178,0,40,United-States,>50K
27,Private,588905,HS-grad,9,Married-civ-spouse,Craft-repair,Husband,White,Male,0,0,40,United-States,<=50K
22,Private,369084,Some-college,10,Never-married,Craft-repair,Own-child,White,Male,0,0,40,United-States,<=50K
45,Private,347993,7th-8th,4,Married-civ-spouse,Craft-repair,Husband,White,Male,0,0,44,Mexico,<=50K
17,Private,114420,11th,7,Never-married,Sales,Own-child,White,Female,0,0,30,United-States,<=50K
63,Self-emp-inc,80572,Bachelors,13,Married-civ-spouse,Farming-fishing,Husband,White,Male,0,0,40,United-States,>50K
42,State-gov,333530,Some-college,10,Married-civ-spouse,Exec-managerial,Wife,White,Female,0,0,40,United-States,>50K
44,Private,125461,Doctorate,16,Married-civ-spouse,Exec-managerial,Husband,White,Male,0,0,60,United-States,>50K
63,Self-emp-not-inc,344128,Bachelors,13,Married-civ-spouse,Sales,Husband,White,Male,0,0,50,United-States,>50K
47,Self-emp-not-inc,59987,HS-grad,9,Married-civ-spouse,Transport-moving,Husband,White,Male,0,2002,42,United-States,<=50K
63,Self-emp-not-inc,124015,Masters,14,Separated,Prof-specialty,Not-in-family,White,Male,0,0,40,United-States,>50K
23,Private,54012,HS-grad,9,Married-civ-spouse,Transport-moving,Husband,White,Male,0,0,60,United-States,<=50K
47,Private,274883,HS-grad,9,Married-civ-spouse,Transport-moving,Husband,White,Male,0,0,40,United-States,<=50K
41,Private,43711,HS-grad,9,Never-married,Other-service,Not-in-family,White,Male,0,0,30,United-States,<=50K
52,Private,246936,11th,7,Married-civ-spouse,Other-service,Husband,White,Male,0,0,40,United-States,<=50K
35,Private,265535,Some-college,10,Married-civ-spouse,Craft-repair,Husband,Black,Male,0,0,50,Jamaica,>50K
52,Private,172962,Bachelors,13,Married-civ-spouse,Exec-managerial,Husband,White,Male,0,0,40,United-States,<=50K
20,Private,196337,Some-college,10,Never-married,Sales,Own-child,White,Male,0,0,35,United-States,<=50K
41,Local-gov,33068,Masters,14,Divorced,Prof-specialty,Not-in-family,White,Male,0,1974,40,United-States,<=50K
50,Local-gov,149433,HS-grad,9,Married-civ-spouse,Craft-repair,Husband,White,Male,0,0,45,United-States,<=50K
44,Private,262684,HS-grad,9,Divorced,Adm-clerical,Not-in-family,White,Female,0,1504,45,United-States,<=50K
29,Private,75648,Some-college,10,Married-civ-spouse,Craft-repair,Husband,White,Male,0,0,55,United-States,<=50K
52,Private,122412,Doctorate,16,Married-civ-spouse,Prof-specialty,Wife,White,Female,99999,0,35,United-States,>50K
43,State-gov,182254,Some-college,10,Divorced,Adm-clerical,Unmarried,White,Female,0,0,40,United-States,<=50K
55,Self-emp-not-inc,170350,HS-grad,9,Divorced,Other-service,Other-relative,White,Female,0,0,40,United-States,<=50K
40,Private,326310,Some-college,10,Married-civ-spouse,Craft-repair,Husband,White,Male,0,0,44,United-States,<=50K
59,Private,114032,Bachelors,13,Divorced,Adm-clerical,Unmarried,White,Female,0,0,40,United-States,<=50K
53,Private,346871,HS-grad,9,Divorced,Prof-specialty,Not-in-family,White,Male,4787,0,46,United-States,>50K
24,Self-emp-inc,197496,Bachelors,13,Never-married,Adm-clerical,Own-child,White,Male,0,0,20,United-States,<=50K
30,Private,190040,Bachelors,13,Never-married,Machine-op-inspct,Not-in-family,White,Female,0,0,40,United-States,<=50K
39,Private,343476,HS-grad,9,Married-civ-spouse,Craft-repair,Husband,White,Male,0,0,30,United-States,<=50K
41,Private,179875,11th,7,Divorced,Other-service,Unmarried,Other,Female,0,0,40,United-States,<=50K
21,Private,133471,Some-college,10,Never-married,Exec-managerial,Own-child,White,Male,0,0,40,United-States,<=50K
41,Private,286970,Bachelors,13,Married-civ-spouse,Adm-clerical,Husband,White,Male,0,0,40,United-States,<=50K
36,Private,177285,Assoc-voc,11,Never-married,Prof-specialty,Unmarried,Black,Female,0,0,38,United-States,<=50K
33,Self-emp-inc,287372,Some-college,10,Married-civ-spouse,Exec-managerial,Husband,White,Male,0,0,50,United-States,>50K
23,Private,185948,HS-grad,9,Never-married,Craft-repair,Unmarried,White,Male,0,0,40,United-States,<=50K
31,Private,309620,Masters,14,Married-civ-spouse,Prof-specialty,Husband,Asian-Pac-Islander,Male,0,0,6,South,<=50K
37,Local-gov,185556,HS-grad,9,Separated,Protective-serv,Not-in-family,White,Male,0,1980,35,United-States,<=50K
74,Federal-gov,39890,Some-college,10,Widowed,Transport-moving,Not-in-family,White,Female,0,0,18,United-States,<=50K
53,Private,254285,Masters,14,Married-civ-spouse,Prof-specialty,Husband,White,Male,0,0,40,United-States,>50K
53,Private,97411,5th-6th,3,Married-civ-spouse,Machine-op-inspct,Husband,Asian-Pac-Islander,Male,0,0,40,Laos,<=50K
45,Local-gov,181758,Masters,14,Never-married,Prof-specialty,Not-in-family,White,Female,0,0,40,United-States,<=50K
59,Self-emp-inc,145574,Assoc-voc,11,Married-civ-spouse,Exec-managerial,Husband,White,Male,0,0,40,United-States,>50K
43,Private,137722,HS-grad,9,Married-civ-spouse,Handlers-cleaners,Husband,White,Male,0,0,40,United-States,<=50K
29,Local-gov,214706,HS-grad,9,Never-married,Other-service,Unmarried,White,Female,0,0,40,United-States,<=50K
27,Private,187746,Some-college,10,Never-married,Other-service,Own-child,White,Female,0,0,40,United-States,<=50K
41,Private,374764,Bachelors,13,Widowed,Exec-managerial,Unmarried,White,Male,0,0,20,United-States,<=50K
28,Private,215955,HS-grad,9,Married-civ-spouse,Craft-repair,Husband,White,Male,0,0,40,United-States,<=50K
32,Private,386806,5th-6th,3,Married-civ-spouse,Craft-repair,Husband,Other,Male,0,0,45,Mexico,>50K
31,Private,206046,HS-grad,9,Divorced,Machine-op-inspct,Not-in-family,White,Male,0,0,40,United-States,<=50K
26,Private,288959,HS-grad,9,Married-civ-spouse,Sales,Husband,Black,Male,0,0,36,United-States,<=50K
22,Private,222993,HS-grad,9,Never-married,Handlers-cleaners,Own-child,White,Male,0,0,40,United-States,<=50K
47,Local-gov,128401,Doctorate,16,Never-married,Prof-specialty,Unmarried,White,Female,0,0,40,United-States,<=50K
39,Private,108069,Some-college,10,Never-married,Craft-repair,Unmarried,White,Female,0,0,40,United-States,<=50K
36,Federal-gov,68781,Some-college,10,Married-civ-spouse,Adm-clerical,Husband,White,Male,0,0,35,United-States,<=50K
40,Self-emp-inc,45054,Some-college,10,Married-civ-spouse,Transport-moving,Husband,White,Male,0,0,40,United-States,>50K
31,Private,315128,Some-college,10,Never-married,Adm-clerical,Not-in-family,White,Female,0,0,52,United-States,<=50K
32,Private,282611,Bachelors,13,Never-married,Exec-managerial,Not-in-family,White,Female,0,0,40,United-States,<=50K
49,Self-emp-inc,235646,HS-grad,9,Never-married,Craft-repair,Not-in-family,White,Male,0,0,47,United-States,<=50K
40,Private,287008,Prof-school,15,Married-civ-spouse,Prof-specialty,Husband,White,Male,15024,0,55,Germany,>50K
17,Private,138507,10th,6,Never-married,Handlers-cleaners,Own-child,White,Male,0,0,12,United-States,<=50K
33,Private,122672,HS-grad,9,Married-civ-spouse,Farming-fishing,Husband,White,Male,0,0,50,United-States,<=50K
45,Private,117310,Bachelors,13,Divorced,Sales,Not-in-family,White,Female,0,0,46,United-States,<=50K
61,Private,159046,7th-8th,4,Married-civ-spouse,Transport-moving,Husband,White,Male,0,0,40,United-States,<=50K
24,Private,291578,HS-grad,9,Married-civ-spouse,Sales,Husband,White,Male,0,0,50,United-States,<=50K
40,Self-emp-inc,301007,Bachelors,13,Married-civ-spouse,Prof-specialty,Husband,White,Male,0,0,60,United-States,<=50K
54,Private,212960,Bachelors,13,Married-civ-spouse,Sales,Husband,White,Male,0,0,35,United-States,>50K
67,Private,233022,11th,7,Widowed,Adm-clerical,Unmarried,White,Female,0,0,20,United-States,<=50K
26,State-gov,180886,Masters,14,Married-civ-spouse,Prof-specialty,Husband,White,Male,0,0,30,United-States,<=50K
34,Private,228873,Bachelors,13,Never-married,Exec-managerial,Own-child,White,Male,0,0,40,United-States,<=50K
23,Private,250630,Bachelors,13,Never-married,Sales,Not-in-family,White,Female,0,0,40,United-States,<=50K
30,Private,203181,Assoc-voc,11,Never-married,Exec-managerial,Own-child,White,Male,0,0,36,United-States,<=50K
31,Private,176244,HS-grad,9,Married-civ-spouse,Adm-clerical,Wife,White,Female,0,0,35,United-States,<=50K
34,Self-emp-not-inc,169186,HS-grad,9,Married-civ-spouse,Farming-fishing,Husband,White,Male,0,0,50,United-States,<=50K
35,Local-gov,110075,Masters,14,Married-civ-spouse,Prof-specialty,Wife,White,Female,15024,0,50,United-States,>50K
43,Self-emp-not-inc,185413,Bachelors,13,Married-civ-spouse,Exec-managerial,Husband,White,Male,0,1977,50,United-States,>50K
36,Local-gov,248263,HS-grad,9,Never-married,Prof-specialty,Not-in-family,White,Female,0,0,40,United-States,<=50K
37,Private,194820,HS-grad,9,Separated,Craft-repair,Unmarried,White,Female,0,0,42,United-States,<=50K
31,Private,165949,HS-grad,9,Divorced,Other-service,Unmarried,White,Female,0,0,40,United-States,<=50K
50,Federal-gov,343014,Some-college,10,Married-civ-spouse,Exec-managerial,Husband,Black,Male,0,0,40,United-States,<=50K
50,Private,38795,Bachelors,13,Married-civ-spouse,Prof-specialty,Husband,White,Male,0,0,50,United-States,<=50K
39,Private,451059,9th,5,Married-civ-spouse,Handlers-cleaners,Husband,White,Male,0,0,40,United-States,<=50K
53,Private,251063,Some-college,10,Separated,Exec-managerial,Unmarried,Black,Female,0,0,40,United-States,<=50K
29,Self-emp-inc,31778,HS-grad,9,Separated,Prof-specialty,Other-relative,White,Male,0,0,25,United-States,<=50K
42,State-gov,82161,HS-grad,9,Married-civ-spouse,Protective-serv,Husband,White,Male,0,0,72,United-States,>50K
20,Private,289982,HS-grad,9,Never-married,Sales,Own-child,White,Female,0,0,10,El-Salvador,<=50K
29,Private,253262,Some-college,10,Never-married,Craft-repair,Not-in-family,White,Female,0,0,40,United-States,<=50K
19,Private,104830,7th-8th,4,Never-married,Transport-moving,Unmarried,White,Male,0,0,25,Guatemala,<=50K
41,Local-gov,133692,Bachelors,13,Divorced,Protective-serv,Unmarried,White,Female,0,0,40,United-States,<=50K
33,Self-emp-not-inc,116539,HS-grad,9,Married-civ-spouse,Craft-repair,Husband,White,Male,0,0,40,United-States,<=50K
17,Private,156736,10th,6,Never-married,Sales,Unmarried,White,Female,0,0,12,United-States,<=50K
33,Private,361280,Doctorate,16,Married-civ-spouse,Tech-support,Husband,Asian-Pac-Islander,Male,0,0,40,Japan,<=50K
69,Self-emp-not-inc,104003,7th-8th,4,Married-civ-spouse,Sales,Husband,White,Male,0,0,55,United-States,<=50K
23,Private,253190,Assoc-acdm,12,Married-civ-spouse,Handlers-cleaners,Husband,White,Male,0,0,25,United-States,<=50K
22,State-gov,262819,Some-college,10,Never-married,Adm-clerical,Not-in-family,White,Female,0,0,40,United-States,<=50K
44,Self-emp-inc,60087,HS-grad,9,Married-civ-spouse,Craft-repair,Husband,White,Male,0,0,45,United-States,>50K
25,Private,169124,Bachelors,13,Never-married,Adm-clerical,Own-child,White,Male,0,0,40,United-States,<=50K
26,Private,102875,Assoc-acdm,12,Never-married,Sales,Own-child,White,Female,0,0,40,India,<=50K
22,Private,51262,HS-grad,9,Never-married,Machine-op-inspct,Own-child,White,Male,0,0,40,United-States,<=50K
22,Private,229456,HS-grad,9,Never-married,Adm-clerical,Own-child,Black,Female,0,0,38,United-States,<=50K
23,Private,175778,Some-college,10,Never-married,Other-service,Not-in-family,White,Female,0,0,20,United-States,<=50K
51,Private,345459,Some-college,10,Never-married,Exec-managerial,Unmarried,Black,Female,0,0,40,United-States,<=50K
55,Private,52953,HS-grad,9,Divorced,Other-service,Unmarried,White,Female,0,0,40,United-States,<=50K
45,Federal-gov,133973,Some-college,10,Divorced,Adm-clerical,Unmarried,White,Female,0,0,40,United-States,<=50K
53,Local-gov,177063,Some-college,10,Married-civ-spouse,Adm-clerical,Husband,White,Male,0,0,40,United-States,>50K
39,Private,230467,Bachelors,13,Never-married,Sales,Own-child,White,Male,0,1092,40,Germany,<=50K
50,Local-gov,163921,7th-8th,4,Married-civ-spouse,Transport-moving,Husband,White,Male,0,0,40,United-States,<=50K
33,Private,460408,HS-grad,9,Never-married,Sales,Not-in-family,White,Male,3325,0,50,United-States,<=50K
53,Private,122109,HS-grad,9,Separated,Adm-clerical,Unmarried,White,Female,0,1876,38,United-States,<=50K
22,Private,146540,11th,7,Never-married,Craft-repair,Not-in-family,White,Male,0,0,50,United-States,<=50K
67,Private,140849,HS-grad,9,Widowed,Other-service,Not-in-family,White,Female,0,0,24,United-States,<=50K
28,Private,216479,Bachelors,13,Never-married,Adm-clerical,Not-in-family,White,Female,0,0,40,United-States,<=50K
27,Private,315640,Masters,14,Never-married,Prof-specialty,Not-in-family,Asian-Pac-Islander,Male,0,0,20,China,<=50K
47,Private,299508,HS-grad,9,Divorced,Tech-support,Unmarried,Black,Female,0,0,55,United-States,<=50K
55,Private,326297,HS-grad,9,Separated,Adm-clerical,Not-in-family,White,Female,0,0,25,United-States,<=50K
51,Local-gov,152754,Bachelors,13,Married-civ-spouse,Adm-clerical,Husband,White,Male,0,0,40,United-States,>50K
42,Private,109067,Bachelors,13,Separated,Tech-support,Not-in-family,White,Male,0,0,40,United-States,<=50K
57,Self-emp-inc,37394,Bachelors,13,Married-civ-spouse,Prof-specialty,Husband,White,Male,0,0,50,United-States,>50K
57,Private,161964,HS-grad,9,Married-civ-spouse,Craft-repair,Husband,White,Male,0,0,55,United-States,<=50K
19,Private,93762,Some-college,10,Never-married,Adm-clerical,Not-in-family,White,Female,0,0,40,United-States,<=50K
63,Self-emp-not-inc,33487,7th-8th,4,Married-civ-spouse,Craft-repair,Husband,White,Male,0,0,40,United-States,<=50K
34,State-gov,227931,Some-college,10,Divorced,Adm-clerical,Not-in-family,White,Female,0,0,38,United-States,<=50K
64,Private,159715,Some-college,10,Married-civ-spouse,Craft-repair,Husband,White,Male,0,0,20,United-States,<=50K
38,Private,111128,Assoc-acdm,12,Married-civ-spouse,Exec-managerial,Husband,White,Male,0,0,40,United-States,>50K
22,Private,33087,HS-grad,9,Married-civ-spouse,Machine-op-inspct,Husband,White,Male,0,0,45,United-States,<=50K
32,Private,453983,HS-grad,9,Married-civ-spouse,Handlers-cleaners,Husband,White,Male,0,0,44,United-States,<=50K
29,State-gov,118520,HS-grad,9,Married-civ-spouse,Protective-serv,Husband,White,Male,0,0,42,United-States,<=50K
32,Local-gov,222900,Bachelors,13,Separated,Prof-specialty,Not-in-family,White,Female,0,0,50,United-States,>50K
19,Private,129151,HS-grad,9,Never-married,Craft-repair,Not-in-family,White,Female,0,0,40,United-States,<=50K
63,Private,84737,7th-8th,4,Married-civ-spouse,Other-service,Husband,Asian-Pac-Islander,Male,0,0,40,South,<=50K
35,Private,125933,Bachelors,13,Married-civ-spouse,Craft-repair,Husband,White,Male,0,0,50,United-States,>50K
35,Self-emp-not-inc,147258,Assoc-voc,11,Never-married,Farming-fishing,Own-child,White,Male,0,0,65,United-States,<=50K
35,Private,139086,HS-grad,9,Married-civ-spouse,Handlers-cleaners,Husband,White,Male,0,0,40,United-States,<=50K
34,Private,97723,Bachelors,13,Married-civ-spouse,Prof-specialty,Husband,White,Male,0,0,40,United-States,>50K
21,State-gov,204034,Some-college,10,Never-married,Other-service,Not-in-family,White,Female,0,0,16,United-States,<=50K
43,Local-gov,96102,Some-college,10,Married-civ-spouse,Protective-serv,Husband,White,Male,0,1887,40,United-States,>50K
50,Private,241648,Assoc-voc,11,Divorced,Other-service,Not-in-family,White,Female,0,0,20,United-States,<=50K
34,Private,80933,HS-grad,9,Married-civ-spouse,Craft-repair,Husband,White,Male,0,1672,40,United-States,<=50K
49,Private,278322,HS-grad,9,Married-civ-spouse,Craft-repair,Husband,White,Male,0,0,40,United-States,>50K
51,Private,103824,HS-grad,9,Never-married,Other-service,Not-in-family,Black,Male,0,0,40,Haiti,<=50K
44,Local-gov,124924,Assoc-voc,11,Never-married,Craft-repair,Not-in-family,White,Male,0,0,44,United-States,<=50K
26,Private,187652,Assoc-acdm,12,Never-married,Tech-support,Own-child,White,Male,0,0,40,United-States,<=50K
29,Private,193125,HS-grad,9,Never-married,Machine-op-inspct,Not-in-family,White,Female,0,0,40,United-States,<=50K
47,Local-gov,39986,Bachelors,13,Married-civ-spouse,Prof-specialty,Husband,White,Male,0,0,40,United-States,<=50K
47,Private,49298,HS-grad,9,Divorced,Sales,Not-in-family,White,Male,0,0,50,United-States,<=50K
37,Local-gov,80680,Bachelors,13,Divorced,Prof-specialty,Unmarried,White,Female,1151,0,35,United-States,<=50K
38,Private,272476,Bachelors,13,Married-civ-spouse,Prof-specialty,Wife,White,Female,0,0,24,United-States,>50K
55,Private,314164,Prof-school,15,Married-civ-spouse,Prof-specialty,Husband,White,Male,0,0,40,United-States,>50K
67,Self-emp-not-inc,178878,7th-8th,4,Married-civ-spouse,Farming-fishing,Husband,White,Male,0,0,12,United-States,<=50K
28,Private,239539,HS-grad,9,Married-spouse-absent,Machine-op-inspct,Own-child,Asian-Pac-Islander,Male,0,0,40,Philippines,<=50K
27,Private,87006,Some-college,10,Married-civ-spouse,Adm-clerical,Wife,White,Female,0,1579,40,United-States,<=50K
45,Private,193407,Assoc-voc,11,Divorced,Sales,Not-in-family,White,Female,0,0,44,United-States,<=50K
39,State-gov,126894,Doctorate,16,Never-married,Prof-specialty,Not-in-family,Black,Female,0,0,30,United-States,<=50K
27,Local-gov,478277,Bachelors,13,Married-civ-spouse,Prof-specialty,Husband,Black,Male,0,0,40,United-States,<=50K
25,Local-gov,112835,Masters,14,Never-married,Protective-serv,Not-in-family,White,Male,0,0,40,United-States,<=50K
42,Private,70037,Masters,14,Never-married,Prof-specialty,Not-in-family,White,Male,0,0,50,United-States,<=50K
37,Private,176073,Some-college,10,Divorced,Craft-repair,Not-in-family,White,Male,0,0,50,United-States,<=50K
53,Private,233780,Assoc-voc,11,Divorced,Adm-clerical,Not-in-family,Black,Female,2202,0,40,United-States,<=50K
32,Private,390997,1st-4th,2,Never-married,Farming-fishing,Not-in-family,Other,Male,0,0,50,Mexico,<=50K
37,Private,70240,HS-grad,9,Never-married,Other-service,Own-child,Asian-Pac-Islander,Female,0,0,40,Philippines,<=50K
21,Private,43535,Some-college,10,Never-married,Sales,Not-in-family,White,Female,0,0,40,United-States,<=50K
25,Private,254746,Bachelors,13,Married-civ-spouse,Prof-specialty,Wife,White,Female,0,0,40,United-States,<=50K
26,Private,201481,Bachelors,13,Never-married,Exec-managerial,Not-in-family,White,Female,0,0,40,United-States,<=50K
40,Private,119493,Some-college,10,Never-married,Exec-managerial,Own-child,White,Female,0,0,40,United-States,<=50K
41,Federal-gov,56236,HS-grad,9,Divorced,Protective-serv,Unmarried,Black,Male,1506,0,40,United-States,<=50K
41,Private,198425,Some-college,10,Married-civ-spouse,Craft-repair,Husband,White,Male,0,0,45,United-States,<=50K
32,Private,50753,HS-grad,9,Married-civ-spouse,Transport-moving,Husband,White,Male,0,0,40,United-States,<=50K
43,Private,212894,Some-college,10,Married-civ-spouse,Craft-repair,Husband,White,Male,0,0,40,United-States,<=50K
46,Local-gov,236827,9th,5,Separated,Other-service,Unmarried,Black,Female,0,0,40,United-States,<=50K
26,Private,240842,HS-grad,9,Never-married,Machine-op-inspct,Unmarried,Black,Female,0,0,40,United-States,<=50K
50,Private,548361,Bachelors,13,Married-civ-spouse,Tech-support,Husband,White,Male,0,0,20,United-States,>50K
27,Private,114967,Bachelors,13,Never-married,Tech-support,Not-in-family,White,Male,0,0,40,United-States,<=50K
24,Local-gov,201664,Some-college,10,Never-married,Protective-serv,Own-child,White,Male,0,0,40,United-States,<=50K
52,Private,35576,HS-grad,9,Widowed,Craft-repair,Not-in-family,White,Male,0,0,40,United-States,<=50K
26,Federal-gov,56419,Prof-school,15,Never-married,Prof-specialty,Not-in-family,Asian-Pac-Islander,Female,0,0,20,South,<=50K
19,Private,222866,10th,6,Never-married,Farming-fishing,Other-relative,White,Male,0,0,40,United-States,<=50K
55,Private,223127,9th,5,Married-civ-spouse,Farming-fishing,Husband,White,Male,0,0,40,United-States,<=50K
36,Private,151835,HS-grad,9,Married-civ-spouse,Other-service,Husband,White,Male,0,0,60,United-States,>50K
31,Private,157887,Some-college,10,Married-civ-spouse,Exec-managerial,Husband,White,Male,0,0,65,United-States,>50K
23,Local-gov,197918,Some-college,10,Never-married,Protective-serv,Own-child,White,Male,0,0,40,United-States,>50K
31,Private,97933,Some-college,10,Never-married,Adm-clerical,Not-in-family,White,Female,0,0,40,United-States,<=50K
27,State-gov,208406,Bachelors,13,Never-married,Prof-specialty,Not-in-family,White,Male,0,0,30,United-States,<=50K
31,Private,241360,Bachelors,13,Never-married,Sales,Not-in-family,White,Male,0,0,40,United-States,<=50K
41,Private,67065,Assoc-voc,11,Married-civ-spouse,Sales,Husband,White,Male,0,0,40,United-States,<=50K
40,Private,243580,Bachelors,13,Married-civ-spouse,Exec-managerial,Husband,White,Male,0,0,44,United-States,>50K
61,Self-emp-not-inc,127198,HS-grad,9,Married-civ-spouse,Craft-repair,Husband,White,Male,0,0,40,Germany,<=50K
25,Private,113654,HS-grad,9,Separated,Exec-managerial,Unmarried,White,Female,0,0,37,United-States,<=50K
29,Private,251905,Assoc-acdm,12,Married-civ-spouse,Craft-repair,Husband,White,Male,0,0,45,United-States,<=50K
31,Federal-gov,158847,Assoc-acdm,12,Never-married,Adm-clerical,Own-child,Black,Female,0,0,40,United-States,<=50K
39,Private,156261,Some-college,10,Divorced,Adm-clerical,Unmarried,White,Female,0,0,38,United-States,<=50K
29,Private,270379,HS-grad,9,Never-married,Exec-managerial,Unmarried,Black,Female,0,0,40,United-States,<=50K
24,Local-gov,252024,Some-college,10,Married-civ-spouse,Protective-serv,Husband,White,Male,0,0,72,United-States,>50K
33,Private,218407,Bachelors,13,Married-civ-spouse,Sales,Husband,White,Male,0,0,80,Columbia,>50K
23,Private,23037,12th,8,Never-married,Handlers-cleaners,Own-child,Amer-Indian-Eskimo,Male,0,0,40,United-States,<=50K
39,Self-emp-not-inc,65716,Assoc-acdm,12,Married-civ-spouse,Adm-clerical,Wife,White,Female,0,0,40,United-States,>50K
24,Private,346909,HS-grad,9,Married-civ-spouse,Craft-repair,Husband,White,Male,0,0,44,Mexico,<=50K
31,Self-emp-not-inc,132705,HS-grad,9,Married-civ-spouse,Craft-repair,Husband,White,Male,0,0,50,United-States,<=50K
37,Self-emp-not-inc,258037,HS-grad,9,Married-civ-spouse,Transport-moving,Husband,White,Male,0,0,45,Cuba,>50K
32,Private,207937,Some-college,10,Never-married,Craft-repair,Not-in-family,White,Male,0,0,40,United-States,<=50K
55,Private,76860,HS-grad,9,Married-civ-spouse,Other-service,Other-relative,Asian-Pac-Islander,Male,0,0,40,Philippines,<=50K
24,Private,102258,Bachelors,13,Married-civ-spouse,Sales,Husband,White,Male,0,0,40,United-States,<=50K
33,Private,178463,HS-grad,9,Married-civ-spouse,Craft-repair,Husband,White,Male,0,0,40,United-States,<=50K
76,Private,82628,7th-8th,4,Married-civ-spouse,Other-service,Husband,White,Male,0,0,45,United-States,<=50K
36,Private,109133,Some-college,10,Never-married,Exec-managerial,Not-in-family,White,Male,0,0,40,United-States,<=50K
45,Private,116360,HS-grad,9,Divorced,Other-service,Not-in-family,Black,Female,0,0,35,United-States,<=50K
45,Private,281574,Some-college,10,Never-married,Exec-managerial,Not-in-family,White,Female,6849,0,43,United-States,<=50K
38,Private,240467,Masters,14,Never-married,Exec-managerial,Unmarried,Black,Female,0,0,35,United-States,<=50K
25,Local-gov,244408,Bachelors,13,Never-married,Tech-support,Unmarried,Asian-Pac-Islander,Female,0,0,40,Vietnam,<=50K
73,Private,179001,HS-grad,9,Widowed,Sales,Not-in-family,White,Female,0,0,7,United-States,<=50K
65,Private,255386,HS-grad,9,Never-married,Craft-repair,Other-relative,Asian-Pac-Islander,Male,0,0,40,Cambodia,<=50K
55,Private,123436,Assoc-voc,11,Married-civ-spouse,Prof-specialty,Husband,White,Male,0,0,40,United-States,>50K
43,Self-emp-not-inc,174090,HS-grad,9,Married-civ-spouse,Adm-clerical,Wife,White,Female,0,0,20,United-States,>50K
42,State-gov,24264,Some-college,10,Divorced,Transport-moving,Unmarried,White,Male,0,0,38,United-States,<=50K
31,Local-gov,128016,Bachelors,13,Never-married,Sales,Own-child,White,Female,0,0,40,United-States,<=50K
24,Private,23438,Assoc-voc,11,Never-married,Adm-clerical,Not-in-family,White,Male,0,0,30,United-States,>50K
32,Private,210926,HS-grad,9,Divorced,Adm-clerical,Not-in-family,White,Female,0,0,38,United-States,>50K
43,Private,144778,HS-grad,9,Married-civ-spouse,Exec-managerial,Husband,White,Male,0,0,50,United-States,>50K
36,Local-gov,298717,HS-grad,9,Married-civ-spouse,Exec-managerial,Husband,White,Male,0,0,40,United-States,<=50K
57,Private,278763,Assoc-voc,11,Married-spouse-absent,Exec-managerial,Not-in-family,White,Female,0,0,47,United-States,<=50K
49,Self-emp-not-inc,219718,Bachelors,13,Married-civ-spouse,Sales,Husband,White,Male,15024,0,40,United-States,>50K
49,Federal-gov,276309,Some-college,10,Divorced,Exec-managerial,Not-in-family,White,Male,0,0,40,United-States,<=50K
23,Private,161478,Some-college,10,Never-married,Sales,Own-child,Asian-Pac-Islander,Female,0,0,40,United-States,<=50K
23,Local-gov,258120,Some-college,10,Married-civ-spouse,Protective-serv,Husband,White,Male,0,0,40,United-States,<=50K
77,Self-emp-not-inc,72931,7th-8th,4,Married-spouse-absent,Adm-clerical,Not-in-family,White,Male,0,0,20,Italy,>50K
29,Private,233421,Bachelors,13,Married-civ-spouse,Craft-repair,Husband,White,Male,3411,0,45,United-States,<=50K
44,State-gov,208163,Assoc-voc,11,Separated,Protective-serv,Unmarried,White,Male,0,0,40,United-States,<=50K
38,Private,65624,HS-grad,9,Divorced,Exec-managerial,Not-in-family,White,Male,0,0,40,United-States,<=50K
36,Private,160035,HS-grad,9,Married-civ-spouse,Craft-repair,Husband,White,Male,3908,0,55,United-States,<=50K
39,State-gov,252662,Doctorate,16,Never-married,Prof-specialty,Not-in-family,White,Male,0,2824,50,United-States,>50K
49,Private,240629,HS-grad,9,Never-married,Other-service,Not-in-family,White,Male,0,0,38,United-States,<=50K
34,Private,201122,Some-college,10,Married-civ-spouse,Craft-repair,Husband,White,Male,0,0,48,United-States,>50K
24,Private,190290,Assoc-voc,11,Married-civ-spouse,Craft-repair,Husband,White,Male,0,0,45,United-States,<=50K
36,Private,154669,Bachelors,13,Never-married,Exec-managerial,Own-child,White,Male,0,0,55,United-States,<=50K
32,Private,106742,HS-grad,9,Married-civ-spouse,Transport-moving,Husband,White,Male,0,0,40,United-States,<=50K
26,Private,557236,HS-grad,9,Never-married,Transport-moving,Not-in-family,White,Male,0,0,40,United-States,<=50K
45,Private,270842,Masters,14,Divorced,Exec-managerial,Not-in-family,White,Female,0,0,50,United-States,>50K
47,Private,332465,Some-college,10,Divorced,Transport-moving,Unmarried,White,Male,0,0,40,United-States,<=50K
40,Private,168294,HS-grad,9,Married-civ-spouse,Craft-repair,Husband,White,Male,0,0,40,United-States,<=50K
30,Private,137991,Assoc-voc,11,Never-married,Other-service,Not-in-family,White,Female,0,0,41,United-States,<=50K
31,Private,50178,Some-college,10,Married-civ-spouse,Machine-op-inspct,Husband,White,Male,0,0,40,United-States,<=50K
38,Private,241153,Masters,14,Married-civ-spouse,Exec-managerial,Husband,White,Male,0,0,48,United-States,>50K
42,Private,334783,HS-grad,9,Married-civ-spouse,Prof-specialty,Wife,White,Female,0,0,40,United-States,<=50K
36,Local-gov,241998,Bachelors,13,Married-civ-spouse,Prof-specialty,Husband,White,Male,0,1672,50,United-States,<=50K
31,Self-emp-inc,203488,Bachelors,13,Married-civ-spouse,Exec-managerial,Husband,White,Male,0,0,50,United-States,>50K
36,State-gov,180752,Bachelors,13,Never-married,Protective-serv,Unmarried,Black,Female,0,0,40,United-States,<=50K
44,Self-emp-not-inc,103111,Prof-school,15,Married-civ-spouse,Prof-specialty,Husband,White,Male,0,0,60,United-States,>50K
76,Self-emp-not-inc,413699,7th-8th,4,Married-civ-spouse,Farming-fishing,Husband,White,Male,0,0,28,United-States,<=50K
35,Private,30529,HS-grad,9,Never-married,Adm-clerical,Not-in-family,White,Male,0,0,40,United-States,<=50K
26,Private,179569,Some-college,10,Never-married,Adm-clerical,Not-in-family,White,Female,0,0,40,United-States,<=50K
28,Private,319768,Masters,14,Married-civ-spouse,Sales,Husband,White,Male,0,0,45,France,>50K
53,Private,133436,7th-8th,4,Divorced,Machine-op-inspct,Not-in-family,White,Female,0,0,40,United-States,<=50K
28,Private,179191,HS-grad,9,Married-civ-spouse,Craft-repair,Husband,White,Male,0,0,35,United-States,<=50K
43,Private,83411,Some-college,10,Married-civ-spouse,Sales,Husband,White,Male,0,0,50,United-States,>50K
32,Self-emp-not-inc,106014,Some-college,10,Never-married,Other-service,Not-in-family,White,Male,0,0,50,United-States,<=50K
43,Private,253759,HS-grad,9,Divorced,Adm-clerical,Unmarried,Black,Female,0,0,45,United-States,<=50K
52,Private,111700,Some-college,10,Divorced,Sales,Other-relative,White,Female,0,0,20,United-States,>50K
45,Local-gov,86644,Bachelors,13,Married-civ-spouse,Prof-specialty,Wife,White,Female,0,0,55,United-States,<=50K
43,Private,169383,Bachelors,13,Married-civ-spouse,Exec-managerial,Husband,White,Male,0,0,45,United-States,>50K
22,Private,171419,Assoc-voc,11,Never-married,Exec-managerial,Unmarried,Asian-Pac-Islander,Male,0,0,40,South,<=50K
17,Private,211870,9th,5,Never-married,Other-service,Not-in-family,White,Male,0,0,6,United-States,<=50K
32,Private,29312,HS-grad,9,Married-civ-spouse,Transport-moving,Husband,White,Male,0,0,40,United-States,<=50K
22,Private,234731,HS-grad,9,Divorced,Handlers-cleaners,Own-child,White,Male,0,0,40,United-States,<=50K
28,Private,129460,Assoc-voc,11,Married-civ-spouse,Handlers-cleaners,Wife,White,Female,0,0,30,Ecuador,<=50K
30,Private,318749,Assoc-voc,11,Married-civ-spouse,Tech-support,Wife,White,Female,0,0,35,Germany,<=50K
49,Private,78529,Bachelors,13,Married-civ-spouse,Sales,Husband,White,Male,0,0,60,United-States,<=50K
45,Local-gov,93663,Some-college,10,Divorced,Adm-clerical,Unmarried,White,Female,0,0,35,United-States,<=50K
17,Private,27032,10th,6,Never-married,Sales,Own-child,White,Female,0,0,12,United-States,<=50K
41,Private,33331,HS-grad,9,Married-civ-spouse,Craft-repair,Husband,White,Male,0,0,45,United-States,<=50K
36,Private,108103,HS-grad,9,Married-civ-spouse,Other-service,Husband,White,Male,0,0,50,United-States,<=50K
51,Private,120270,Assoc-voc,11,Married-civ-spouse,Sales,Husband,White,Male,0,0,40,United-States,>50K
44,State-gov,351228,HS-grad,9,Married-civ-spouse,Adm-clerical,Husband,White,Male,0,0,40,United-States,<=50K
60,Self-emp-inc,75257,HS-grad,9,Married-civ-spouse,Craft-repair,Wife,White,Female,0,0,40,United-States,<=50K
26,Federal-gov,345157,HS-grad,9,Never-married,Adm-clerical,Own-child,White,Male,0,0,40,United-States,<=50K
39,Private,165799,HS-grad,9,Married-civ-spouse,Exec-managerial,Husband,White,Male,0,0,40,United-States,<=50K
62,Self-emp-not-inc,142139,HS-grad,9,Married-civ-spouse,Transport-moving,Husband,White,Male,0,0,30,United-States,<=50K
36,Private,126569,HS-grad,9,Married-civ-spouse,Prof-specialty,Husband,White,Male,0,0,45,Ecuador,>50K
64,State-gov,186376,Bachelors,13,Married-civ-spouse,Prof-specialty,Husband,White,Male,5178,0,40,United-States,>50K
46,Private,155659,Some-college,10,Married-civ-spouse,Craft-repair,Husband,White,Male,15024,0,45,United-States,>50K
44,Self-emp-inc,144778,Some-college,10,Married-civ-spouse,Exec-managerial,Husband,White,Male,0,0,50,United-States,>50K
34,Private,159322,Bachelors,13,Married-civ-spouse,Exec-managerial,Husband,White,Male,0,0,50,United-States,>50K
55,Private,160303,HS-grad,9,Widowed,Adm-clerical,Other-relative,White,Female,0,0,40,United-States,<=50K
33,Private,342730,Some-college,10,Married-civ-spouse,Sales,Husband,White,Male,0,0,52,United-States,<=50K
34,Self-emp-not-inc,312197,HS-grad,9,Married-civ-spouse,Transport-moving,Husband,White,Male,0,0,75,Mexico,>50K
32,Private,258406,Bachelors,13,Married-civ-spouse,Prof-specialty,Husband,White,Male,0,0,40,Mexico,<=50K
27,Local-gov,47284,HS-grad,9,Never-married,Protective-serv,Not-in-family,Black,Male,0,0,40,United-States,<=50K
31,Private,105479,Bachelors,13,Married-civ-spouse,Sales,Husband,White,Male,0,0,50,United-States,>50K
24,Local-gov,115222,Masters,14,Never-married,Prof-specialty,Not-in-family,White,Male,10520,0,40,United-States,>50K
24,Private,168997,Some-college,10,Married-civ-spouse,Craft-repair,Husband,White,Male,0,0,40,United-States,<=50K
30,Private,163003,Bachelors,13,Never-married,Exec-managerial,Own-child,Asian-Pac-Islander,Female,0,0,52,Taiwan,<=50K
54,Private,141707,Masters,14,Married-civ-spouse,Prof-specialty,Husband,Black,Male,0,0,40,United-States,>50K
49,Private,224393,Bachelors,13,Married-civ-spouse,Exec-managerial,Husband,White,Male,0,0,55,United-States,>50K
40,Private,111483,Bachelors,13,Married-civ-spouse,Exec-managerial,Husband,White,Male,7298,0,40,United-States,>50K
42,Private,36999,Some-college,10,Divorced,Craft-repair,Not-in-family,White,Male,3325,0,40,United-States,<=50K
48,Federal-gov,156410,HS-grad,9,Married-civ-spouse,Adm-clerical,Husband,Black,Male,0,0,50,United-States,>50K
24,Private,198349,11th,7,Never-married,Sales,Own-child,White,Female,0,0,30,United-States,<=50K
64,Private,292639,Some-college,10,Married-civ-spouse,Exec-managerial,Wife,White,Female,10566,0,35,United-States,<=50K
24,Private,206891,HS-grad,9,Never-married,Adm-clerical,Not-in-family,White,Female,0,0,40,United-States,<=50K
33,Local-gov,342458,Assoc-acdm,12,Divorced,Protective-serv,Not-in-family,White,Male,0,0,56,United-States,<=50K
32,Private,117369,HS-grad,9,Never-married,Other-service,Not-in-family,White,Male,0,0,48,United-States,<=50K
27,State-gov,280618,Masters,14,Never-married,Prof-specialty,Not-in-family,White,Male,0,0,40,United-States,<=50K
54,Private,283725,Masters,14,Divorced,Sales,Not-in-family,White,Female,0,0,40,United-States,<=50K
29,Private,180758,Masters,14,Never-married,Prof-specialty,Not-in-family,White,Male,0,0,40,United-States,<=50K
24,Private,194891,Assoc-voc,11,Never-married,Exec-managerial,Not-in-family,White,Female,0,0,40,United-States,<=50K
30,Private,348618,9th,5,Married-civ-spouse,Craft-repair,Husband,Other,Male,0,0,40,Mexico,<=50K
26,Private,121427,Bachelors,13,Never-married,Exec-managerial,Own-child,White,Female,0,0,40,United-States,<=50K
46,Private,358886,HS-grad,9,Married-civ-spouse,Machine-op-inspct,Husband,White,Male,0,0,40,United-States,<=50K
28,Private,218887,HS-grad,9,Never-married,Farming-fishing,Unmarried,White,Female,0,0,35,United-States,<=50K
45,Local-gov,192684,Some-college,10,Divorced,Adm-clerical,Unmarried,Black,Female,0,0,38,United-States,<=50K
26,Private,211424,Some-college,10,Married-civ-spouse,Handlers-cleaners,Husband,White,Male,0,0,40,United-States,>50K
22,Private,615367,Bachelors,13,Never-married,Sales,Not-in-family,White,Female,0,0,60,United-States,<=50K
46,Self-emp-not-inc,102388,Assoc-acdm,12,Married-civ-spouse,Exec-managerial,Husband,White,Male,0,0,60,United-States,<=50K
27,Private,423250,Some-college,10,Married-civ-spouse,Exec-managerial,Husband,White,Male,0,0,60,United-States,<=50K
30,Private,425528,HS-grad,9,Never-married,Protective-serv,Own-child,White,Male,0,0,70,United-States,<=50K
46,Private,145636,HS-grad,9,Married-civ-spouse,Exec-managerial,Husband,White,Male,3103,0,50,United-States,>50K
36,Private,306361,HS-grad,9,Never-married,Other-service,Unmarried,Black,Male,0,0,40,United-States,<=50K
25,Local-gov,262818,Bachelors,13,Never-married,Prof-specialty,Own-child,White,Male,0,0,35,Guatemala,<=50K
49,State-gov,70209,Doctorate,16,Divorced,Prof-specialty,Not-in-family,White,Female,14084,0,60,United-States,>50K
32,Local-gov,296466,Masters,14,Never-married,Prof-specialty,Not-in-family,White,Male,0,0,60,United-States,<=50K
56,Self-emp-inc,220896,HS-grad,9,Married-civ-spouse,Exec-managerial,Husband,White,Male,0,0,40,United-States,>50K
53,Local-gov,287192,1st-4th,2,Married-civ-spouse,Other-service,Husband,White,Male,0,0,32,Mexico,<=50K
22,Private,228465,HS-grad,9,Married-civ-spouse,Transport-moving,Husband,Black,Male,0,0,40,United-States,<=50K
46,Private,153501,HS-grad,9,Never-married,Transport-moving,Not-in-family,Amer-Indian-Eskimo,Male,0,0,40,United-States,<=50K
37,Local-gov,174924,Some-college,10,Divorced,Protective-serv,Unmarried,White,Male,0,0,48,Germany,<=50K
66,Self-emp-not-inc,291362,Prof-school,15,Married-civ-spouse,Prof-specialty,Husband,White,Male,0,0,50,United-States,<=50K
60,Private,85815,HS-grad,9,Married-civ-spouse,Craft-repair,Husband,Asian-Pac-Islander,Male,0,0,40,United-States,<=50K
20,Private,203914,12th,8,Never-married,Other-service,Own-child,White,Female,0,0,25,United-States,<=50K
62,State-gov,33142,Masters,14,Married-civ-spouse,Prof-specialty,Husband,White,Male,0,0,60,United-States,>50K
35,Private,177102,HS-grad,9,Divorced,Handlers-cleaners,Unmarried,White,Female,0,0,40,United-States,<=50K
24,Private,33016,Some-college,10,Never-married,Craft-repair,Own-child,White,Male,0,0,40,United-States,<=50K
22,Private,150175,Some-college,10,Never-married,Adm-clerical,Own-child,White,Female,0,0,20,United-States,<=50K
21,Private,341368,HS-grad,9,Divorced,Craft-repair,Not-in-family,White,Male,0,0,20,United-States,<=50K
26,Private,158846,HS-grad,9,Married-civ-spouse,Machine-op-inspct,Husband,White,Male,0,0,45,United-States,<=50K
45,Private,186473,HS-grad,9,Divorced,Adm-clerical,Unmarried,White,Female,0,0,40,United-States,<=50K
23,Local-gov,247731,HS-grad,9,Divorced,Adm-clerical,Own-child,White,Female,0,0,40,Cuba,<=50K
39,Private,1455435,Assoc-acdm,12,Separated,Craft-repair,Not-in-family,White,Male,0,0,40,United-States,<=50K
57,Local-gov,237546,Masters,14,Married-civ-spouse,Exec-managerial,Husband,White,Male,0,0,60,United-States,>50K
23,Private,150683,Some-college,10,Never-married,Exec-managerial,Own-child,White,Male,0,0,40,United-States,<=50K
41,Private,109969,Some-college,10,Divorced,Adm-clerical,Unmarried,White,Female,0,0,40,United-States,<=50K
45,Private,255348,Some-college,10,Divorced,Exec-managerial,Not-in-family,White,Female,0,0,40,United-States,<=50K
63,Self-emp-not-inc,196994,Bachelors,13,Married-civ-spouse,Sales,Husband,White,Male,0,0,15,United-States,<=50K
59,Private,176118,Masters,14,Married-civ-spouse,Prof-specialty,Husband,White,Male,0,0,7,United-States,>50K
28,Federal-gov,214858,HS-grad,9,Never-married,Machine-op-inspct,Own-child,White,Male,0,0,48,United-States,<=50K
20,Private,169600,Some-college,10,Never-married,Prof-specialty,Own-child,White,Female,2176,0,12,United-States,<=50K
39,Private,105813,HS-grad,9,Married-civ-spouse,Craft-repair,Husband,White,Male,3908,0,72,United-States,<=50K
51,Self-emp-not-inc,246820,HS-grad,9,Married-civ-spouse,Craft-repair,Husband,White,Male,7298,0,48,United-States,>50K
43,State-gov,23157,HS-grad,9,Never-married,Transport-moving,Not-in-family,White,Male,0,0,60,United-States,<=50K
41,Private,141642,HS-grad,9,Never-married,Other-service,Not-in-family,White,Female,0,0,40,United-States,<=50K
54,Private,188136,Bachelors,13,Divorced,Sales,Not-in-family,White,Female,0,1408,38,United-States,<=50K
63,Private,149756,10th,6,Married-civ-spouse,Craft-repair,Husband,White,Male,0,1740,40,United-States,<=50K
32,Private,117444,Bachelors,13,Never-married,Exec-managerial,Not-in-family,White,Male,0,0,50,United-States,<=50K
19,Private,125591,Some-college,10,Never-married,Other-service,Own-child,White,Female,0,0,40,United-States,<=50K
41,State-gov,114537,HS-grad,9,Separated,Handlers-cleaners,Unmarried,White,Male,0,0,40,United-States,<=50K
58,Private,85767,Some-college,10,Married-civ-spouse,Sales,Husband,White,Male,0,0,48,United-States,<=50K
44,Self-emp-inc,56651,Some-college,10,Married-civ-spouse,Exec-managerial,Husband,White,Male,7688,0,45,United-States,>50K
28,Private,212563,Some-college,10,Divorced,Machine-op-inspct,Unmarried,Black,Female,0,0,25,United-States,<=50K
21,Private,248512,Some-college,10,Never-married,Adm-clerical,Own-child,White,Female,0,0,40,United-States,<=50K
55,Local-gov,85001,Masters,14,Married-spouse-absent,Prof-specialty,Not-in-family,White,Female,0,0,38,United-States,<=50K
48,Private,332884,Assoc-acdm,12,Divorced,Craft-repair,Not-in-family,White,Male,0,0,40,United-States,<=50K
19,Private,157605,HS-grad,9,Divorced,Other-service,Not-in-family,White,Female,0,0,40,United-States,<=50K
23,Private,73514,HS-grad,9,Never-married,Adm-clerical,Own-child,Asian-Pac-Islander,Female,0,0,40,Vietnam,<=50K
27,Private,144808,Some-college,10,Never-married,Adm-clerical,Own-child,Black,Female,0,0,40,United-States,<=50K
62,Federal-gov,209433,HS-grad,9,Married-civ-spouse,Adm-clerical,Husband,Black,Male,0,0,40,United-States,<=50K
26,Private,341353,Bachelors,13,Never-married,Other-service,Other-relative,White,Male,0,0,15,United-States,<=50K
32,Private,262153,HS-grad,9,Divorced,Craft-repair,Unmarried,White,Male,0,0,35,United-States,<=50K
20,Private,352139,Some-college,10,Divorced,Other-service,Own-child,White,Female,0,0,29,United-States,<=50K
20,Private,58222,Some-college,10,Never-married,Handlers-cleaners,Own-child,White,Male,0,0,20,United-States,<=50K
39,Local-gov,282461,Assoc-voc,11,Married-civ-spouse,Protective-serv,Husband,White,Male,0,0,40,United-States,>50K
29,Private,58522,HS-grad,9,Married-civ-spouse,Craft-repair,Husband,White,Male,0,0,40,United-States,<=50K
29,Private,52199,HS-grad,9,Married-spouse-absent,Protective-serv,Not-in-family,White,Male,0,0,40,United-States,<=50K
30,Private,207301,Bachelors,13,Never-married,Sales,Not-in-family,White,Female,0,0,50,United-States,<=50K
34,Private,394447,Bachelors,13,Never-married,Prof-specialty,Not-in-family,White,Male,2463,0,50,France,<=50K
21,Private,223811,Assoc-voc,11,Never-married,Exec-managerial,Own-child,White,Male,0,0,40,United-States,<=50K
39,Private,67433,HS-grad,9,Divorced,Adm-clerical,Unmarried,White,Female,0,0,40,United-States,<=50K
22,Private,61850,Masters,14,Never-married,Sales,Other-relative,White,Female,0,0,21,United-States,<=50K
33,Private,256362,Some-college,10,Never-married,Other-service,Not-in-family,White,Male,0,0,35,United-States,<=50K
65,Local-gov,24824,HS-grad,9,Married-civ-spouse,Craft-repair,Husband,White,Male,0,0,40,United-States,<=50K
34,Private,174789,HS-grad,9,Married-civ-spouse,Sales,Husband,White,Male,0,0,45,United-States,>50K
56,Self-emp-not-inc,356067,Masters,14,Never-married,Sales,Not-in-family,White,Male,0,0,16,United-States,<=50K
46,Private,114032,Some-college,10,Married-civ-spouse,Tech-support,Husband,White,Male,0,1887,45,United-States,>50K
58,Self-emp-not-inc,310014,Bachelors,13,Married-civ-spouse,Farming-fishing,Husband,White,Male,0,0,25,United-States,<=50K
28,Private,199566,Bachelors,13,Married-civ-spouse,Other-service,Husband,Black,Male,0,0,40,United-States,<=50K
59,Private,103948,HS-grad,9,Married-civ-spouse,Handlers-cleaners,Husband,White,Male,0,0,40,United-States,<=50K
46,Private,353824,Assoc-acdm,12,Never-married,Adm-clerical,Not-in-family,White,Male,0,0,40,United-States,<=50K
19,Self-emp-inc,150384,HS-grad,9,Never-married,Exec-managerial,Own-child,White,Male,0,0,40,United-States,<=50K
47,Private,341471,HS-grad,9,Divorced,Priv-house-serv,Not-in-family,White,Female,0,0,4,United-States,<=50K
75,Self-emp-not-inc,231741,Doctorate,16,Married-civ-spouse,Prof-specialty,Husband,White,Male,4931,0,3,United-States,<=50K
41,Private,22201,Bachelors,13,Married-civ-spouse,Exec-managerial,Husband,Asian-Pac-Islander,Male,0,0,40,Japan,>50K
47,Private,456661,7th-8th,4,Married-civ-spouse,Craft-repair,Husband,White,Male,0,0,40,Mexico,<=50K
56,Private,181220,Bachelors,13,Married-civ-spouse,Sales,Husband,White,Male,0,0,40,United-States,>50K
47,Private,159726,HS-grad,9,Married-civ-spouse,Transport-moving,Husband,White,Male,0,0,85,United-States,>50K
33,Private,268451,Some-college,10,Divorced,Exec-managerial,Unmarried,White,Female,0,0,40,United-States,<=50K
23,Private,122244,Some-college,10,Never-married,Tech-support,Own-child,White,Female,0,0,40,United-States,<=50K
27,Private,176972,Assoc-voc,11,Never-married,Craft-repair,Not-in-family,White,Male,0,0,40,United-States,<=50K
77,Private,235775,HS-grad,9,Married-civ-spouse,Other-service,Husband,White,Male,0,0,25,Cuba,<=50K
24,Private,190015,HS-grad,9,Never-married,Sales,Own-child,White,Male,0,0,40,United-States,<=50K
47,Private,169092,Masters,14,Divorced,Prof-specialty,Unmarried,White,Female,0,0,50,United-States,>50K
29,Private,194458,Bachelors,13,Never-married,Adm-clerical,Not-in-family,White,Male,0,0,40,United-States,<=50K
27,Private,110663,HS-grad,9,Married-civ-spouse,Sales,Husband,White,Male,0,0,50,United-States,<=50K
18,Private,168288,HS-grad,9,Never-married,Handlers-cleaners,Own-child,White,Male,0,0,40,United-States,<=50K
59,Private,264357,10th,6,Married-civ-spouse,Transport-moving,Husband,White,Male,0,0,50,United-States,<=50K
52,Self-emp-inc,81436,Prof-school,15,Married-civ-spouse,Sales,Husband,White,Male,0,0,40,United-States,>50K
60,Private,56248,Some-college,10,Married-civ-spouse,Sales,Husband,White,Male,0,0,40,United-States,<=50K
46,Private,369538,10th,6,Married-civ-spouse,Transport-moving,Husband,White,Male,0,0,40,United-States,>50K
59,Private,135617,11th,7,Married-civ-spouse,Craft-repair,Husband,White,Male,0,0,40,United-States,<=50K
43,Private,118308,Bachelors,13,Married-civ-spouse,Prof-specialty,Husband,White,Male,0,1977,50,United-States,>50K
38,Private,478346,HS-grad,9,Married-civ-spouse,Exec-managerial,Wife,White,Female,7688,0,40,United-States,>50K
59,Local-gov,176118,Masters,14,Divorced,Prof-specialty,Not-in-family,White,Male,0,0,40,United-States,>50K
46,Local-gov,117310,Bachelors,13,Married-civ-spouse,Prof-specialty,Wife,White,Female,0,0,21,United-States,>50K
56,Private,250517,Assoc-voc,11,Married-civ-spouse,Craft-repair,Husband,White,Male,0,0,45,United-States,<=50K
40,Private,323790,Some-college,10,Married-civ-spouse,Other-service,Husband,White,Male,0,0,40,United-States,<=50K
22,Private,222993,HS-grad,9,Never-married,Prof-specialty,Own-child,White,Male,0,0,54,United-States,<=50K
45,Private,275517,HS-grad,9,Divorced,Craft-repair,Unmarried,White,Female,0,0,40,United-States,<=50K
31,Private,131568,7th-8th,4,Divorced,Transport-moving,Unmarried,White,Male,0,0,20,United-States,<=50K
82,Self-emp-not-inc,71438,HS-grad,9,Married-civ-spouse,Farming-fishing,Husband,White,Male,0,0,20,United-States,<=50K
48,Local-gov,186172,Assoc-acdm,12,Married-civ-spouse,Protective-serv,Husband,White,Male,0,0,40,United-States,>50K
19,Private,192453,Some-college,10,Never-married,Other-service,Other-relative,White,Female,0,0,25,United-States,<=50K
29,Local-gov,82393,HS-grad,9,Never-married,Handlers-cleaners,Unmarried,Asian-Pac-Islander,Male,0,1590,45,United-States,<=50K
27,Private,153475,Bachelors,13,Never-married,Sales,Not-in-family,White,Female,0,0,40,United-States,<=50K
41,Private,304605,HS-grad,9,Married-civ-spouse,Craft-repair,Husband,White,Male,0,0,40,Canada,>50K
37,Private,342480,Bachelors,13,Married-civ-spouse,Exec-managerial,Husband,Black,Male,0,0,40,United-States,>50K
25,Private,36984,Bachelors,13,Never-married,Prof-specialty,Not-in-family,White,Female,0,0,50,United-States,<=50K
34,Self-emp-not-inc,198664,Bachelors,13,Married-civ-spouse,Craft-repair,Husband,Asian-Pac-Islander,Male,15024,0,70,South,>50K
41,State-gov,293485,Some-college,10,Married-civ-spouse,Adm-clerical,Wife,White,Female,3103,0,40,United-States,>50K
49,Self-emp-inc,30751,Assoc-voc,11,Divorced,Exec-managerial,Not-in-family,White,Male,0,0,60,United-States,<=50K
57,Private,121821,1st-4th,2,Married-civ-spouse,Other-service,Husband,Other,Male,0,0,40,Dominican-Republic,<=50K
33,Private,391114,HS-grad,9,Never-married,Handlers-cleaners,Own-child,White,Male,0,0,40,United-States,<=50K
29,Local-gov,190525,Bachelors,13,Married-civ-spouse,Prof-specialty,Husband,White,Male,0,1848,60,Germany,>50K
42,Private,122215,HS-grad,9,Widowed,Prof-specialty,Not-in-family,White,Male,0,0,40,United-States,>50K
51,Private,183390,HS-grad,9,Married-civ-spouse,Transport-moving,Husband,White,Male,0,0,40,United-States,<=50K
46,Private,411037,10th,6,Divorced,Sales,Unmarried,White,Female,0,0,35,United-States,<=50K
45,Local-gov,257855,11th,7,Married-civ-spouse,Other-service,Husband,Black,Male,0,0,50,United-States,<=50K
54,Self-emp-inc,129432,Bachelors,13,Married-civ-spouse,Exec-managerial,Husband,White,Male,15024,0,40,United-States,>50K
27,Private,168827,HS-grad,9,Married-civ-spouse,Machine-op-inspct,Husband,White,Male,0,0,40,United-States,<=50K
30,Private,110643,Masters,14,Married-civ-spouse,Adm-clerical,Husband,White,Male,4386,0,40,United-States,>50K
29,Private,179768,Some-college,10,Married-civ-spouse,Craft-repair,Husband,White,Male,0,0,50,United-States,<=50K
50,Private,185354,Masters,14,Divorced,Exec-managerial,Not-in-family,White,Female,0,0,35,United-States,<=50K
43,Private,244172,HS-grad,9,Separated,Transport-moving,Unmarried,White,Male,0,0,40,Mexico,<=50K
45,Self-emp-inc,197332,Some-college,10,Married-civ-spouse,Craft-repair,Husband,White,Male,0,0,55,United-States,>50K
49,Private,403061,1st-4th,2,Never-married,Machine-op-inspct,Other-relative,White,Female,0,0,40,Mexico,<=50K
30,Self-emp-not-inc,523095,Some-college,10,Never-married,Craft-repair,Not-in-family,White,Male,0,0,45,United-States,<=50K
35,Private,401930,HS-grad,9,Married-civ-spouse,Adm-clerical,Wife,White,Female,0,1887,42,United-States,>50K
37,Self-emp-not-inc,204501,Bachelors,13,Married-civ-spouse,Sales,Husband,White,Male,0,0,20,Canada,>50K
28,Private,52603,Bachelors,13,Married-civ-spouse,Sales,Husband,White,Male,0,0,50,United-States,>50K
36,Private,195148,Bachelors,13,Never-married,Exec-managerial,Own-child,White,Male,0,0,40,United-States,<=50K
39,Private,120985,HS-grad,9,Divorced,Other-service,Own-child,White,Male,0,0,40,United-States,<=50K
70,Private,280307,Bachelors,13,Married-civ-spouse,Exec-managerial,Husband,White,Male,0,0,20,Cuba,<=50K
27,Local-gov,113054,Bachelors,13,Never-married,Protective-serv,Not-in-family,White,Female,0,0,32,United-States,<=50K
40,Self-emp-not-inc,85668,HS-grad,9,Married-civ-spouse,Craft-repair,Husband,White,Male,0,0,40,United-States,<=50K
26,Private,245628,11th,7,Never-married,Handlers-cleaners,Unmarried,White,Male,0,0,20,United-States,<=50K
18,Private,130849,Some-college,10,Never-married,Sales,Own-child,White,Female,0,0,15,United-States,<=50K
22,Private,220603,Some-college,10,Never-married,Sales,Own-child,White,Female,0,0,25,United-States,<=50K
27,Private,37302,Assoc-acdm,12,Married-civ-spouse,Machine-op-inspct,Husband,White,Male,0,0,40,United-States,<=50K
21,Private,202871,HS-grad,9,Never-married,Sales,Own-child,White,Male,0,0,44,United-States,<=50K
38,State-gov,34180,Some-college,10,Married-civ-spouse,Exec-managerial,Husband,White,Male,0,0,40,United-States,<=50K
24,Private,196675,HS-grad,9,Married-civ-spouse,Handlers-cleaners,Husband,Black,Male,0,0,70,United-States,<=50K
35,Self-emp-inc,365739,HS-grad,9,Married-civ-spouse,Craft-repair,Husband,White,Male,0,0,50,United-States,<=50K
25,Private,323229,Bachelors,13,Never-married,Adm-clerical,Not-in-family,White,Male,0,0,40,United-States,<=50K
44,Private,112262,Bachelors,13,Married-civ-spouse,Tech-support,Husband,White,Male,5178,0,40,United-States,>50K
35,Private,285020,HS-grad,9,Never-married,Craft-repair,Not-in-family,White,Male,0,0,40,United-States,<=50K
32,Private,155232,Bachelors,13,Divorced,Protective-serv,Not-in-family,Black,Male,0,0,60,United-States,>50K
18,Private,188241,11th,7,Never-married,Other-service,Own-child,White,Male,0,0,16,United-States,<=50K
33,Private,127651,Bachelors,13,Married-civ-spouse,Exec-managerial,Husband,White,Male,0,0,55,United-States,>50K
29,Private,100219,Assoc-acdm,12,Never-married,Machine-op-inspct,Unmarried,White,Male,0,0,45,United-States,<=50K
57,Private,127728,7th-8th,4,Married-civ-spouse,Transport-moving,Husband,White,Male,0,0,44,United-States,>50K
28,Private,195520,Some-college,10,Never-married,Transport-moving,Own-child,White,Male,0,0,20,United-States,<=50K
19,State-gov,42750,HS-grad,9,Never-married,Protective-serv,Own-child,White,Male,0,0,40,United-States,<=50K
54,Self-emp-not-inc,82551,Assoc-voc,11,Married-civ-spouse,Tech-support,Other-relative,White,Female,0,0,10,United-States,<=50K
34,Private,141118,Bachelors,13,Married-spouse-absent,Prof-specialty,Not-in-family,White,Female,0,0,35,United-States,<=50K
36,Private,145576,Masters,14,Married-civ-spouse,Adm-clerical,Husband,White,Male,0,1977,40,Japan,>50K
35,Private,290498,Preschool,1,Married-civ-spouse,Craft-repair,Husband,White,Male,0,0,38,Mexico,<=50K
21,Local-gov,596776,Some-college,10,Never-married,Adm-clerical,Own-child,White,Male,0,0,40,Guatemala,<=50K
40,Private,294708,HS-grad,9,Married-civ-spouse,Transport-moving,Husband,Black,Male,0,0,40,United-States,>50K
34,Private,554206,HS-grad,9,Separated,Transport-moving,Not-in-family,Black,Male,0,0,20,United-States,<=50K
39,Private,312271,Some-college,10,Married-civ-spouse,Sales,Husband,White,Male,0,0,60,United-States,<=50K
51,Federal-gov,124076,Bachelors,13,Widowed,Adm-clerical,Not-in-family,White,Female,0,0,40,United-States,<=50K
45,Private,176341,HS-grad,9,Divorced,Other-service,Unmarried,White,Female,0,0,32,United-States,<=50K
22,Private,142566,HS-grad,9,Never-married,Sales,Not-in-family,White,Male,0,0,40,United-States,<=50K
50,Private,179339,HS-grad,9,Divorced,Adm-clerical,Not-in-family,White,Female,0,0,45,United-States,<=50K
34,Private,181311,11th,7,Married-civ-spouse,Machine-op-inspct,Husband,White,Male,0,0,40,United-States,<=50K
49,Private,256417,HS-grad,9,Married-civ-spouse,Exec-managerial,Husband,White,Male,5013,0,40,Mexico,<=50K
40,Self-emp-inc,190650,Bachelors,13,Married-civ-spouse,Sales,Husband,Asian-Pac-Islander,Male,0,0,45,South,>50K
28,Private,205337,HS-grad,9,Married-civ-spouse,Craft-repair,Husband,White,Male,0,0,40,United-States,<=50K
33,Private,173248,HS-grad,9,Married-civ-spouse,Other-service,Husband,Black,Male,0,0,35,United-States,<=50K
65,Self-emp-not-inc,316093,Prof-school,15,Divorced,Prof-specialty,Not-in-family,White,Male,0,1668,40,United-States,<=50K
22,Local-gov,289982,Bachelors,13,Never-married,Prof-specialty,Own-child,White,Female,0,0,35,United-States,<=50K
41,Private,313830,HS-grad,9,Never-married,Prof-specialty,Not-in-family,White,Female,0,0,40,United-States,<=50K
25,State-gov,157617,HS-grad,9,Never-married,Exec-managerial,Not-in-family,White,Male,0,0,40,United-States,<=50K
26,State-gov,177035,11th,7,Divorced,Other-service,Unmarried,White,Female,0,0,40,United-States,<=50K
22,Private,240817,HS-grad,9,Never-married,Sales,Own-child,White,Female,2597,0,40,United-States,<=50K
27,Private,228472,Bachelors,13,Married-civ-spouse,Craft-repair,Husband,White,Male,0,0,45,United-States,>50K
19,Private,229431,Some-college,10,Never-married,Prof-specialty,Own-child,White,Male,0,0,11,United-States,<=50K
31,Private,34374,Prof-school,15,Never-married,Prof-specialty,Not-in-family,White,Male,0,0,50,United-States,<=50K
34,Private,215047,Some-college,10,Never-married,Exec-managerial,Not-in-family,White,Male,0,0,45,United-States,<=50K
24,Private,287357,11th,7,Married-civ-spouse,Protective-serv,Husband,White,Male,0,0,40,United-States,<=50K
39,Private,201410,Bachelors,13,Married-civ-spouse,Transport-moving,Husband,White,Male,0,1977,45,Philippines,>50K
43,Local-gov,115511,Some-college,10,Married-civ-spouse,Farming-fishing,Husband,White,Male,0,2002,40,United-States,<=50K
25,Private,178037,HS-grad,9,Never-married,Sales,Unmarried,White,Male,0,0,40,United-States,<=50K
32,Private,96480,Some-college,10,Never-married,Protective-serv,Not-in-family,White,Female,0,0,40,United-States,<=50K
30,Private,187560,Bachelors,13,Never-married,Sales,Not-in-family,White,Male,0,0,40,United-States,<=50K
23,Private,113309,Some-college,10,Never-married,Transport-moving,Not-in-family,White,Male,0,0,40,United-States,<=50K
53,Private,167651,HS-grad,9,Married-civ-spouse,Craft-repair,Husband,White,Male,0,0,40,United-States,>50K
39,Local-gov,30269,Bachelors,13,Never-married,Prof-specialty,Not-in-family,White,Female,0,0,44,United-States,>50K
57,Private,192325,HS-grad,9,Widowed,Other-service,Unmarried,White,Female,0,0,42,United-States,<=50K
26,State-gov,70447,HS-grad,9,Married-civ-spouse,Protective-serv,Husband,Asian-Pac-Islander,Male,0,0,40,United-States,>50K
34,Private,204461,Bachelors,13,Married-civ-spouse,Prof-specialty,Husband,White,Male,0,0,55,United-States,>50K
31,Private,117719,HS-grad,9,Married-civ-spouse,Other-service,Husband,White,Male,0,0,40,Portugal,<=50K
45,Private,119904,HS-grad,9,Divorced,Tech-support,Not-in-family,White,Female,0,0,50,United-States,>50K
20,Local-gov,243178,HS-grad,9,Never-married,Handlers-cleaners,Own-child,White,Male,0,0,40,United-States,<=50K
46,Private,207301,HS-grad,9,Never-married,Adm-clerical,Not-in-family,White,Female,0,0,37,United-States,<=50K
29,Private,269254,HS-grad,9,Married-civ-spouse,Craft-repair,Husband,White,Male,0,0,40,United-States,<=50K
23,Private,437940,HS-grad,9,Married-civ-spouse,Machine-op-inspct,Husband,White,Male,0,0,40,United-States,<=50K
29,Private,193260,Bachelors,13,Married-civ-spouse,Craft-repair,Other-relative,Asian-Pac-Islander,Male,0,0,30,India,<=50K
19,Private,530454,HS-grad,9,Never-married,Other-service,Not-in-family,White,Female,0,0,50,United-States,<=50K
51,Private,394690,HS-grad,9,Divorced,Exec-managerial,Not-in-family,White,Female,0,0,40,United-States,<=50K
37,Private,248010,Some-college,10,Married-civ-spouse,Machine-op-inspct,Husband,White,Male,0,1887,40,United-States,>50K
29,Federal-gov,106179,Some-college,10,Never-married,Prof-specialty,Not-in-family,White,Female,0,1408,40,United-States,<=50K
53,Federal-gov,68985,HS-grad,9,Married-civ-spouse,Adm-clerical,Husband,White,Male,0,0,40,United-States,<=50K
30,Local-gov,191777,HS-grad,9,Never-married,Protective-serv,Own-child,Black,Female,0,0,40,United-States,<=50K
49,Private,278322,Bachelors,13,Married-civ-spouse,Machine-op-inspct,Husband,White,Male,0,0,40,United-States,>50K
26,Private,158397,HS-grad,9,Never-married,Handlers-cleaners,Own-child,White,Male,0,0,40,United-States,<=50K
23,State-gov,156423,Bachelors,13,Never-married,Prof-specialty,Own-child,White,Female,0,0,20,United-States,<=50K
30,Private,113364,Some-college,10,Married-civ-spouse,Handlers-cleaners,Husband,White,Male,0,0,40,Poland,<=50K
49,Private,176684,Assoc-voc,11,Never-married,Exec-managerial,Unmarried,White,Female,0,0,40,United-States,<=50K
63,Private,196725,HS-grad,9,Widowed,Other-service,Unmarried,White,Female,0,0,24,United-States,<=50K
31,Private,162572,HS-grad,9,Never-married,Other-service,Own-child,White,Male,0,0,16,United-States,<=50K
24,State-gov,322658,Bachelors,13,Never-married,Exec-managerial,Not-in-family,White,Female,0,0,40,United-States,<=50K
44,Private,137304,HS-grad,9,Widowed,Machine-op-inspct,Not-in-family,Black,Female,0,0,40,United-States,<=50K
38,Federal-gov,325538,Prof-school,15,Married-civ-spouse,Prof-specialty,Husband,White,Male,0,0,50,United-States,>50K
58,Private,407138,7th-8th,4,Married-civ-spouse,Machine-op-inspct,Husband,White,Male,2936,0,50,Mexico,<=50K
40,Private,190621,Some-college,10,Divorced,Exec-managerial,Other-relative,Black,Female,0,0,55,United-States,<=50K
46,Self-emp-inc,216414,Masters,14,Married-civ-spouse,Sales,Husband,White,Male,0,1977,60,United-States,>50K
33,Private,213887,HS-grad,9,Divorced,Farming-fishing,Not-in-family,White,Male,0,0,40,United-States,<=50K
36,Private,141420,Bachelors,13,Divorced,Handlers-cleaners,Not-in-family,White,Male,0,0,30,United-States,<=50K
58,Private,200040,HS-grad,9,Married-civ-spouse,Craft-repair,Husband,White,Male,0,0,40,United-States,<=50K
27,Private,106316,Prof-school,15,Divorced,Prof-specialty,Not-in-family,White,Female,0,0,12,United-States,<=50K
46,State-gov,162852,HS-grad,9,Divorced,Adm-clerical,Unmarried,White,Female,0,0,40,United-States,<=50K
42,Private,317078,HS-grad,9,Divorced,Machine-op-inspct,Not-in-family,Black,Male,0,0,40,United-States,<=50K
48,Local-gov,188741,Masters,14,Never-married,Prof-specialty,Not-in-family,White,Female,0,0,50,United-States,<=50K
19,Private,175507,HS-grad,9,Never-married,Other-service,Not-in-family,White,Female,0,0,30,United-States,<=50K
33,Local-gov,281784,Bachelors,13,Never-married,Tech-support,Not-in-family,Black,Male,0,1564,52,United-States,>50K
34,Private,175856,Bachelors,13,Married-civ-spouse,Exec-managerial,Husband,White,Male,3103,0,55,United-States,>50K
38,Private,125550,HS-grad,9,Divorced,Adm-clerical,Not-in-family,White,Female,0,0,35,United-States,<=50K
32,Private,226883,HS-grad,9,Married-civ-spouse,Craft-repair,Husband,White,Male,0,0,40,Germany,<=50K
74,Private,161387,HS-grad,9,Divorced,Handlers-cleaners,Not-in-family,White,Female,0,0,16,United-States,<=50K
36,Private,231948,HS-grad,9,Married-civ-spouse,Craft-repair,Husband,White,Male,0,0,64,United-States,>50K
17,Local-gov,161955,11th,7,Never-married,Adm-clerical,Own-child,Amer-Indian-Eskimo,Female,0,0,30,United-States,<=50K
42,Private,303155,Assoc-acdm,12,Divorced,Adm-clerical,Not-in-family,White,Male,0,0,40,United-States,<=50K
44,Self-emp-not-inc,53956,Bachelors,13,Married-civ-spouse,Exec-managerial,Husband,White,Male,3137,0,40,United-States,<=50K
22,Private,259109,Bachelors,13,Never-married,Prof-specialty,Own-child,White,Male,0,0,18,United-States,<=50K
33,Private,198211,HS-grad,9,Married-civ-spouse,Tech-support,Husband,White,Male,0,0,40,United-States,<=50K
47,Private,181652,HS-grad,9,Divorced,Adm-clerical,Not-in-family,White,Female,0,0,40,United-States,<=50K
44,Self-emp-not-inc,157217,Bachelors,13,Never-married,Sales,Not-in-family,White,Male,0,0,42,United-States,<=50K
46,Private,144351,Masters,14,Married-civ-spouse,Prof-specialty,Husband,White,Male,0,0,40,United-States,>50K
51,Private,138022,Masters,14,Married-civ-spouse,Exec-managerial,Husband,White,Male,0,0,60,United-States,>50K
24,Private,181820,Some-college,10,Never-married,Farming-fishing,Not-in-family,White,Male,0,0,45,United-States,<=50K
28,Private,185957,HS-grad,9,Married-civ-spouse,Adm-clerical,Wife,White,Female,0,0,40,United-States,<=50K
32,Private,154210,Masters,14,Married-civ-spouse,Prof-specialty,Husband,Other,Male,0,1902,45,Japan,>50K
17,Private,93511,11th,7,Never-married,Sales,Own-child,White,Female,0,0,15,United-States,<=50K
63,Private,264968,Bachelors,13,Never-married,Adm-clerical,Not-in-family,White,Male,0,0,40,United-States,<=50K
19,Private,325217,HS-grad,9,Never-married,Other-service,Own-child,White,Male,0,0,32,United-States,<=50K
43,Local-gov,269733,HS-grad,9,Separated,Other-service,Not-in-family,White,Male,0,0,40,United-States,<=50K
49,Private,329603,Bachelors,13,Married-civ-spouse,Craft-repair,Husband,White,Male,0,1902,40,United-States,>50K
40,Private,176063,Bachelors,13,Married-civ-spouse,Exec-managerial,Husband,White,Male,0,1977,60,United-States,>50K
72,Private,106890,Assoc-voc,11,Widowed,Adm-clerical,Not-in-family,White,Female,0,0,40,United-States,<=50K
33,Private,157747,9th,5,Divorced,Handlers-cleaners,Not-in-family,White,Male,0,0,70,United-States,<=50K
28,Private,244650,HS-grad,9,Never-married,Machine-op-inspct,Own-child,Black,Female,0,1602,25,United-States,<=50K
30,Private,254905,HS-grad,9,Married-civ-spouse,Machine-op-inspct,Husband,White,Male,0,0,40,United-States,<=50K
42,Private,119679,HS-grad,9,Married-civ-spouse,Machine-op-inspct,Husband,White,Male,0,1579,42,United-States,<=50K
32,Private,188362,Some-college,10,Never-married,Craft-repair,Not-in-family,White,Male,0,0,40,United-States,<=50K
39,Private,329980,Some-college,10,Married-civ-spouse,Craft-repair,Husband,White,Male,0,0,40,United-States,>50K
33,Private,226629,Some-college,10,Never-married,Exec-managerial,Own-child,White,Female,0,0,40,United-States,<=50K
54,Private,291755,Bachelors,13,Married-civ-spouse,Exec-managerial,Husband,White,Male,0,0,45,United-States,>50K
32,Private,377017,Bachelors,13,Never-married,Sales,Other-relative,White,Male,0,0,32,United-States,<=50K
60,Local-gov,232769,11th,7,Married-civ-spouse,Transport-moving,Husband,White,Male,0,0,20,United-States,<=50K
46,Private,192894,7th-8th,4,Married-civ-spouse,Farming-fishing,Husband,Black,Male,0,0,30,United-States,<=50K
67,Private,336163,HS-grad,9,Married-civ-spouse,Handlers-cleaners,Husband,White,Male,0,0,24,United-States,<=50K
37,Private,538443,HS-grad,9,Divorced,Craft-repair,Not-in-family,White,Male,14344,0,40,United-States,>50K
26,Private,132179,Bachelors,13,Never-married,Adm-clerical,Own-child,White,Female,0,0,40,United-States,<=50K
22,Private,155913,HS-grad,9,Never-married,Other-service,Own-child,White,Male,0,0,18,United-States,<=50K
23,Private,118693,Assoc-voc,11,Never-married,Tech-support,Not-in-family,White,Male,0,0,40,United-States,<=50K
61,Private,190955,Bachelors,13,Married-civ-spouse,Exec-managerial,Husband,White,Male,7688,0,40,United-States,>50K
51,Private,153870,Some-college,10,Married-civ-spouse,Transport-moving,Husband,White,Male,0,2603,40,United-States,<=50K
81,Private,129338,7th-8th,4,Married-civ-spouse,Transport-moving,Husband,White,Male,0,0,10,United-States,<=50K
61,Self-emp-not-inc,219183,Bachelors,13,Married-civ-spouse,Prof-specialty,Husband,White,Male,0,0,50,United-States,>50K
40,Local-gov,303212,Bachelors,13,Married-civ-spouse,Prof-specialty,Husband,White,Male,0,0,40,United-States,>50K
42,Private,412379,HS-grad,9,Married-civ-spouse,Handlers-cleaners,Husband,White,Male,0,0,40,United-States,<=50K
65,Self-emp-not-inc,31740,Some-college,10,Widowed,Exec-managerial,Unmarried,White,Female,0,0,45,United-States,<=50K
50,Private,89534,HS-grad,9,Married-civ-spouse,Machine-op-inspct,Husband,White,Male,0,0,40,United-States,<=50K
49,Private,82649,Bachelors,13,Married-civ-spouse,Prof-specialty,Husband,White,Male,5013,0,45,United-States,<=50K
38,Private,200220,HS-grad,9,Married-civ-spouse,Craft-repair,Husband,White,Male,0,0,40,United-States,<=50K
72,Self-emp-not-inc,139889,Some-college,10,Married-civ-spouse,Farming-fishing,Husband,White,Male,0,0,74,United-States,<=50K
40,Self-emp-inc,76625,HS-grad,9,Married-civ-spouse,Handlers-cleaners,Husband,White,Male,0,0,40,United-States,<=50K
60,Private,183162,HS-grad,9,Widowed,Machine-op-inspct,Not-in-family,White,Female,0,0,40,United-States,<=50K
33,Private,219034,11th,7,Never-married,Sales,Not-in-family,White,Female,0,0,40,United-States,<=50K
50,Private,158948,HS-grad,9,Married-civ-spouse,Prof-specialty,Husband,White,Male,0,0,84,United-States,<=50K
50,Self-emp-not-inc,68898,Masters,14,Married-civ-spouse,Sales,Husband,White,Male,7688,0,55,United-States,>50K
37,Local-gov,128054,Some-college,10,Divorced,Adm-clerical,Unmarried,White,Female,0,0,40,United-States,<=50K
35,Private,203717,Assoc-voc,11,Never-married,Craft-repair,Not-in-family,White,Male,0,0,50,United-States,<=50K
45,Private,262802,Bachelors,13,Divorced,Exec-managerial,Unmarried,White,Female,0,0,40,United-States,<=50K
47,Private,189680,HS-grad,9,Separated,Craft-repair,Unmarried,White,Male,0,0,40,United-States,>50K
44,Private,187702,HS-grad,9,Married-civ-spouse,Sales,Husband,White,Male,0,0,40,United-States,>50K
60,Self-emp-inc,142494,10th,6,Married-civ-spouse,Craft-repair,Husband,White,Male,0,0,40,United-States,<=50K
42,Private,341204,HS-grad,9,Divorced,Craft-repair,Other-relative,White,Female,0,0,40,United-States,<=50K
41,Local-gov,107327,Assoc-voc,11,Divorced,Prof-specialty,Unmarried,White,Female,0,0,40,United-States,<=50K
33,Private,202822,7th-8th,4,Never-married,Other-service,Unmarried,Black,Female,0,0,14,Trinadad&Tobago,<=50K
47,Private,147236,HS-grad,9,Married-civ-spouse,Craft-repair,Husband,White,Male,0,0,40,United-States,>50K
49,Private,207677,7th-8th,4,Divorced,Craft-repair,Not-in-family,White,Male,0,0,70,United-States,<=50K
49,State-gov,209482,HS-grad,9,Widowed,Exec-managerial,Not-in-family,White,Female,0,0,40,United-States,<=50K
44,Self-emp-not-inc,90021,HS-grad,9,Married-civ-spouse,Craft-repair,Husband,White,Male,0,0,30,United-States,<=50K
52,Private,145271,Bachelors,13,Married-civ-spouse,Craft-repair,Husband,Asian-Pac-Islander,Male,0,0,40,United-States,<=50K
33,Private,172714,Assoc-voc,11,Married-civ-spouse,Craft-repair,Husband,White,Male,0,0,40,United-States,<=50K
39,State-gov,85566,Bachelors,13,Married-civ-spouse,Prof-specialty,Husband,White,Male,0,0,40,United-States,<=50K
25,Private,122999,Some-college,10,Never-married,Tech-support,Other-relative,White,Male,0,0,40,United-States,<=50K
57,Private,80149,Bachelors,13,Married-civ-spouse,Exec-managerial,Husband,White,Male,0,1977,40,Germany,>50K
56,Private,176079,HS-grad,9,Married-civ-spouse,Adm-clerical,Wife,White,Female,15024,0,24,United-States,>50K
43,Private,248476,Bachelors,13,Married-civ-spouse,Handlers-cleaners,Husband,White,Male,0,0,60,United-States,<=50K
33,Private,441949,Some-college,10,Never-married,Handlers-cleaners,Own-child,White,Male,0,0,24,United-States,<=50K
37,Private,358753,11th,7,Married-civ-spouse,Craft-repair,Husband,White,Male,5013,0,40,United-States,<=50K
45,Private,255014,Some-college,10,Married-civ-spouse,Craft-repair,Husband,White,Male,0,0,55,United-States,>50K
19,Private,240841,Some-college,10,Never-married,Adm-clerical,Own-child,White,Male,0,0,50,United-States,<=50K
27,Private,146719,HS-grad,9,Divorced,Sales,Own-child,White,Female,0,0,35,United-States,<=50K
32,State-gov,479179,11th,7,Never-married,Protective-serv,Own-child,White,Male,0,0,40,United-States,<=50K
37,Private,224512,Assoc-voc,11,Married-civ-spouse,Craft-repair,Husband,White,Male,0,0,45,United-States,<=50K
51,Local-gov,43705,Masters,14,Married-civ-spouse,Prof-specialty,Husband,White,Male,0,0,54,United-States,>50K
28,Private,257283,HS-grad,9,Never-married,Transport-moving,Own-child,White,Male,0,0,40,United-States,<=50K
22,Private,39615,Some-college,10,Never-married,Prof-specialty,Not-in-family,White,Male,0,0,45,United-States,<=50K
65,Private,212562,11th,7,Married-civ-spouse,Handlers-cleaners,Husband,White,Male,0,0,20,United-States,<=50K
32,Private,100135,Some-college,10,Never-married,Other-service,Own-child,White,Female,0,0,15,United-States,<=50K
25,Private,234057,HS-grad,9,Never-married,Craft-repair,Not-in-family,White,Female,0,0,40,United-States,<=50K
47,Private,104301,11th,7,Never-married,Other-service,Own-child,White,Female,0,0,45,United-States,<=50K
38,Private,233717,Some-college,10,Divorced,Exec-managerial,Unmarried,Black,Male,0,0,60,United-States,<=50K
53,Local-gov,283602,Masters,14,Married-civ-spouse,Prof-specialty,Wife,White,Female,15024,0,40,United-States,>50K
43,Private,183273,Masters,14,Married-civ-spouse,Exec-managerial,Wife,White,Female,15024,0,32,United-States,>50K
35,Private,186934,HS-grad,9,Married-civ-spouse,Exec-managerial,Husband,White,Male,7688,0,50,United-States,>50K
35,Self-emp-not-inc,32528,HS-grad,9,Married-civ-spouse,Transport-moving,Husband,White,Male,0,0,50,United-States,<=50K
54,Local-gov,365049,Some-college,10,Never-married,Prof-specialty,Not-in-family,White,Female,0,0,40,Mexico,<=50K
33,Self-emp-not-inc,656488,Assoc-voc,11,Divorced,Tech-support,Unmarried,Black,Male,0,0,50,United-States,<=50K
54,Self-emp-inc,22743,Bachelors,13,Divorced,Exec-managerial,Not-in-family,White,Male,99999,0,70,United-States,>50K
50,Private,320510,Bachelors,13,Married-civ-spouse,Exec-managerial,Husband,White,Male,0,1902,40,United-States,>50K
44,Private,199191,HS-grad,9,Married-civ-spouse,Adm-clerical,Wife,White,Female,0,0,30,United-States,<=50K
57,Self-emp-not-inc,102058,Masters,14,Married-civ-spouse,Prof-specialty,Husband,White,Male,0,0,40,United-States,>50K
26,Private,143062,Some-college,10,Divorced,Adm-clerical,Own-child,White,Female,0,0,40,United-States,<=50K
38,Private,190174,Some-college,10,Married-civ-spouse,Adm-clerical,Wife,White,Female,0,0,30,United-States,<=50K
31,Private,118966,HS-grad,9,Never-married,Craft-repair,Own-child,White,Male,0,0,18,United-States,<=50K
41,Private,30759,7th-8th,4,Married-civ-spouse,Exec-managerial,Husband,White,Male,0,0,60,United-States,<=50K
36,Private,172706,HS-grad,9,Married-civ-spouse,Craft-repair,Husband,White,Male,0,0,40,United-States,<=50K
41,Private,215479,HS-grad,9,Separated,Handlers-cleaners,Not-in-family,Black,Male,0,0,40,United-States,<=50K
23,Private,200207,HS-grad,9,Divorced,Handlers-cleaners,Own-child,White,Male,0,0,44,United-States,<=50K
30,Private,179446,HS-grad,9,Separated,Adm-clerical,Unmarried,White,Female,0,0,40,United-States,<=50K
66,Self-emp-not-inc,331960,HS-grad,9,Married-civ-spouse,Craft-repair,Husband,White,Male,0,0,20,United-States,<=50K
44,Private,56651,Assoc-acdm,12,Married-civ-spouse,Machine-op-inspct,Husband,White,Male,0,0,42,United-States,<=50K
19,Private,178811,HS-grad,9,Never-married,Machine-op-inspct,Own-child,Black,Female,0,0,40,United-States,<=50K
55,Private,141326,HS-grad,9,Married-civ-spouse,Craft-repair,Husband,White,Male,0,0,40,United-States,>50K
31,Private,295697,HS-grad,9,Separated,Other-service,Unmarried,Black,Female,0,0,40,United-States,<=50K
21,State-gov,140764,Some-college,10,Never-married,Adm-clerical,Own-child,White,Female,0,0,12,United-States,<=50K
28,Private,83879,HS-grad,9,Married-civ-spouse,Machine-op-inspct,Husband,Black,Male,0,0,40,United-States,<=50K
44,Private,304530,Some-college,10,Divorced,Craft-repair,Not-in-family,White,Male,0,0,55,United-States,<=50K
34,Local-gov,104509,Masters,14,Separated,Prof-specialty,Unmarried,White,Female,0,0,40,United-States,<=50K
42,Self-emp-not-inc,221581,HS-grad,9,Married-spouse-absent,Craft-repair,Not-in-family,White,Female,0,0,40,United-States,<=50K
45,Local-gov,172111,Bachelors,13,Divorced,Exec-managerial,Unmarried,Black,Female,0,0,60,United-States,<=50K
31,Private,172304,Some-college,10,Married-civ-spouse,Craft-repair,Husband,White,Male,0,0,50,United-States,>50K
45,Private,260490,Masters,14,Married-civ-spouse,Exec-managerial,Husband,White,Male,0,0,50,United-States,>50K
61,State-gov,199495,12th,8,Married-civ-spouse,Craft-repair,Husband,White,Male,0,0,40,United-States,<=50K
23,Federal-gov,482096,Assoc-acdm,12,Never-married,Adm-clerical,Own-child,Black,Male,0,0,20,United-States,<=50K
37,Private,280966,Bachelors,13,Married-civ-spouse,Handlers-cleaners,Husband,White,Male,0,0,40,United-States,>50K
23,Local-gov,324637,Some-college,10,Never-married,Adm-clerical,Not-in-family,White,Male,0,0,30,United-States,<=50K
34,State-gov,334422,Some-college,10,Divorced,Protective-serv,Unmarried,Black,Male,0,0,47,United-States,<=50K
38,Private,227615,1st-4th,2,Married-civ-spouse,Handlers-cleaners,Husband,White,Male,0,0,40,Mexico,<=50K
60,Self-emp-not-inc,187794,HS-grad,9,Married-civ-spouse,Transport-moving,Husband,White,Male,3103,0,60,United-States,>50K
35,Self-emp-not-inc,241469,9th,5,Married-civ-spouse,Craft-repair,Husband,White,Male,2635,0,30,United-States,<=50K
37,Private,263094,Bachelors,13,Married-civ-spouse,Exec-managerial,Husband,White,Male,7298,0,40,United-States,>50K
50,Local-gov,173224,Masters,14,Married-civ-spouse,Prof-specialty,Wife,White,Female,0,0,40,United-States,<=50K
62,Private,210935,HS-grad,9,Married-civ-spouse,Other-service,Husband,White,Male,0,0,20,United-States,<=50K
49,Self-emp-inc,197332,Some-college,10,Married-civ-spouse,Sales,Husband,White,Male,0,0,60,United-States,<=50K
34,Private,302570,HS-grad,9,Married-civ-spouse,Other-service,Husband,Black,Male,0,0,36,United-States,<=50K
41,Private,174196,Some-college,10,Married-civ-spouse,Adm-clerical,Wife,Black,Female,0,0,40,United-States,<=50K
36,Self-emp-not-inc,105021,Some-college,10,Married-civ-spouse,Exec-managerial,Husband,White,Male,0,0,55,United-States,>50K
36,Private,68273,Bachelors,13,Married-civ-spouse,Sales,Husband,White,Male,0,0,40,United-States,>50K
32,Private,127895,Some-college,10,Never-married,Exec-managerial,Unmarried,Black,Female,0,0,35,United-States,<=50K
32,Private,97359,HS-grad,9,Never-married,Craft-repair,Own-child,White,Male,0,0,40,United-States,<=50K
22,Private,147397,Bachelors,13,Never-married,Farming-fishing,Not-in-family,White,Male,0,0,20,United-States,<=50K
33,Private,189843,7th-8th,4,Married-civ-spouse,Machine-op-inspct,Husband,White,Male,0,0,40,United-States,<=50K
37,Private,188774,Bachelors,13,Never-married,Exec-managerial,Not-in-family,White,Male,0,2824,40,United-States,>50K
20,Private,369677,10th,6,Separated,Sales,Not-in-family,White,Female,0,0,36,United-States,<=50K
67,Private,120900,7th-8th,4,Widowed,Other-service,Not-in-family,White,Female,0,0,12,United-States,<=50K
17,Private,272372,11th,7,Never-married,Adm-clerical,Own-child,White,Female,0,0,7,United-States,<=50K
46,Self-emp-not-inc,80914,Masters,14,Divorced,Exec-managerial,Not-in-family,White,Male,0,0,30,United-States,<=50K
29,Private,169104,HS-grad,9,Married-civ-spouse,Exec-managerial,Other-relative,Asian-Pac-Islander,Male,0,0,75,Thailand,<=50K
23,State-gov,279243,Some-college,10,Never-married,Protective-serv,Not-in-family,White,Male,0,0,40,United-States,<=50K
37,Private,176014,HS-grad,9,Married-civ-spouse,Sales,Husband,White,Male,0,0,50,United-States,<=50K
40,Private,131899,Some-college,10,Divorced,Exec-managerial,Not-in-family,White,Male,0,0,40,United-States,<=50K
40,Private,223277,Bachelors,13,Married-civ-spouse,Adm-clerical,Husband,White,Male,0,0,50,United-States,>50K
63,Private,268965,12th,8,Widowed,Sales,Unmarried,White,Female,0,0,40,United-States,<=50K
48,Private,232145,HS-grad,9,Divorced,Machine-op-inspct,Not-in-family,White,Male,0,0,40,United-States,<=50K
25,Private,178025,Masters,14,Married-civ-spouse,Prof-specialty,Husband,White,Male,0,0,40,United-States,<=50K
20,Private,91939,HS-grad,9,Never-married,Adm-clerical,Not-in-family,Black,Female,0,1721,30,United-States,<=50K
69,Self-emp-not-inc,165814,Some-college,10,Married-civ-spouse,Exec-managerial,Husband,White,Male,0,0,35,United-States,<=50K
45,Private,324655,Bachelors,13,Never-married,Prof-specialty,Not-in-family,White,Male,0,0,40,United-States,<=50K
57,Private,148315,HS-grad,9,Married-civ-spouse,Sales,Husband,White,Male,0,0,30,United-States,<=50K
38,Private,101833,10th,6,Married-civ-spouse,Transport-moving,Husband,White,Male,3103,0,40,United-States,>50K
44,Private,290521,HS-grad,9,Widowed,Exec-managerial,Unmarried,Black,Female,0,0,40,United-States,<=50K
23,Private,119051,Bachelors,13,Never-married,Exec-managerial,Not-in-family,White,Male,0,0,40,Puerto-Rico,<=50K
24,Private,152176,Some-college,10,Never-married,Handlers-cleaners,Not-in-family,White,Male,0,0,39,United-States,<=50K
46,Private,35969,Bachelors,13,Married-civ-spouse,Exec-managerial,Husband,White,Male,0,0,51,United-States,<=50K
22,Private,169188,HS-grad,9,Never-married,Adm-clerical,Own-child,White,Female,0,0,40,United-States,<=50K
55,Self-emp-inc,209569,HS-grad,9,Divorced,Sales,Unmarried,White,Female,0,0,50,United-States,>50K
46,Local-gov,226871,Bachelors,13,Divorced,Protective-serv,Not-in-family,Black,Male,0,0,50,United-States,>50K
60,Self-emp-inc,160062,HS-grad,9,Married-civ-spouse,Farming-fishing,Husband,White,Male,0,0,25,United-States,<=50K
43,Private,339814,Some-college,10,Married-civ-spouse,Prof-specialty,Husband,White,Male,5178,0,40,United-States,>50K
50,Self-emp-inc,163921,HS-grad,9,Married-civ-spouse,Sales,Husband,White,Male,0,0,48,United-States,>50K
40,Self-emp-not-inc,154076,Assoc-acdm,12,Married-civ-spouse,Exec-managerial,Husband,White,Male,0,0,60,United-States,<=50K
62,Federal-gov,162876,Some-college,10,Married-civ-spouse,Adm-clerical,Husband,White,Male,0,0,40,United-States,<=50K
60,Private,266983,HS-grad,9,Married-civ-spouse,Handlers-cleaners,Husband,White,Male,0,0,32,United-States,<=50K
43,Local-gov,155106,Assoc-voc,11,Married-civ-spouse,Exec-managerial,Husband,White,Male,0,0,40,United-States,<=50K
49,Federal-gov,193998,Some-college,10,Never-married,Craft-repair,Not-in-family,Black,Male,0,0,40,United-States,<=50K
23,Private,181796,HS-grad,9,Married-civ-spouse,Sales,Husband,White,Male,0,0,50,United-States,<=50K
41,State-gov,176155,Assoc-voc,11,Married-civ-spouse,Tech-support,Husband,White,Male,0,0,40,United-States,<=50K
52,Federal-gov,168539,HS-grad,9,Married-civ-spouse,Machine-op-inspct,Husband,White,Male,0,0,40,United-States,>50K
30,Private,75167,Bachelors,13,Married-civ-spouse,Exec-managerial,Husband,White,Male,0,0,55,United-States,<=50K
65,Private,113323,Assoc-acdm,12,Married-civ-spouse,Exec-managerial,Husband,White,Male,3818,0,40,United-States,<=50K
24,Private,403671,HS-grad,9,Married-civ-spouse,Craft-repair,Husband,White,Male,0,0,60,United-States,<=50K
63,Private,161563,HS-grad,9,Married-civ-spouse,Craft-repair,Husband,White,Male,0,0,48,United-States,<=50K
40,Federal-gov,280167,Masters,14,Married-civ-spouse,Prof-specialty,Husband,White,Male,0,0,40,United-States,>50K
42,State-gov,197344,HS-grad,9,Married-civ-spouse,Machine-op-inspct,Husband,White,Male,0,0,40,United-States,<=50K
23,Federal-gov,244480,Some-college,10,Never-married,Adm-clerical,Unmarried,White,Female,0,0,15,United-States,<=50K
27,State-gov,291196,Bachelors,13,Never-married,Prof-specialty,Not-in-family,Black,Male,0,0,40,United-States,<=50K
40,State-gov,258589,Masters,14,Never-married,Craft-repair,Not-in-family,White,Male,0,0,80,United-States,<=50K
40,Private,79372,HS-grad,9,Divorced,Sales,Not-in-family,White,Female,0,0,40,United-States,<=50K
29,Private,151382,HS-grad,9,Married-civ-spouse,Transport-moving,Husband,White,Male,0,0,60,United-States,<=50K
25,Private,391192,Assoc-voc,11,Never-married,Craft-repair,Own-child,White,Male,0,0,40,United-States,<=50K
43,Self-emp-inc,155293,Bachelors,13,Married-civ-spouse,Sales,Husband,White,Male,0,0,60,United-States,>50K
44,Private,244522,HS-grad,9,Divorced,Craft-repair,Not-in-family,White,Male,0,0,45,United-States,<=50K
60,Private,296485,5th-6th,3,Married-civ-spouse,Transport-moving,Husband,White,Male,0,0,40,United-States,<=50K
40,Private,360884,Some-college,10,Never-married,Tech-support,Not-in-family,White,Female,0,0,50,United-States,>50K
30,Private,195602,12th,8,Married-civ-spouse,Farming-fishing,Husband,White,Male,0,0,44,United-States,<=50K
37,Local-gov,117760,Assoc-voc,11,Never-married,Protective-serv,Not-in-family,White,Male,4650,0,40,United-States,<=50K
40,Self-emp-not-inc,145246,Some-college,10,Divorced,Prof-specialty,Own-child,White,Male,0,0,40,United-States,<=50K
24,Local-gov,126613,Bachelors,13,Never-married,Prof-specialty,Own-child,White,Female,0,0,20,United-States,<=50K
36,Private,592930,HS-grad,9,Married-civ-spouse,Transport-moving,Husband,Black,Male,0,0,50,United-States,>50K
19,Private,280071,Some-college,10,Never-married,Machine-op-inspct,Other-relative,White,Male,0,0,50,United-States,<=50K
47,Private,140644,HS-grad,9,Married-civ-spouse,Exec-managerial,Husband,White,Male,0,0,40,United-States,>50K
51,Self-emp-not-inc,22743,HS-grad,9,Married-civ-spouse,Farming-fishing,Husband,White,Male,0,1740,40,United-States,<=50K
48,Private,148995,Some-college,10,Married-civ-spouse,Craft-repair,Husband,White,Male,0,0,60,United-States,<=50K
56,Private,244554,10th,6,Widowed,Machine-op-inspct,Unmarried,Black,Female,0,0,40,United-States,<=50K
32,Private,255004,HS-grad,9,Married-civ-spouse,Craft-repair,Husband,White,Male,0,0,50,United-States,<=50K
53,Local-gov,196395,Bachelors,13,Married-civ-spouse,Prof-specialty,Husband,Black,Male,0,0,40,United-States,>50K
59,Private,87510,HS-grad,9,Divorced,Craft-repair,Not-in-family,White,Male,0,0,40,United-States,<=50K
18,Private,197600,11th,7,Never-married,Handlers-cleaners,Own-child,White,Male,0,0,20,United-States,<=50K
65,Self-emp-not-inc,178878,HS-grad,9,Married-civ-spouse,Farming-fishing,Husband,White,Male,0,0,48,United-States,<=50K
44,Private,147265,Masters,14,Married-civ-spouse,Prof-specialty,Husband,White,Male,0,0,40,United-States,>50K
23,Private,181659,11th,7,Never-married,Craft-repair,Own-child,White,Male,0,0,60,United-States,<=50K
24,Private,117789,Bachelors,13,Never-married,Exec-managerial,Own-child,White,Female,0,0,40,United-States,<=50K
23,Private,198861,Bachelors,13,Never-married,Exec-managerial,Own-child,White,Male,0,1669,40,United-States,<=50K
29,Private,30070,Bachelors,13,Married-civ-spouse,Exec-managerial,Husband,White,Male,0,0,40,United-States,<=50K
43,State-gov,28451,Bachelors,13,Married-civ-spouse,Prof-specialty,Husband,White,Male,0,0,37,United-States,>50K
52,Private,240612,HS-grad,9,Married-civ-spouse,Prof-specialty,Wife,White,Female,0,0,40,Peru,>50K
31,Private,118551,9th,5,Divorced,Adm-clerical,Not-in-family,White,Female,0,0,40,United-States,<=50K
20,Private,415913,Some-college,10,Never-married,Handlers-cleaners,Not-in-family,White,Male,0,0,30,United-States,<=50K
25,Private,312157,Some-college,10,Never-married,Prof-specialty,Not-in-family,White,Female,0,0,40,United-States,<=50K
32,Federal-gov,191385,Assoc-acdm,12,Divorced,Protective-serv,Not-in-family,White,Male,2174,0,40,United-States,<=50K
40,State-gov,195520,Some-college,10,Never-married,Adm-clerical,Unmarried,Black,Female,0,0,49,United-States,<=50K
71,Private,138145,9th,5,Married-civ-spouse,Other-service,Husband,White,Male,0,0,40,United-States,<=50K
28,Self-emp-not-inc,39388,Assoc-voc,11,Married-civ-spouse,Farming-fishing,Husband,White,Male,0,0,60,United-States,<=50K
56,Private,197875,10th,6,Widowed,Other-service,Unmarried,White,Female,0,0,40,United-States,<=50K
53,Federal-gov,199720,Doctorate,16,Married-civ-spouse,Prof-specialty,Husband,White,Male,15024,0,60,Germany,>50K
47,Local-gov,165822,Some-college,10,Divorced,Transport-moving,Unmarried,White,Male,0,0,40,United-States,<=50K
29,Private,157308,11th,7,Married-civ-spouse,Handlers-cleaners,Wife,Asian-Pac-Islander,Female,2829,0,14,Philippines,<=50K
26,Private,167350,HS-grad,9,Never-married,Transport-moving,Own-child,White,Male,0,0,50,United-States,<=50K
55,Self-emp-not-inc,68006,7th-8th,4,Never-married,Other-service,Other-relative,White,Female,0,0,60,United-States,<=50K
20,Private,166302,HS-grad,9,Never-married,Sales,Own-child,White,Female,0,0,20,United-States,<=50K
29,Private,202558,Assoc-voc,11,Married-civ-spouse,Tech-support,Other-relative,White,Female,0,0,40,United-States,<=50K
46,Private,207677,HS-grad,9,Divorced,Craft-repair,Not-in-family,White,Male,0,0,30,United-States,<=50K
38,State-gov,169926,Bachelors,13,Married-civ-spouse,Prof-specialty,Wife,White,Female,0,0,21,United-States,>50K
19,Private,208366,HS-grad,9,Never-married,Handlers-cleaners,Not-in-family,White,Male,0,0,40,United-States,<=50K
22,Private,235733,HS-grad,9,Never-married,Other-service,Not-in-family,White,Female,0,0,45,United-States,<=50K
20,Federal-gov,26585,HS-grad,9,Never-married,Other-service,Not-in-family,Amer-Indian-Eskimo,Female,0,0,25,United-States,<=50K
38,Private,343403,Assoc-acdm,12,Divorced,Adm-clerical,Not-in-family,White,Female,0,0,16,United-States,<=50K
28,Self-emp-inc,160731,HS-grad,9,Never-married,Craft-repair,Not-in-family,White,Male,0,0,40,United-States,<=50K
30,Private,241885,Some-college,10,Married-civ-spouse,Farming-fishing,Husband,White,Male,0,0,40,United-States,<=50K
21,Private,88373,HS-grad,9,Married-civ-spouse,Other-service,Other-relative,White,Female,0,0,16,United-States,<=50K
34,Private,347166,Doctorate,16,Never-married,Prof-specialty,Not-in-family,White,Male,0,0,50,United-States,>50K
22,Private,173004,HS-grad,9,Never-married,Machine-op-inspct,Other-relative,Black,Male,0,0,1,United-States,<=50K
47,Federal-gov,168109,HS-grad,9,Married-civ-spouse,Adm-clerical,Husband,White,Male,0,0,70,United-States,<=50K
52,Private,224198,HS-grad,9,Divorced,Sales,Not-in-family,White,Female,0,0,48,United-States,<=50K
45,Private,166879,11th,7,Divorced,Craft-repair,Not-in-family,White,Male,0,0,40,United-States,<=50K
36,Private,131766,Assoc-acdm,12,Never-married,Exec-managerial,Not-in-family,White,Female,3325,0,40,United-States,<=50K
34,State-gov,355700,HS-grad,9,Separated,Adm-clerical,Unmarried,White,Female,0,0,20,United-States,<=50K
39,Private,179668,Bachelors,13,Married-civ-spouse,Tech-support,Husband,White,Male,15024,0,40,United-States,>50K
35,Private,179579,Masters,14,Married-civ-spouse,Exec-managerial,Husband,White,Male,0,1977,48,United-States,>50K
54,Private,103700,HS-grad,9,Widowed,Other-service,Unmarried,White,Female,0,0,40,United-States,<=50K
32,Private,252257,Assoc-acdm,12,Never-married,Adm-clerical,Not-in-family,White,Female,0,0,45,United-States,<=50K
28,Private,172891,HS-grad,9,Married-civ-spouse,Farming-fishing,Husband,White,Male,0,0,50,United-States,<=50K
37,Private,110013,Assoc-voc,11,Divorced,Sales,Not-in-family,White,Female,0,0,40,United-States,<=50K
24,Private,119156,HS-grad,9,Never-married,Transport-moving,Own-child,White,Male,0,0,50,United-States,<=50K
35,Self-emp-inc,242080,Bachelors,13,Married-civ-spouse,Prof-specialty,Husband,White,Male,7298,0,45,United-States,>50K
54,Local-gov,128378,Masters,14,Married-civ-spouse,Adm-clerical,Husband,White,Male,0,0,40,United-States,<=50K
42,Self-emp-not-inc,126614,Bachelors,13,Divorced,Exec-managerial,Not-in-family,Other,Male,0,0,30,Iran,<=50K
52,Private,110954,HS-grad,9,Married-civ-spouse,Craft-repair,Husband,White,Male,0,0,45,El-Salvador,>50K
60,State-gov,165792,Masters,14,Married-civ-spouse,Prof-specialty,Wife,White,Female,0,0,8,United-States,<=50K
19,Private,281704,Some-college,10,Never-married,Farming-fishing,Other-relative,White,Male,0,0,8,United-States,<=50K
32,Private,250583,Some-college,10,Divorced,Sales,Not-in-family,White,Female,0,0,38,United-States,<=50K
46,Federal-gov,340718,11th,7,Widowed,Adm-clerical,Not-in-family,White,Female,0,0,40,United-States,<=50K
38,Private,340763,HS-grad,9,Never-married,Adm-clerical,Not-in-family,Black,Male,0,2339,47,United-States,<=50K
41,Private,265266,Assoc-acdm,12,Married-civ-spouse,Tech-support,Husband,White,Male,0,0,40,United-States,<=50K
21,Private,255685,Some-college,10,Never-married,Other-service,Own-child,Black,Male,0,0,40,Outlying-US(Guam-USVI-etc),<=50K
29,Self-emp-not-inc,162312,Some-college,10,Never-married,Exec-managerial,Own-child,Asian-Pac-Islander,Male,0,0,45,South,<=50K
61,Private,230568,Bachelors,13,Divorced,Adm-clerical,Not-in-family,White,Male,0,0,40,United-States,>50K
40,Private,156526,Bachelors,13,Married-civ-spouse,Exec-managerial,Husband,White,Male,0,0,40,United-States,<=50K
31,Private,159187,Some-college,10,Married-civ-spouse,Craft-repair,Husband,White,Male,0,0,25,United-States,<=50K
49,Self-emp-inc,127111,HS-grad,9,Married-civ-spouse,Exec-managerial,Husband,White,Male,0,0,50,United-States,<=50K
59,Federal-gov,100931,HS-grad,9,Married-civ-spouse,Adm-clerical,Husband,White,Male,0,0,40,United-States,>50K
40,Federal-gov,112388,Masters,14,Never-married,Prof-specialty,Not-in-family,White,Male,0,0,40,United-States,<=50K
44,Private,187821,Bachelors,13,Married-civ-spouse,Transport-moving,Husband,White,Male,0,0,55,United-States,<=50K
38,Private,128033,Some-college,10,Married-civ-spouse,Sales,Husband,White,Male,0,0,60,United-States,<=50K
50,Local-gov,196307,Some-college,10,Married-civ-spouse,Craft-repair,Husband,White,Male,7688,0,40,United-States,>50K
38,Private,234901,Some-college,10,Married-civ-spouse,Prof-specialty,Husband,White,Male,0,0,40,United-States,<=50K
46,Self-emp-not-inc,236852,Bachelors,13,Married-civ-spouse,Sales,Husband,White,Male,0,0,45,United-States,>50K
24,Private,556660,HS-grad,9,Never-married,Exec-managerial,Other-relative,White,Male,4101,0,50,United-States,<=50K
42,Private,413297,Some-college,10,Married-civ-spouse,Tech-support,Husband,White,Male,0,0,40,United-States,<=50K
19,Private,183041,HS-grad,9,Never-married,Other-service,Own-child,White,Male,0,0,20,United-States,<=50K
25,Private,143267,HS-grad,9,Never-married,Adm-clerical,Not-in-family,White,Female,0,0,48,United-States,<=50K
37,Private,77820,Bachelors,13,Married-civ-spouse,Exec-managerial,Husband,White,Male,0,0,45,United-States,>50K
19,Private,159313,HS-grad,9,Never-married,Handlers-cleaners,Not-in-family,White,Male,0,0,40,United-States,<=50K
31,Private,255004,Bachelors,13,Never-married,Exec-managerial,Not-in-family,White,Male,0,1741,38,United-States,<=50K
56,Private,392160,HS-grad,9,Widowed,Sales,Unmarried,White,Female,0,0,25,Mexico,<=50K
45,Private,165822,Bachelors,13,Married-civ-spouse,Exec-managerial,Husband,White,Male,0,0,50,United-States,>50K
29,Private,308944,HS-grad,9,Married-spouse-absent,Craft-repair,Not-in-family,White,Male,0,0,40,United-States,<=50K
34,Private,223327,HS-grad,9,Married-civ-spouse,Tech-support,Husband,White,Male,0,1672,42,United-States,<=50K
39,Private,80638,Some-college,10,Married-civ-spouse,Other-service,Husband,Asian-Pac-Islander,Male,0,0,84,United-States,>50K
48,Self-emp-inc,54190,Prof-school,15,Married-civ-spouse,Prof-specialty,Husband,White,Male,15024,0,40,United-States,>50K
55,Private,153484,Masters,14,Married-civ-spouse,Exec-managerial,Husband,White,Male,0,1977,50,United-States,>50K
55,Private,147098,HS-grad,9,Married-civ-spouse,Craft-repair,Husband,White,Male,0,0,50,United-States,>50K
44,Private,191893,HS-grad,9,Never-married,Other-service,Own-child,White,Female,0,0,24,United-States,<=50K
60,Private,80574,HS-grad,9,Divorced,Other-service,Unmarried,White,Female,0,0,38,United-States,<=50K
41,Private,280167,Masters,14,Married-civ-spouse,Exec-managerial,Husband,White,Male,15024,0,70,United-States,>50K
34,Local-gov,51543,Some-college,10,Never-married,Other-service,Not-in-family,White,Male,0,0,48,United-States,<=50K
42,Local-gov,1125613,HS-grad,9,Divorced,Other-service,Not-in-family,Black,Male,0,0,40,United-States,<=50K
37,Private,253420,HS-grad,9,Separated,Other-service,Unmarried,Black,Female,0,0,25,United-States,<=50K
28,Private,166320,HS-grad,9,Never-married,Prof-specialty,Not-in-family,White,Male,0,0,40,United-States,<=50K
29,Private,201454,Some-college,10,Never-married,Adm-clerical,Not-in-family,White,Female,0,0,40,United-States,<=50K
29,Private,251170,HS-grad,9,Divorced,Adm-clerical,Own-child,White,Female,0,0,40,United-States,<=50K
63,Private,254907,Assoc-voc,11,Divorced,Other-service,Not-in-family,White,Female,0,0,20,United-States,<=50K
56,Private,142689,11th,7,Divorced,Sales,Not-in-family,White,Male,0,0,50,United-States,<=50K
27,Private,376150,Some-college,10,Married-spouse-absent,Sales,Not-in-family,White,Female,0,0,25,United-States,<=50K
29,Private,195446,HS-grad,9,Married-civ-spouse,Craft-repair,Husband,White,Male,0,0,40,United-States,<=50K
54,Self-emp-not-inc,109418,Bachelors,13,Married-civ-spouse,Exec-managerial,Wife,White,Female,0,1977,35,United-States,>50K
23,Private,197387,5th-6th,3,Married-civ-spouse,Transport-moving,Other-relative,White,Male,0,0,40,Mexico,<=50K
37,Self-emp-not-inc,48063,Bachelors,13,Married-civ-spouse,Prof-specialty,Husband,White,Male,0,0,55,United-States,>50K
51,Private,114520,HS-grad,9,Divorced,Sales,Unmarried,White,Male,0,0,16,United-States,<=50K
32,Private,231263,Some-college,10,Married-civ-spouse,Machine-op-inspct,Husband,White,Male,0,0,50,United-States,<=50K
32,Private,117963,HS-grad,9,Married-civ-spouse,Handlers-cleaners,Husband,White,Male,0,0,45,United-States,<=50K
40,Private,203761,11th,7,Married-civ-spouse,Handlers-cleaners,Husband,White,Male,0,0,40,United-States,<=50K
24,Private,403671,Bachelors,13,Never-married,Prof-specialty,Not-in-family,White,Male,0,0,40,United-States,<=50K
32,Private,236861,HS-grad,9,Married-civ-spouse,Machine-op-inspct,Husband,White,Male,0,0,42,United-States,<=50K
47,Private,102771,7th-8th,4,Married-civ-spouse,Handlers-cleaners,Husband,White,Male,0,0,40,Portugal,<=50K
23,Private,430151,11th,7,Never-married,Craft-repair,Unmarried,White,Male,0,0,30,United-States,<=50K
20,State-gov,214542,Some-college,10,Never-married,Prof-specialty,Own-child,White,Male,0,0,40,United-States,<=50K
55,Self-emp-not-inc,100569,HS-grad,9,Separated,Farming-fishing,Unmarried,White,Female,0,0,55,United-States,<=50K
42,Private,26915,Bachelors,13,Married-civ-spouse,Exec-managerial,Husband,White,Male,0,0,40,United-States,>50K
49,Private,121253,HS-grad,9,Divorced,Exec-managerial,Not-in-family,White,Female,0,1564,40,United-States,>50K
63,Private,86108,HS-grad,9,Widowed,Farming-fishing,Not-in-family,White,Male,0,0,6,United-States,<=50K
37,Private,152909,Some-college,10,Married-civ-spouse,Exec-managerial,Husband,White,Male,0,0,60,United-States,<=50K
90,Self-emp-not-inc,83601,Prof-school,15,Widowed,Prof-specialty,Not-in-family,White,Male,1086,0,60,United-States,<=50K
24,Private,182163,11th,7,Never-married,Adm-clerical,Not-in-family,White,Female,0,0,40,Germany,<=50K
35,Private,194490,HS-grad,9,Divorced,Adm-clerical,Unmarried,White,Female,0,0,38,United-States,<=50K
69,Self-emp-inc,169717,Bachelors,13,Married-civ-spouse,Exec-managerial,Husband,White,Male,6418,0,45,United-States,>50K
46,State-gov,192779,Assoc-acdm,12,Divorced,Adm-clerical,Unmarried,White,Male,0,2258,38,United-States,>50K
42,Local-gov,261899,Masters,14,Married-civ-spouse,Prof-specialty,Husband,White,Male,0,0,50,United-States,>50K
25,Self-emp-not-inc,259299,Some-college,10,Married-civ-spouse,Craft-repair,Husband,White,Male,3103,0,50,United-States,>50K
62,Local-gov,106069,7th-8th,4,Married-civ-spouse,Craft-repair,Husband,White,Male,0,0,40,United-States,<=50K
22,Private,227943,Some-college,10,Never-married,Protective-serv,Own-child,White,Male,0,0,40,United-States,<=50K
46,Private,95636,Some-college,10,Divorced,Handlers-cleaners,Not-in-family,White,Male,0,0,45,United-States,<=50K
48,Self-emp-not-inc,175622,Assoc-voc,11,Married-civ-spouse,Craft-repair,Husband,White,Male,0,0,40,United-States,>50K
20,Private,368852,Some-college,10,Never-married,Other-service,Own-child,White,Female,0,0,20,United-States,<=50K
18,Private,182701,HS-grad,9,Never-married,Other-service,Own-child,White,Female,0,0,12,Mexico,<=50K
46,Private,394860,HS-grad,9,Married-civ-spouse,Other-service,Husband,White,Male,0,0,40,United-States,<=50K
20,Private,159297,Some-college,10,Never-married,Adm-clerical,Own-child,Asian-Pac-Islander,Female,0,0,15,United-States,<=50K
55,Private,117299,HS-grad,9,Married-civ-spouse,Craft-repair,Husband,White,Male,7688,0,40,United-States,>50K
62,Private,290754,10th,6,Widowed,Handlers-cleaners,Not-in-family,White,Female,0,0,40,United-States,<=50K
33,Private,236304,Bachelors,13,Married-civ-spouse,Exec-managerial,Husband,Black,Male,0,0,60,United-States,>50K
28,Private,25955,Assoc-voc,11,Divorced,Craft-repair,Not-in-family,Amer-Indian-Eskimo,Male,0,0,40,United-States,<=50K
30,Private,396538,HS-grad,9,Separated,Exec-managerial,Unmarried,White,Female,0,0,29,United-States,<=50K
35,Private,38468,HS-grad,9,Divorced,Other-service,Unmarried,White,Female,0,0,21,United-States,<=50K
23,Private,174413,Bachelors,13,Never-married,Exec-managerial,Not-in-family,White,Female,0,0,40,United-States,<=50K
33,Private,66384,HS-grad,9,Married-civ-spouse,Handlers-cleaners,Husband,White,Male,0,0,38,United-States,<=50K
43,Private,145441,Bachelors,13,Married-civ-spouse,Exec-managerial,Husband,White,Male,0,0,50,United-States,>50K
21,Private,356286,HS-grad,9,Never-married,Other-service,Not-in-family,Black,Male,0,0,40,United-States,<=50K
38,Private,22494,Some-college,10,Divorced,Adm-clerical,Not-in-family,White,Female,7443,0,40,United-States,<=50K
19,Private,206599,Some-college,10,Never-married,Adm-clerical,Own-child,White,Female,0,0,16,United-States,<=50K
51,Private,379797,10th,6,Married-civ-spouse,Machine-op-inspct,Husband,Black,Male,0,0,40,United-States,<=50K
37,Private,150057,HS-grad,9,Married-civ-spouse,Craft-repair,Husband,White,Male,0,0,52,United-States,>50K
29,Private,183111,Assoc-voc,11,Never-married,Transport-moving,Own-child,White,Male,0,0,60,United-States,<=50K
43,State-gov,438427,Some-college,10,Divorced,Adm-clerical,Not-in-family,Black,Female,0,0,40,United-States,<=50K
21,Private,209483,Some-college,10,Never-married,Sales,Own-child,White,Female,0,0,20,United-States,<=50K
50,Local-gov,141875,HS-grad,9,Married-civ-spouse,Transport-moving,Husband,White,Male,0,0,40,United-States,<=50K
28,Local-gov,98590,Some-college,10,Married-civ-spouse,Protective-serv,Husband,White,Male,0,0,40,United-States,>50K
17,Private,146329,12th,8,Never-married,Sales,Own-child,White,Female,0,0,23,United-States,<=50K
37,Self-emp-inc,116554,Masters,14,Divorced,Exec-managerial,Not-in-family,White,Female,0,0,70,United-States,<=50K
35,Private,180131,Bachelors,13,Separated,Sales,Not-in-family,White,Male,0,0,50,United-States,>50K
57,Private,135796,10th,6,Married-civ-spouse,Machine-op-inspct,Husband,Black,Male,0,0,48,United-States,<=50K
50,Private,71417,HS-grad,9,Married-civ-spouse,Craft-repair,Husband,White,Male,3103,0,40,United-States,>50K
39,Private,160120,Some-college,10,Never-married,Machine-op-inspct,Other-relative,Asian-Pac-Islander,Male,0,0,40,Philippines,<=50K
41,Private,206139,HS-grad,9,Married-civ-spouse,Sales,Husband,White,Male,0,0,40,United-States,>50K
35,Local-gov,170682,11th,7,Married-civ-spouse,Prof-specialty,Wife,Black,Female,0,0,32,United-States,<=50K
48,Private,120902,Bachelors,13,Married-civ-spouse,Tech-support,Husband,White,Male,0,0,40,United-States,>50K
60,Private,181953,HS-grad,9,Married-civ-spouse,Transport-moving,Husband,White,Male,0,0,28,United-States,<=50K
28,Self-emp-not-inc,149324,Some-college,10,Married-civ-spouse,Prof-specialty,Husband,White,Male,0,0,7,United-States,<=50K
33,Private,221196,Some-college,10,Married-civ-spouse,Craft-repair,Husband,Black,Male,0,0,40,United-States,<=50K
35,Private,319831,HS-grad,9,Divorced,Craft-repair,Not-in-family,White,Male,0,0,60,United-States,<=50K
40,Private,184857,HS-grad,9,Separated,Machine-op-inspct,Unmarried,White,Male,0,0,40,United-States,<=50K
33,Private,217460,Assoc-acdm,12,Married-civ-spouse,Prof-specialty,Husband,White,Male,0,0,40,United-States,>50K
18,Private,142647,Some-college,10,Never-married,Other-service,Own-child,White,Female,0,0,20,United-States,<=50K
30,Private,213722,HS-grad,9,Never-married,Handlers-cleaners,Own-child,White,Male,0,0,40,United-States,<=50K
38,Private,333651,Bachelors,13,Married-civ-spouse,Prof-specialty,Husband,White,Male,15024,0,70,United-States,>50K
33,Private,221324,Assoc-voc,11,Never-married,Machine-op-inspct,Unmarried,Black,Female,0,0,40,United-States,<=50K
52,Private,101752,Assoc-voc,11,Married-civ-spouse,Transport-moving,Husband,White,Male,0,0,56,United-States,<=50K
22,Private,160120,10th,6,Never-married,Transport-moving,Own-child,Asian-Pac-Islander,Male,0,0,30,United-States,<=50K
23,Private,190483,Bachelors,13,Never-married,Sales,Own-child,White,Female,0,0,20,United-States,<=50K
28,Local-gov,34452,Prof-school,15,Married-civ-spouse,Prof-specialty,Husband,White,Male,0,0,40,United-States,<=50K
38,Private,435638,Some-college,10,Never-married,Craft-repair,Not-in-family,White,Male,0,1876,40,United-States,<=50K
56,Self-emp-inc,105582,Some-college,10,Married-civ-spouse,Exec-managerial,Husband,White,Male,7688,0,50,United-States,>50K
21,Private,151158,Some-college,10,Never-married,Prof-specialty,Not-in-family,White,Female,0,0,25,United-States,<=50K
33,Federal-gov,198827,HS-grad,9,Never-married,Craft-repair,Own-child,White,Male,0,0,40,United-States,<=50K
38,Private,27408,HS-grad,9,Never-married,Farming-fishing,Not-in-family,White,Male,0,0,60,United-States,<=50K
51,Private,142835,11th,7,Married-civ-spouse,Machine-op-inspct,Husband,White,Male,0,0,40,United-States,<=50K
49,Private,357540,HS-grad,9,Married-civ-spouse,Farming-fishing,Husband,White,Male,0,0,25,United-States,<=50K
46,Private,292504,Some-college,10,Married-spouse-absent,Sales,Unmarried,White,Female,0,0,40,United-States,<=50K
41,Private,252058,Bachelors,13,Never-married,Adm-clerical,Not-in-family,White,Male,0,0,40,United-States,<=50K
49,Private,213668,Masters,14,Married-civ-spouse,Sales,Husband,White,Male,0,0,40,United-States,>50K
22,Private,293324,HS-grad,9,Never-married,Exec-managerial,Not-in-family,White,Male,0,0,40,United-States,<=50K
56,Self-emp-inc,258883,Some-college,10,Married-civ-spouse,Craft-repair,Husband,White,Male,0,0,40,United-States,<=50K
37,Private,162164,HS-grad,9,Married-civ-spouse,Craft-repair,Husband,White,Male,0,0,40,United-States,<=50K
28,Self-emp-not-inc,33035,12th,8,Divorced,Other-service,Unmarried,White,Female,0,0,30,United-States,<=50K
24,Private,282604,Some-college,10,Married-civ-spouse,Protective-serv,Other-relative,White,Male,0,0,24,United-States,<=50K
47,Private,241832,9th,5,Married-spouse-absent,Handlers-cleaners,Unmarried,White,Male,0,0,40,El-Salvador,<=50K
17,Private,130795,10th,6,Never-married,Other-service,Own-child,White,Male,0,0,20,United-States,<=50K
47,Self-emp-inc,101926,Bachelors,13,Divorced,Exec-managerial,Not-in-family,White,Male,0,0,70,United-States,>50K
32,Private,128016,HS-grad,9,Married-spouse-absent,Other-service,Unmarried,White,Female,0,0,20,United-States,<=50K
33,Local-gov,352277,Some-college,10,Married-civ-spouse,Adm-clerical,Husband,White,Male,3103,0,45,United-States,>50K
41,Private,82049,HS-grad,9,Married-civ-spouse,Craft-repair,Husband,White,Male,0,0,40,United-States,>50K
31,Federal-gov,139455,Bachelors,13,Never-married,Exec-managerial,Own-child,White,Female,0,0,40,Cuba,<=50K
53,Private,311269,HS-grad,9,Divorced,Other-service,Not-in-family,White,Female,0,0,40,United-States,<=50K
56,Self-emp-inc,170287,Bachelors,13,Married-civ-spouse,Exec-managerial,Husband,White,Male,0,0,40,United-States,<=50K
42,State-gov,121265,Masters,14,Divorced,Prof-specialty,Not-in-family,White,Male,0,0,40,United-States,<=50K
19,Private,210364,11th,7,Never-married,Other-service,Own-child,White,Male,0,0,20,United-States,<=50K
37,Local-gov,215618,Assoc-voc,11,Married-civ-spouse,Protective-serv,Husband,White,Male,0,0,80,United-States,>50K
40,Private,111483,Masters,14,Married-civ-spouse,Exec-managerial,Husband,White,Male,0,0,50,United-States,>50K
54,Private,311551,Some-college,10,Divorced,Exec-managerial,Unmarried,White,Male,0,0,60,United-States,<=50K
36,Private,200360,Some-college,10,Never-married,Craft-repair,Not-in-family,White,Male,0,0,40,United-States,<=50K
47,Private,34458,HS-grad,9,Married-civ-spouse,Farming-fishing,Husband,White,Male,0,0,40,United-States,<=50K
25,Private,262778,Bachelors,13,Never-married,Sales,Not-in-family,White,Female,6849,0,50,United-States,<=50K
25,Private,137951,HS-grad,9,Never-married,Adm-clerical,Unmarried,White,Female,0,0,30,United-States,<=50K
27,Private,41099,Some-college,10,Never-married,Sales,Not-in-family,White,Male,0,0,50,United-States,<=50K
24,Self-emp-not-inc,277700,Some-college,10,Separated,Handlers-cleaners,Own-child,White,Male,0,0,45,United-States,<=50K
50,Private,21095,Some-college,10,Divorced,Other-service,Unmarried,Asian-Pac-Islander,Male,0,0,40,Philippines,<=50K
31,Private,33124,Prof-school,15,Never-married,Prof-specialty,Not-in-family,White,Female,0,0,99,United-States,<=50K
49,Private,235095,11th,7,Married-civ-spouse,Transport-moving,Husband,White,Male,0,0,40,United-States,<=50K
38,Private,80771,Bachelors,13,Married-civ-spouse,Prof-specialty,Wife,White,Female,0,0,40,United-States,>50K
38,Private,208358,Assoc-voc,11,Married-civ-spouse,Sales,Husband,White,Male,0,0,40,United-States,<=50K
33,Private,212918,Some-college,10,Never-married,Tech-support,Not-in-family,White,Male,0,0,70,United-States,<=50K
28,Private,82488,HS-grad,9,Divorced,Tech-support,Own-child,Asian-Pac-Islander,Female,0,0,40,United-States,<=50K
22,Private,296158,10th,6,Married-civ-spouse,Craft-repair,Husband,White,Male,0,0,40,United-States,<=50K
59,Private,195835,7th-8th,4,Divorced,Transport-moving,Not-in-family,White,Male,0,0,40,United-States,<=50K
45,Private,227791,Some-college,10,Married-civ-spouse,Sales,Husband,White,Male,0,1740,50,United-States,<=50K
43,Local-gov,223861,Assoc-voc,11,Divorced,Exec-managerial,Not-in-family,White,Female,0,0,40,United-States,<=50K
31,Private,244665,Some-college,10,Never-married,Exec-managerial,Not-in-family,White,Male,0,0,45,Honduras,<=50K
28,Private,214026,HS-grad,9,Divorced,Sales,Unmarried,White,Female,0,0,35,United-States,<=50K
42,Private,341757,Some-college,10,Never-married,Machine-op-inspct,Not-in-family,White,Female,0,0,40,United-States,<=50K
26,Private,152924,Some-college,10,Married-civ-spouse,Adm-clerical,Wife,White,Female,0,0,40,United-States,<=50K
24,Private,374763,11th,7,Separated,Craft-repair,Not-in-family,White,Male,0,0,40,Mexico,<=50K
45,Private,246392,HS-grad,9,Never-married,Priv-house-serv,Unmarried,Black,Female,0,0,30,United-States,<=50K
31,Private,49325,HS-grad,9,Married-civ-spouse,Machine-op-inspct,Husband,White,Male,0,0,40,United-States,<=50K
17,Private,222618,11th,7,Never-married,Sales,Own-child,Black,Female,0,0,30,United-States,<=50K
26,Private,266062,Some-college,10,Never-married,Exec-managerial,Not-in-family,White,Male,0,0,60,United-States,<=50K
45,Local-gov,334039,Some-college,10,Married-civ-spouse,Exec-managerial,Husband,White,Male,0,0,40,United-States,>50K
26,Private,190040,Bachelors,13,Never-married,Adm-clerical,Own-child,White,Female,0,0,40,United-States,<=50K
44,Private,176063,Bachelors,13,Married-civ-spouse,Exec-managerial,Husband,White,Male,0,0,45,United-States,<=50K
49,Private,178749,Masters,14,Married-spouse-absent,Adm-clerical,Unmarried,White,Female,0,0,40,United-States,<=50K
42,Private,190786,Assoc-voc,11,Married-civ-spouse,Craft-repair,Husband,White,Male,0,0,40,United-States,<=50K
38,Private,33394,HS-grad,9,Married-civ-spouse,Sales,Husband,White,Male,0,0,75,United-States,>50K
43,Private,170214,Some-college,10,Married-civ-spouse,Exec-managerial,Husband,White,Male,0,0,50,United-States,>50K
53,Private,56213,Some-college,10,Married-civ-spouse,Exec-managerial,Husband,White,Male,0,0,45,United-States,>50K
48,Private,250736,HS-grad,9,Married-civ-spouse,Transport-moving,Husband,Black,Male,0,0,99,United-States,<=50K
59,Private,142326,Assoc-voc,11,Divorced,Adm-clerical,Not-in-family,White,Female,0,0,40,United-States,<=50K
24,Private,222993,HS-grad,9,Never-married,Machine-op-inspct,Own-child,White,Male,0,0,40,United-States,<=50K
35,Self-emp-not-inc,348771,11th,7,Married-civ-spouse,Craft-repair,Husband,White,Male,0,0,36,United-States,<=50K
29,Local-gov,152461,Bachelors,13,Never-married,Tech-support,Not-in-family,White,Female,0,0,40,United-States,<=50K
45,Private,189123,HS-grad,9,Never-married,Machine-op-inspct,Own-child,White,Male,0,0,40,United-States,<=50K
20,Private,157332,Some-college,10,Never-married,Adm-clerical,Own-child,White,Female,0,0,25,United-States,<=50K
51,Private,673764,Masters,14,Never-married,Prof-specialty,Not-in-family,White,Male,27828,0,40,United-States,>50K
58,State-gov,110517,Doctorate,16,Married-civ-spouse,Prof-specialty,Husband,Asian-Pac-Islander,Male,4064,0,40,India,<=50K
28,Private,303954,HS-grad,9,Married-civ-spouse,Craft-repair,Husband,White,Male,0,1848,42,United-States,>50K
53,Private,85423,Some-college,10,Married-civ-spouse,Transport-moving,Husband,White,Male,0,0,40,United-States,>50K
29,Private,256956,Assoc-voc,11,Never-married,Machine-op-inspct,Not-in-family,White,Male,0,0,40,United-States,<=50K
21,Private,266467,HS-grad,9,Never-married,Craft-repair,Own-child,White,Male,0,2205,40,United-States,<=50K
29,Private,250967,Assoc-voc,11,Married-civ-spouse,Machine-op-inspct,Husband,White,Male,0,0,40,United-States,<=50K
19,Private,124486,12th,8,Never-married,Other-service,Own-child,White,Male,0,1602,20,United-States,<=50K
29,Private,55390,Assoc-acdm,12,Never-married,Tech-support,Not-in-family,White,Male,0,0,45,United-States,<=50K
57,Private,154368,Bachelors,13,Married-civ-spouse,Exec-managerial,Husband,White,Male,0,0,50,United-States,>50K
41,Private,113597,Some-college,10,Married-civ-spouse,Farming-fishing,Husband,White,Male,0,0,16,United-States,<=50K
17,Local-gov,287160,11th,7,Never-married,Prof-specialty,Own-child,White,Female,0,0,7,United-States,<=50K
31,Private,56510,Some-college,10,Married-civ-spouse,Craft-repair,Husband,Asian-Pac-Islander,Male,0,0,40,United-States,<=50K
42,Self-emp-inc,369781,7th-8th,4,Divorced,Craft-repair,Unmarried,White,Male,0,0,25,United-States,<=50K
58,State-gov,179089,Bachelors,13,Married-civ-spouse,Adm-clerical,Wife,White,Female,0,0,40,United-States,<=50K
44,Self-emp-not-inc,177851,Prof-school,15,Married-civ-spouse,Prof-specialty,Husband,White,Male,0,0,60,United-States,<=50K
31,Private,265706,Bachelors,13,Never-married,Sales,Not-in-family,White,Male,0,0,40,United-States,<=50K
37,Private,213841,Some-college,10,Married-civ-spouse,Craft-repair,Husband,White,Male,0,0,50,United-States,>50K
35,Private,357619,Assoc-voc,11,Married-civ-spouse,Adm-clerical,Wife,White,Female,0,0,40,Germany,<=50K
25,Private,361493,Bachelors,13,Never-married,Sales,Not-in-family,White,Male,3325,0,40,United-States,<=50K
25,Private,220931,Bachelors,13,Never-married,Prof-specialty,Not-in-family,White,Male,0,0,43,Peru,<=50K
28,Private,214689,Bachelors,13,Never-married,Handlers-cleaners,Other-relative,White,Male,0,0,25,United-States,<=50K
53,Local-gov,231196,HS-grad,9,Married-civ-spouse,Adm-clerical,Husband,White,Male,0,0,40,United-States,<=50K
17,Private,244589,11th,7,Never-married,Sales,Own-child,White,Female,0,0,40,United-States,<=50K
36,Self-emp-not-inc,340001,HS-grad,9,Married-civ-spouse,Craft-repair,Husband,White,Male,0,0,40,United-States,<=50K
42,Local-gov,193537,7th-8th,4,Married-spouse-absent,Other-service,Not-in-family,White,Female,0,0,35,Puerto-Rico,<=50K
54,Self-emp-not-inc,52634,Some-college,10,Married-civ-spouse,Sales,Husband,White,Male,0,0,40,United-States,<=50K
44,Private,224658,HS-grad,9,Married-civ-spouse,Craft-repair,Husband,White,Male,0,0,45,United-States,>50K
25,Private,294406,Assoc-voc,11,Never-married,Prof-specialty,Not-in-family,White,Female,0,0,30,United-States,<=50K
38,Private,498785,HS-grad,9,Married-civ-spouse,Handlers-cleaners,Husband,White,Male,0,0,40,United-States,<=50K
23,Private,140798,Bachelors,13,Never-married,Adm-clerical,Not-in-family,White,Female,0,0,40,United-States,<=50K
50,Self-emp-inc,100029,Bachelors,13,Widowed,Sales,Unmarried,White,Male,0,0,65,United-States,>50K
74,Private,68326,Assoc-voc,11,Widowed,Priv-house-serv,Not-in-family,White,Female,0,0,40,United-States,<=50K
65,Private,205309,HS-grad,9,Married-civ-spouse,Farming-fishing,Husband,White,Male,0,0,24,United-States,<=50K
34,Local-gov,303867,9th,5,Never-married,Other-service,Own-child,White,Male,0,0,40,United-States,<=50K
26,Private,172013,HS-grad,9,Never-married,Craft-repair,Own-child,White,Male,0,0,40,United-States,<=50K
45,Private,246431,Bachelors,13,Never-married,Prof-specialty,Not-in-family,White,Male,0,0,30,United-States,<=50K
51,State-gov,226885,HS-grad,9,Never-married,Transport-moving,Not-in-family,White,Male,0,0,40,United-States,<=50K
37,Local-gov,343052,HS-grad,9,Separated,Adm-clerical,Unmarried,White,Female,0,0,40,United-States,<=50K
27,Private,238267,Some-college,10,Never-married,Other-service,Unmarried,White,Female,0,0,10,United-States,<=50K
59,Self-emp-not-inc,181070,HS-grad,9,Married-civ-spouse,Sales,Husband,White,Male,0,0,40,England,>50K
24,Private,432376,Bachelors,13,Never-married,Sales,Other-relative,White,Male,0,0,40,United-States,<=50K
64,Private,30725,HS-grad,9,Married-civ-spouse,Craft-repair,Husband,White,Male,0,0,50,United-States,<=50K
17,Private,79682,10th,6,Never-married,Priv-house-serv,Other-relative,White,Male,0,0,30,United-States,<=50K
42,Self-emp-inc,90693,Bachelors,13,Married-civ-spouse,Exec-managerial,Husband,White,Male,0,0,70,United-States,<=50K
42,State-gov,455553,HS-grad,9,Never-married,Adm-clerical,Unmarried,Black,Female,0,0,40,United-States,<=50K
54,Private,85423,HS-grad,9,Married-civ-spouse,Transport-moving,Husband,White,Male,0,0,40,United-States,>50K
24,Local-gov,117109,Bachelors,13,Never-married,Adm-clerical,Own-child,Black,Female,0,0,27,United-States,<=50K
47,Private,207140,HS-grad,9,Divorced,Adm-clerical,Not-in-family,White,Female,0,0,38,United-States,<=50K
27,Private,210313,HS-grad,9,Never-married,Handlers-cleaners,Other-relative,White,Male,0,0,28,Guatemala,<=50K
56,Self-emp-inc,42298,9th,5,Married-civ-spouse,Exec-managerial,Husband,Black,Male,0,0,40,United-States,<=50K
19,Private,291429,HS-grad,9,Never-married,Other-service,Own-child,White,Female,0,0,25,United-States,<=50K
35,Private,255702,HS-grad,9,Never-married,Other-service,Own-child,White,Female,0,0,27,United-States,<=50K
23,Private,74568,Some-college,10,Never-married,Exec-managerial,Not-in-family,White,Male,0,0,40,United-States,<=50K
29,Private,55390,HS-grad,9,Married-civ-spouse,Craft-repair,Husband,White,Male,0,0,40,United-States,>50K
26,Private,157708,Some-college,10,Never-married,Adm-clerical,Not-in-family,White,Female,0,0,40,United-States,<=50K
58,Private,156493,HS-grad,9,Married-civ-spouse,Machine-op-inspct,Husband,White,Male,0,0,35,United-States,<=50K
40,State-gov,150533,Bachelors,13,Married-civ-spouse,Prof-specialty,Other-relative,White,Male,0,0,40,United-States,<=50K
23,Private,120773,HS-grad,9,Never-married,Adm-clerical,Not-in-family,White,Female,0,0,40,United-States,<=50K
39,Private,375452,Prof-school,15,Married-civ-spouse,Exec-managerial,Wife,White,Female,15024,0,48,United-States,>50K
44,Private,210013,HS-grad,9,Married-civ-spouse,Transport-moving,Husband,White,Male,0,0,40,United-States,>50K
46,Private,165138,Assoc-voc,11,Married-civ-spouse,Craft-repair,Husband,White,Male,0,0,40,United-States,<=50K
24,Self-emp-not-inc,117210,HS-grad,9,Divorced,Craft-repair,Not-in-family,White,Male,0,0,50,United-States,<=50K
47,Private,374580,HS-grad,9,Separated,Sales,Not-in-family,White,Female,0,0,52,United-States,<=50K
45,Self-emp-not-inc,187272,HS-grad,9,Married-civ-spouse,Craft-repair,Husband,Asian-Pac-Islander,Male,0,0,45,South,<=50K
22,Private,60668,Some-college,10,Never-married,Craft-repair,Not-in-family,White,Male,0,0,40,United-States,<=50K
42,Private,332401,Bachelors,13,Never-married,Sales,Not-in-family,White,Male,0,0,40,United-States,<=50K
28,Local-gov,175796,Assoc-acdm,12,Never-married,Adm-clerical,Not-in-family,White,Female,0,0,40,United-States,<=50K
26,Private,45869,Bachelors,13,Never-married,Handlers-cleaners,Own-child,White,Male,0,0,40,United-States,<=50K
64,Private,312242,Some-college,10,Widowed,Exec-managerial,Not-in-family,White,Female,0,0,3,United-States,<=50K
33,Self-emp-not-inc,38223,HS-grad,9,Never-married,Farming-fishing,Own-child,White,Male,0,0,70,United-States,<=50K
55,Private,314592,HS-grad,9,Married-civ-spouse,Craft-repair,Husband,White,Male,0,0,40,United-States,>50K
28,Private,308995,Some-college,10,Never-married,Adm-clerical,Own-child,Black,Female,0,0,40,Jamaica,<=50K
22,Private,83704,Some-college,10,Never-married,Adm-clerical,Own-child,White,Male,0,0,30,United-States,<=50K
39,Self-emp-inc,122742,Assoc-acdm,12,Married-civ-spouse,Exec-managerial,Husband,White,Male,15024,0,55,United-States,>50K
66,Self-emp-not-inc,174995,Assoc-acdm,12,Married-civ-spouse,Craft-repair,Husband,White,Male,2290,0,30,Hungary,<=50K
52,Self-emp-not-inc,146579,HS-grad,9,Divorced,Sales,Unmarried,Black,Male,0,0,40,United-States,<=50K
42,Self-emp-not-inc,184378,Some-college,10,Married-civ-spouse,Prof-specialty,Husband,White,Male,0,0,40,United-States,<=50K
45,Private,117849,11th,7,Married-civ-spouse,Transport-moving,Other-relative,White,Male,0,0,40,United-States,<=50K
41,Private,187795,Some-college,10,Married-civ-spouse,Craft-repair,Husband,White,Male,0,1977,60,United-States,>50K
35,Local-gov,329759,HS-grad,9,Married-civ-spouse,Craft-repair,Husband,White,Male,0,0,40,United-States,<=50K
58,Self-emp-not-inc,359972,Assoc-acdm,12,Married-civ-spouse,Sales,Husband,White,Male,0,0,25,United-States,>50K
34,Private,118901,HS-grad,9,Separated,Machine-op-inspct,Not-in-family,White,Female,0,0,40,United-States,<=50K
38,Private,49020,HS-grad,9,Married-civ-spouse,Craft-repair,Husband,White,Male,0,0,40,United-States,<=50K
43,State-gov,101383,HS-grad,9,Married-civ-spouse,Craft-repair,Husband,White,Male,0,0,40,United-States,>50K
18,Self-emp-inc,101061,11th,7,Never-married,Farming-fishing,Own-child,White,Male,0,0,70,United-States,<=50K
63,Local-gov,150079,HS-grad,9,Married-civ-spouse,Adm-clerical,Wife,White,Female,0,0,35,United-States,>50K
52,Self-emp-not-inc,168553,7th-8th,4,Married-civ-spouse,Transport-moving,Husband,White,Male,0,0,40,United-States,<=50K
26,State-gov,252284,Some-college,10,Married-civ-spouse,Protective-serv,Husband,White,Male,0,0,40,United-States,<=50K
28,Private,287268,Some-college,10,Never-married,Other-service,Not-in-family,White,Male,0,0,35,United-States,<=50K
58,Private,172618,Prof-school,15,Married-civ-spouse,Prof-specialty,Husband,White,Male,0,0,45,United-States,>50K
44,Local-gov,445382,Some-college,10,Married-civ-spouse,Machine-op-inspct,Husband,White,Male,7688,0,40,United-States,>50K
49,Private,227800,7th-8th,4,Married-civ-spouse,Prof-specialty,Husband,White,Male,0,0,32,United-States,<=50K
39,Self-emp-not-inc,41017,10th,6,Married-civ-spouse,Transport-moving,Husband,White,Male,0,0,70,United-States,<=50K
40,Self-emp-inc,92036,Bachelors,13,Married-civ-spouse,Craft-repair,Husband,White,Male,0,0,40,United-States,<=50K
37,Private,187346,5th-6th,3,Never-married,Adm-clerical,Other-relative,White,Female,0,0,40,Mexico,<=50K
35,Private,210945,HS-grad,9,Married-civ-spouse,Tech-support,Husband,White,Male,7298,0,38,United-States,>50K
68,Private,201732,Some-college,10,Divorced,Adm-clerical,Unmarried,White,Female,0,0,40,United-States,<=50K
31,Private,302679,12th,8,Married-civ-spouse,Prof-specialty,Husband,White,Male,0,0,55,United-States,<=50K
63,Self-emp-not-inc,168048,Prof-school,15,Married-civ-spouse,Prof-specialty,Husband,White,Male,0,0,30,United-States,<=50K
29,Private,160731,HS-grad,9,Married-civ-spouse,Craft-repair,Husband,White,Male,0,0,45,United-States,>50K
21,Private,131404,HS-grad,9,Never-married,Other-service,Other-relative,White,Male,0,0,25,United-States,<=50K
37,Private,203079,Bachelors,13,Widowed,Exec-managerial,Not-in-family,White,Female,0,0,55,United-States,<=50K
17,Private,262511,11th,7,Never-married,Sales,Own-child,White,Male,0,0,20,United-States,<=50K
30,Private,159442,HS-grad,9,Never-married,Other-service,Not-in-family,White,Female,0,0,40,Ireland,<=50K
24,Private,311311,Bachelors,13,Never-married,Machine-op-inspct,Not-in-family,White,Male,0,0,65,United-States,<=50K
22,Private,150336,Some-college,10,Divorced,Tech-support,Other-relative,White,Female,0,0,40,United-States,<=50K
26,Private,186168,Bachelors,13,Never-married,Exec-managerial,Own-child,White,Female,0,0,40,United-States,<=50K
63,Private,273010,HS-grad,9,Married-civ-spouse,Adm-clerical,Wife,White,Female,3471,0,40,United-States,<=50K
28,Private,109494,Some-college,10,Married-civ-spouse,Adm-clerical,Husband,White,Male,0,1485,40,United-States,<=50K
25,Private,73839,11th,7,Divorced,Sales,Own-child,White,Female,0,0,40,United-States,<=50K
35,Private,172186,Some-college,10,Never-married,Craft-repair,Own-child,White,Male,0,0,40,United-States,<=50K
36,Private,353263,Bachelors,13,Never-married,Prof-specialty,Not-in-family,White,Female,0,0,45,United-States,>50K
23,Federal-gov,41432,Bachelors,13,Never-married,Prof-specialty,Not-in-family,White,Female,0,0,15,United-States,<=50K
27,Private,207418,Bachelors,13,Never-married,Prof-specialty,Not-in-family,White,Female,0,0,50,United-States,<=50K
34,Federal-gov,153614,Assoc-acdm,12,Married-civ-spouse,Adm-clerical,Husband,White,Male,0,0,40,United-States,<=50K
28,Private,118089,HS-grad,9,Married-civ-spouse,Exec-managerial,Husband,White,Male,4386,0,45,United-States,>50K
32,State-gov,33945,Bachelors,13,Married-civ-spouse,Farming-fishing,Husband,White,Male,0,0,40,United-States,>50K
51,Local-gov,125796,11th,7,Never-married,Farming-fishing,Not-in-family,Black,Female,0,0,40,United-States,<=50K
24,Private,199005,HS-grad,9,Never-married,Other-service,Own-child,White,Male,0,0,25,United-States,<=50K
29,Self-emp-not-inc,181466,HS-grad,9,Married-civ-spouse,Sales,Husband,White,Male,0,0,35,United-States,<=50K
40,Local-gov,244522,Masters,14,Married-civ-spouse,Prof-specialty,Husband,White,Male,0,1902,48,United-States,>50K
48,State-gov,224752,HS-grad,9,Married-civ-spouse,Adm-clerical,Wife,White,Female,0,0,40,United-States,>50K
43,Private,215624,Some-college,10,Married-civ-spouse,Handlers-cleaners,Husband,Asian-Pac-Islander,Male,0,0,40,Vietnam,<=50K
21,Private,249150,HS-grad,9,Never-married,Sales,Own-child,White,Female,0,0,24,United-States,<=50K
59,Private,66356,7th-8th,4,Never-married,Farming-fishing,Unmarried,White,Male,4865,0,40,United-States,<=50K
38,Federal-gov,172571,Some-college,10,Divorced,Adm-clerical,Not-in-family,White,Male,0,0,40,United-States,>50K
39,Private,271521,Bachelors,13,Married-civ-spouse,Prof-specialty,Husband,Asian-Pac-Islander,Male,0,0,48,Philippines,>50K
